Date,mean_sentiment,article_count,weighted_sentiment,daily_sentiment,weighted_sentiment_rolling_z_score
2009-10-19 00:00:00+00:00,-1.0,1,-0.6931471805599453,negative,0.0
2009-11-05 00:00:00+00:00,-1.0,2,-1.0986122886681098,negative,-0.7071067811865477
2009-11-08 00:00:00+00:00,-1.0,2,-1.0986122886681098,negative,-0.5773502691896257
2010-01-25 00:00:00+00:00,-1.0,2,-1.0986122886681098,negative,-0.5000000000000001
2010-02-22 00:00:00+00:00,-1.0,1,-0.6931471805599453,negative,1.0954451150103321
2010-02-24 00:00:00+00:00,-1.0,1,-0.6931471805599453,negative,0.9128709291752771
2010-03-03 00:00:00+00:00,-1.0,4,-1.6094379124341003,negative,-1.8127513445095345
2010-03-22 00:00:00+00:00,-1.0,2,-1.0986122886681098,negative,-0.2805246187154465
2010-04-08 00:00:00+00:00,-1.0,2,-1.0986122886681098,negative,-0.26524992641661266
2010-04-14 00:00:00+00:00,-1.0,1,-0.6931471805599453,negative,0.9903498127987933
2010-05-04 00:00:00+00:00,0.0,1,0.0,negative,2.1891865596298294
2010-06-03 00:00:00+00:00,0.0,1,0.0,negative,1.754334821176533
2013-10-09 00:00:00+00:00,-1.0,2,-1.0986122886681098,negative,-0.55859689049574
2013-10-14 00:00:00+00:00,-1.0,2,-1.0986122886681098,negative,-0.5334750505024457
2013-10-17 00:00:00+00:00,1.0,2,1.0986122886681098,positive,2.7637090941184765
2013-10-18 00:00:00+00:00,1.0,2,1.0986122886681098,positive,2.181444367933378
2015-02-27 00:00:00+00:00,1.0,1,0.6931471805599453,positive,1.4944643409219291
2015-07-28 00:00:00+00:00,0.3333333333333333,3,0.46209812037329684,positive,1.1339752176224471
2015-08-03 00:00:00+00:00,1.0,1,0.6931471805599453,positive,1.3048161220206442
2015-08-04 00:00:00+00:00,-1.0,1,-0.6931471805599453,negative,-0.30819727221093585
2015-08-05 00:00:00+00:00,-1.0,1,-0.6931471805599453,negative,-0.30043205262226735
2015-08-06 00:00:00+00:00,-1.0,1,-0.6931471805599453,negative,-0.2932270983825873
2015-08-07 00:00:00+00:00,-1.0,1,-0.6931471805599453,negative,-0.2865179747193521
2015-08-10 00:00:00+00:00,-0.6666666666666666,3,-0.9241962407465937,negative,-0.5666643727668941
2015-08-11 00:00:00+00:00,1.0,2,1.0986122886681098,positive,1.865070174100571
2015-08-12 00:00:00+00:00,1.0,1,0.6931471805599453,positive,1.2954908502813818
2015-08-13 00:00:00+00:00,0.0,4,0.0,negative,0.45017705722475665
2015-08-14 00:00:00+00:00,-1.0,2,-1.0986122886681098,negative,-0.8660775921075176
2015-08-17 00:00:00+00:00,0.0,1,0.0,negative,0.4740726810448554
2015-08-19 00:00:00+00:00,1.0,1,0.6931471805599453,positive,1.277414346883123
2015-08-27 00:00:00+00:00,1.0,1,0.6931471805599453,positive,1.2244449923665497
2015-08-31 00:00:00+00:00,1.0,1,0.6931471805599453,positive,1.1776191342942006
2015-09-02 00:00:00+00:00,1.0,1,0.6931471805599453,positive,1.1358314630612598
2015-09-03 00:00:00+00:00,1.0,1,0.6931471805599453,positive,1.0982365683410866
2015-09-04 00:00:00+00:00,-0.3333333333333333,6,-0.648636716351771,negative,-0.5020698133825025
2015-09-10 00:00:00+00:00,-1.0,4,-1.6094379124341003,negative,-1.582973213053342
2015-09-14 00:00:00+00:00,-1.0,1,-0.6931471805599453,negative,-0.4895065538081659
2015-09-15 00:00:00+00:00,0.0,1,0.0,negative,0.335300153352666
2015-09-21 00:00:00+00:00,1.0,1,0.6931471805599453,positive,1.1398433247967532
2015-09-22 00:00:00+00:00,1.0,1,0.6931471805599453,positive,1.1075657973065418
2015-09-23 00:00:00+00:00,-1.0,1,-0.6931471805599453,negative,-0.5500221309810067
2015-09-24 00:00:00+00:00,1.0,3,1.3862943611198906,positive,1.862249834260259
2015-09-28 00:00:00+00:00,-1.0,2,-1.0986122886681098,negative,-1.0278245916770066
2015-09-30 00:00:00+00:00,-1.0,1,-0.6931471805599453,negative,-0.5444591565750648
2015-10-01 00:00:00+00:00,-1.0,1,-0.6931471805599453,negative,-0.5367088727343419
2015-10-02 00:00:00+00:00,0.0,2,0.0,negative,0.28581351453597076
2015-10-05 00:00:00+00:00,-1.0,2,-1.0986122886681098,negative,-1.0141034948840102
2015-10-07 00:00:00+00:00,0.0,2,0.0,negative,0.3042384560524441
2015-10-08 00:00:00+00:00,-1.0,1,-0.6931471805599453,negative,-0.53089360299073
2015-10-13 00:00:00+00:00,-1.0,2,-1.0986122886681098,negative,-1.006333275879312
2015-10-14 00:00:00+00:00,-1.0,2,-1.0986122886681098,negative,-0.9866718036866906
2015-10-19 00:00:00+00:00,-1.0,1,-0.6931471805599453,negative,-0.48468682540022767
2015-10-20 00:00:00+00:00,-1.0,1,-0.6931471805599453,negative,-0.4790999338753286
2015-10-23 00:00:00+00:00,-1.0,1,-0.6931471805599453,negative,-0.47370257087419015
2015-11-02 00:00:00+00:00,-0.3333333333333333,3,-0.46209812037329684,negative,-0.18284439601719318
2015-11-05 00:00:00+00:00,-0.3333333333333333,3,-0.46209812037329684,negative,-0.1811793861071515
2015-11-09 00:00:00+00:00,1.0,1,0.6931471805599453,positive,1.260876388324474
2015-11-10 00:00:00+00:00,0.0,4,0.0,negative,0.3790038466230761
2015-11-11 00:00:00+00:00,1.0,1,0.6931471805599453,positive,1.2363212542339472
2015-11-12 00:00:00+00:00,0.0,1,0.0,negative,0.3525335375772336
2015-11-16 00:00:00+00:00,-1.0,1,-0.6931471805599453,negative,-0.5345551586212821
2015-11-17 00:00:00+00:00,1.0,1,0.6931471805599453,positive,1.1979650496753744
2015-11-18 00:00:00+00:00,-1.0,1,-0.6931471805599453,negative,-0.5840459563167746
2015-11-20 00:00:00+00:00,-1.0,2,-1.0986122886681098,negative,-1.10530152189247
2015-11-23 00:00:00+00:00,-1.0,1,-0.6931471805599453,negative,-0.5840459563167746
2015-11-24 00:00:00+00:00,-1.0,4,-1.6094379124341003,negative,-1.7032655781313393
2015-11-30 00:00:00+00:00,-1.0,2,-1.0986122886681098,negative,-1.0885620272229384
2015-12-02 00:00:00+00:00,-1.0,1,-0.6931471805599453,negative,-0.5840459563167746
2015-12-03 00:00:00+00:00,-1.0,4,-1.6094379124341003,negative,-1.723871706529187
2015-12-04 00:00:00+00:00,-1.0,1,-0.6931471805599453,negative,-0.5642022253892808
2015-12-07 00:00:00+00:00,0.0,2,0.0,negative,0.3130538716896747
2015-12-10 00:00:00+00:00,-1.0,2,-1.0986122886681098,negative,-1.0451031717766912
2015-12-11 00:00:00+00:00,-1.0,1,-0.6931471805599453,negative,-0.5486174300210322
2015-12-15 00:00:00+00:00,-1.0,1,-0.6931471805599453,negative,-0.5611104302780208
2015-12-18 00:00:00+00:00,-1.0,1,-0.6931471805599453,negative,-0.5356326102005114
2015-12-24 00:00:00+00:00,-1.0,1,-0.6931471805599453,negative,-0.5100374009422353
2015-12-30 00:00:00+00:00,-1.0,2,-1.0986122886681098,negative,-1.0193850984019277
2016-01-07 00:00:00+00:00,1.0,2,1.0986122886681098,positive,1.884866434462235
2016-01-08 00:00:00+00:00,0.3333333333333333,3,0.46209812037329684,positive,1.0573827892990153
2016-01-10 00:00:00+00:00,1.0,1,0.6931471805599453,positive,1.3157564804668074
2016-01-12 00:00:00+00:00,0.5,4,0.8047189562170501,positive,1.407553284180802
2016-01-13 00:00:00+00:00,-1.0,1,-0.6931471805599453,negative,-0.5238063311330907
2016-01-15 00:00:00+00:00,-1.0,2,-1.0986122886681098,negative,-1.0307946655859836
2016-01-20 00:00:00+00:00,1.0,1,0.6931471805599453,positive,1.220173814822238
2016-01-22 00:00:00+00:00,-1.0,2,-1.0986122886681098,negative,-1.0287623202586074
2016-01-26 00:00:00+00:00,1.0,1,0.6931471805599453,positive,1.2890288441657565
2016-01-27 00:00:00+00:00,0.0,1,0.0,negative,0.39238482562477434
2016-01-28 00:00:00+00:00,0.3333333333333333,3,0.46209812037329684,positive,0.9576838037626886
2016-02-01 00:00:00+00:00,-1.0,2,-1.0986122886681098,negative,-1.0315770928929746
2016-02-03 00:00:00+00:00,1.0,2,1.0986122886681098,positive,1.7589309708467273
2016-02-05 00:00:00+00:00,-1.0,1,-0.6931471805599453,negative,-0.4887908111694297
2016-02-12 00:00:00+00:00,1.0,1,0.6931471805599453,positive,1.2889140914961008
2016-02-16 00:00:00+00:00,0.5,2,0.5493061443340549,positive,1.1117071041881437
2016-02-17 00:00:00+00:00,-0.3333333333333333,3,-0.46209812037329684,negative,-0.16777223382668016
2016-02-18 00:00:00+00:00,0.0,4,0.0,negative,0.4215465734343511
2016-02-19 00:00:00+00:00,-1.0,2,-1.0986122886681098,negative,-1.0402014926230405
2016-02-23 00:00:00+00:00,0.0,2,0.0,negative,0.40184545396006294
2016-02-24 00:00:00+00:00,-1.0,3,-1.3862943611198906,negative,-1.385962794621807
2016-02-25 00:00:00+00:00,0.0,4,0.0,negative,0.44711161531511234
2016-02-26 00:00:00+00:00,-0.25,4,-0.40235947810852507,negative,-0.06288997627774777
2016-02-27 00:00:00+00:00,-1.0,1,-0.6931471805599453,negative,-0.45455539134351364
2016-02-29 00:00:00+00:00,-0.3333333333333333,6,-0.648636716351771,negative,-0.366331707545272
2016-03-01 00:00:00+00:00,-0.6666666666666666,6,-1.297273432703542,negative,-1.2720058017933524
2016-03-02 00:00:00+00:00,0.0,4,0.0,negative,0.5358506515282495
2016-03-05 00:00:00+00:00,-1.0,2,-1.0986122886681098,negative,-0.9915393921491986
2016-03-07 00:00:00+00:00,-1.0,3,-1.3862943611198906,negative,-1.3428485972659208
2016-03-08 00:00:00+00:00,-1.0,1,-0.6931471805599453,negative,-0.4001385930350214
2016-03-10 00:00:00+00:00,-1.0,2,-1.0986122886681098,negative,-0.9322203425766113
2016-03-14 00:00:00+00:00,-1.0,1,-0.6931471805599453,negative,-0.3729546839627307
2016-03-15 00:00:00+00:00,-1.0,2,-1.0986122886681098,negative,-0.9322203425766113
2016-03-16 00:00:00+00:00,-0.42857142857142855,7,-0.891189232148501,negative,-0.6533990267819731
2016-03-17 00:00:00+00:00,1.0,1,0.6931471805599453,positive,1.4813854123452073
2016-03-18 00:00:00+00:00,-1.0,4,-1.6094379124341003,negative,-1.5952245999651828
2016-03-19 00:00:00+00:00,0.3333333333333333,3,0.46209812037329684,positive,1.1264608415121051
2016-03-21 00:00:00+00:00,-0.3333333333333333,6,-0.648636716351771,negative,-0.33371591138247775
2016-03-26 00:00:00+00:00,-1.0,3,-1.3862943611198906,negative,-1.2673766322476825
2016-03-28 00:00:00+00:00,0.0,2,0.0,negative,0.5570790817207936
2016-03-29 00:00:00+00:00,0.25,4,0.40235947810852507,positive,1.0711810101107797
2016-03-30 00:00:00+00:00,-1.0,2,-1.0986122886681098,negative,-0.8657509946022749
2016-03-31 00:00:00+00:00,-1.0,2,-1.0986122886681098,negative,-0.8388866332829377
2016-04-04 00:00:00+00:00,0.0,1,0.0,negative,0.5961445417928196
2016-04-05 00:00:00+00:00,-0.75,4,-1.2070784343255752,negative,-0.9649181197448365
2016-04-06 00:00:00+00:00,-1.0,1,-0.6931471805599453,negative,-0.2792293590497571
2016-04-08 00:00:00+00:00,-0.3333333333333333,3,-0.46209812037329684,negative,0.014970082136306207
2016-04-11 00:00:00+00:00,-1.0,1,-0.6931471805599453,negative,-0.2950986761291249
2016-04-12 00:00:00+00:00,-1.0,3,-1.3862943611198906,negative,-1.2389891706366651
2016-04-13 00:00:00+00:00,-0.5,4,-0.8047189562170501,negative,-0.4616576197555413
2016-04-14 00:00:00+00:00,0.0,1,0.0,negative,0.6135641066697352
2016-04-16 00:00:00+00:00,-1.0,1,-0.6931471805599453,negative,-0.3529421023676164
2016-04-19 00:00:00+00:00,-1.0,1,-0.6931471805599453,negative,-0.35294210236761636
2016-04-21 00:00:00+00:00,-1.0,1,-0.6931471805599453,negative,-0.337709731031322
2016-04-22 00:00:00+00:00,-0.8,5,-1.433407575382444,negative,-1.3435993434829552
2016-04-25 00:00:00+00:00,-1.0,1,-0.6931471805599453,negative,-0.3270937945287595
2016-05-03 00:00:00+00:00,0.0,3,0.0,negative,0.6074745868760283
2016-05-04 00:00:00+00:00,-1.0,2,-1.0986122886681098,negative,-0.8833318205454748
2016-05-05 00:00:00+00:00,1.0,3,1.3862943611198906,positive,2.338097046468297
2016-05-06 00:00:00+00:00,0.3333333333333333,3,0.46209812037329684,positive,1.1009320714817707
2016-05-07 00:00:00+00:00,-1.0,1,-0.6931471805599453,negative,-0.36541786179759156
2016-05-09 00:00:00+00:00,1.0,2,1.0986122886681098,positive,1.9670589551791762
2016-05-10 00:00:00+00:00,-1.0,2,-1.0986122886681098,negative,-0.8713206157958467
2016-05-11 00:00:00+00:00,1.0,2,1.0986122886681098,positive,1.9989442460237876
2016-05-16 00:00:00+00:00,-0.45454545454545453,11,-1.1295030226309093,negative,-0.8928982791011795
2016-05-17 00:00:00+00:00,0.5,4,0.8047189562170501,positive,1.5510596048430614
2016-05-20 00:00:00+00:00,1.0,1,0.6931471805599453,positive,1.4085068873150566
2016-05-23 00:00:00+00:00,-0.25,4,-0.40235947810852507,negative,-0.006064146136840498
2016-05-24 00:00:00+00:00,-1.0,2,-1.0986122886681098,negative,-0.8724944112311408
2016-05-25 00:00:00+00:00,-0.6666666666666666,3,-0.9241962407465937,negative,-0.6252677700798099
2016-05-26 00:00:00+00:00,-1.0,1,-0.6931471805599453,negative,-0.30348241694142275
2016-06-01 00:00:00+00:00,1.0,1,0.6931471805599453,positive,1.4601070666459286
2016-06-02 00:00:00+00:00,-1.0,2,-1.0986122886681098,negative,-0.841030675751378
2016-06-03 00:00:00+00:00,-1.0,2,-1.0986122886681098,negative,-0.827717723769925
2016-06-08 00:00:00+00:00,0.25,8,0.5493061443340549,positive,1.3716307936439862
2016-06-09 00:00:00+00:00,-1.0,1,-0.6931471805599453,negative,-0.26364107078863475
2016-06-16 00:00:00+00:00,1.0,1,0.6931471805599453,positive,1.5571151196546416
2016-06-20 00:00:00+00:00,-1.0,1,-0.6931471805599453,negative,-0.26907961011760717
2016-06-21 00:00:00+00:00,1.0,2,1.0986122886681098,positive,2.0064711257193237
2016-06-22 00:00:00+00:00,-1.0,4,-1.6094379124341003,negative,-1.4356440827731263
2016-06-24 00:00:00+00:00,1.0,2,1.0986122886681098,positive,1.9168484274507884
2016-06-27 00:00:00+00:00,-1.0,4,-1.6094379124341003,negative,-1.4030523824029941
2016-06-29 00:00:00+00:00,-1.0,1,-0.6931471805599453,negative,-0.27192597518642825
2016-06-30 00:00:00+00:00,-0.5,2,-0.5493061443340549,negative,-0.09841803139835664
2016-07-01 00:00:00+00:00,-1.0,2,-1.0986122886681098,negative,-0.7601317510300959
2016-07-05 00:00:00+00:00,-1.0,1,-0.6931471805599453,negative,-0.27914605533226766
2016-07-06 00:00:00+00:00,1.0,1,0.6931471805599453,positive,1.3946626549796464
2016-07-07 00:00:00+00:00,-1.0,1,-0.6931471805599453,negative,-0.2988017294184401
2016-07-12 00:00:00+00:00,-1.0,2,-1.0986122886681098,negative,-0.804060304728975
2016-07-15 00:00:00+00:00,-1.0,1,-0.6931471805599453,negative,-0.30642939393226704
2016-07-18 00:00:00+00:00,-1.0,1,-0.6931471805599453,negative,-0.31621874514318227
2016-07-19 00:00:00+00:00,1.0,1,0.6931471805599453,positive,1.344514240239861
2016-07-20 00:00:00+00:00,-1.0,2,-1.0986122886681098,negative,-0.8321592723339437
2016-07-22 00:00:00+00:00,-1.0,1,-0.6931471805599453,negative,-0.34424904040095616
2016-07-25 00:00:00+00:00,-1.0,3,-1.3862943611198906,negative,-1.1505897008128398
2016-07-26 00:00:00+00:00,-1.0,2,-1.0986122886681098,negative,-0.8190960381376058
2016-07-27 00:00:00+00:00,0.0,2,0.0,negative,0.5538943097482556
2016-08-01 00:00:00+00:00,0.3333333333333333,3,0.46209812037329684,positive,1.0961711886781544
2016-08-03 00:00:00+00:00,-1.0,4,-1.6094379124341003,negative,-1.4482366187161106
2016-08-04 00:00:00+00:00,-0.5,4,-0.8047189562170501,negative,-0.44450301120081653
2016-08-08 00:00:00+00:00,1.0,1,0.6931471805599453,positive,1.3789662648633574
2016-08-09 00:00:00+00:00,-1.0,1,-0.6931471805599453,negative,-0.32091243784960455
2016-08-10 00:00:00+00:00,0.5,2,0.5493061443340549,positive,1.1604670205792738
2016-08-11 00:00:00+00:00,1.0,1,0.6931471805599453,positive,1.3047402366110554
2016-08-14 00:00:00+00:00,-1.0,2,-1.0986122886681098,negative,-0.8532078858971801
2016-08-15 00:00:00+00:00,-1.0,1,-0.6931471805599453,negative,-0.36476985250267985
2016-08-16 00:00:00+00:00,0.0,2,0.0,negative,0.46013061300104274
2016-08-17 00:00:00+00:00,0.0,4,0.0,negative,0.4460091744592538
2016-08-18 00:00:00+00:00,1.0,2,1.0986122886681098,positive,1.695476635710692
2016-08-19 00:00:00+00:00,1.0,2,1.0986122886681098,positive,1.6241505802006984
2016-08-25 00:00:00+00:00,-1.0,1,-0.6931471805599453,negative,-0.4458599988858615
2016-08-26 00:00:00+00:00,1.0,1,0.6931471805599453,positive,1.1277860945365628
2016-08-31 00:00:00+00:00,1.0,2,1.0986122886681098,positive,1.5312733740099138
2016-09-06 00:00:00+00:00,1.0,3,1.3862943611198906,positive,1.7710949487488152
2016-09-07 00:00:00+00:00,-1.0,2,-1.0986122886681098,negative,-0.9787781664057964
2016-09-08 00:00:00+00:00,-1.0,1,-0.6931471805599453,negative,-0.5289831105659734
2016-09-09 00:00:00+00:00,-1.0,1,-0.6931471805599453,negative,-0.515241038252734
2016-09-12 00:00:00+00:00,0.0,4,0.0,negative,0.2338043839232574
2016-09-13 00:00:00+00:00,-0.3333333333333333,3,-0.46209812037329684,negative,-0.2543378704745551
2016-09-14 00:00:00+00:00,0.0,4,0.0,negative,0.28590387323893873
2016-09-15 00:00:00+00:00,1.0,1,0.6931471805599453,positive,1.050475407704985
2016-09-19 00:00:00+00:00,-1.0,2,-1.0986122886681098,negative,-0.9693110681630897
2016-09-22 00:00:00+00:00,1.0,1,0.6931471805599453,positive,1.0690760543857762
2016-09-23 00:00:00+00:00,-0.3333333333333333,3,-0.46209812037329684,negative,-0.2411040303203146
2016-09-26 00:00:00+00:00,-1.0,1,-0.6931471805599453,negative,-0.5258111984103914
2016-09-27 00:00:00+00:00,-1.0,2,-1.0986122886681098,negative,-0.9750237635357698
2016-09-28 00:00:00+00:00,1.0,2,1.0986122886681098,positive,1.6223146160929829
2016-09-30 00:00:00+00:00,0.0,3,0.0,negative,0.31704219061356526
2016-10-03 00:00:00+00:00,1.0,1,0.6931471805599453,positive,1.0972956913845868
2016-10-04 00:00:00+00:00,0.3333333333333333,6,0.648636716351771,positive,1.010746819686566
2016-10-05 00:00:00+00:00,1.0,2,1.0986122886681098,positive,1.4792081338146557
2016-10-07 00:00:00+00:00,-1.0,3,-1.3862943611198906,negative,-1.3401548862236639
2016-10-10 00:00:00+00:00,1.0,2,1.0986122886681098,positive,1.4527917913811976
2016-10-11 00:00:00+00:00,1.0,1,0.6931471805599453,positive,0.9598561690136062
2016-10-25 00:00:00+00:00,-1.0,3,-1.3862943611198906,negative,-1.3537536674760964
2016-10-26 00:00:00+00:00,-1.0,1,-0.6931471805599453,negative,-0.573809634438708
2016-10-27 00:00:00+00:00,-1.0,1,-0.6931471805599453,negative,-0.5510131634421785
2016-10-28 00:00:00+00:00,-1.0,1,-0.6931471805599453,negative,-0.5510131634421785
2016-10-31 00:00:00+00:00,-1.0,1,-0.6931471805599453,negative,-0.525961984282991
2016-11-03 00:00:00+00:00,-0.6666666666666666,3,-0.9241962407465937,negative,-0.8181810238927971
2016-11-04 00:00:00+00:00,-1.0,1,-0.6931471805599453,negative,-0.5226805483605133
2016-11-07 00:00:00+00:00,1.0,1,0.6931471805599453,positive,1.0974806154842471
2016-11-08 00:00:00+00:00,-1.0,1,-0.6931471805599453,negative,-0.5755712035185596
2016-11-09 00:00:00+00:00,-1.0,2,-1.0986122886681098,negative,-1.0453434893563183
2016-11-10 00:00:00+00:00,-1.0,1,-0.6931471805599453,negative,-0.5718585811692325
2016-11-11 00:00:00+00:00,0.5,2,0.5493061443340549,positive,0.896765976077888
2016-11-15 00:00:00+00:00,0.5555555555555556,9,1.2792139405522478,positive,1.7320489029919757
2016-11-18 00:00:00+00:00,0.6666666666666666,3,0.9241962407465937,positive,1.2672061068248697
2016-11-22 00:00:00+00:00,-1.0,2,-1.0986122886681098,negative,-1.0944472396830056
2016-11-29 00:00:00+00:00,-1.0,2,-1.0986122886681098,negative,-1.0791896175479008
2016-12-12 00:00:00+00:00,0.0,1,0.0,negative,0.1818904218448297
2016-12-13 00:00:00+00:00,-0.3333333333333333,3,-0.46209812037329684,negative,-0.33564396907305827
2016-12-14 00:00:00+00:00,-1.0,1,-0.6931471805599453,negative,-0.6185337070849101
2016-12-19 00:00:00+00:00,1.0,1,0.6931471805599453,positive,0.9847585743553379
2016-12-20 00:00:00+00:00,-1.0,2,-1.0986122886681098,negative,-1.1324582718210345
2016-12-21 00:00:00+00:00,0.0,2,0.0,negative,0.1466891977050178
2016-12-22 00:00:00+00:00,0.0,1,0.0,negative,0.1466891977050178
2016-12-23 00:00:00+00:00,0.0,1,0.0,negative,0.15652561060118192
2016-12-25 00:00:00+00:00,-1.0,2,-1.0986122886681098,negative,-1.1909294082405917
2016-12-28 00:00:00+00:00,1.0,2,1.0986122886681098,positive,1.4321789336128592
2016-12-29 00:00:00+00:00,-1.0,1,-0.6931471805599453,negative,-0.7010671086595103
2017-01-03 00:00:00+00:00,1.0,4,1.6094379124341003,positive,1.9750184261263504
2017-01-04 00:00:00+00:00,0.0,1,0.0,negative,0.09898858854781749
2017-01-06 00:00:00+00:00,-1.0,1,-0.6931471805599453,negative,-0.6924452550986286
2017-01-12 00:00:00+00:00,-1.0,2,-1.0986122886681098,negative,-1.1715560370709128
2017-01-16 00:00:00+00:00,-1.0,2,-1.0986122886681098,negative,-1.1549001825443697
2017-01-17 00:00:00+00:00,0.0,2,0.0,negative,0.1335823166778287
2017-01-18 00:00:00+00:00,-0.5,2,-0.5493061443340549,negative,-0.49892467942958907
2017-01-19 00:00:00+00:00,0.0,3,0.0,negative,0.16841779818464275
2017-01-23 00:00:00+00:00,-0.5,2,-0.5493061443340549,negative,-0.4612218451611185
2017-01-24 00:00:00+00:00,1.0,1,0.6931471805599453,positive,1.0114159737830584
2017-01-26 00:00:00+00:00,-1.0,1,-0.6931471805599453,negative,-0.6355884453167112
2017-01-27 00:00:00+00:00,-0.6666666666666666,3,-0.9241962407465937,negative,-0.8870831665560802
2017-01-30 00:00:00+00:00,0.0,1,0.0,negative,0.2867633967682975
2017-02-01 00:00:00+00:00,-1.0,1,-0.6931471805599453,negative,-0.6072691266313351
2017-02-03 00:00:00+00:00,-1.0,1,-0.6931471805599453,negative,-0.6072691266313351
2017-02-06 00:00:00+00:00,-1.0,1,-0.6931471805599453,negative,-0.6072691266313351
2017-02-08 00:00:00+00:00,1.0,1,0.6931471805599453,positive,1.1408009267730606
2017-02-09 00:00:00+00:00,-1.0,3,-1.3862943611198906,negative,-1.4484806013270588
2017-02-10 00:00:00+00:00,-0.6,5,-1.0750556815368328,negative,-1.029866235819841
2017-02-12 00:00:00+00:00,-1.0,1,-0.6931471805599453,negative,-0.5348237987804693
2017-02-13 00:00:00+00:00,-1.0,2,-1.0986122886681098,negative,-1.039854071223174
2017-02-14 00:00:00+00:00,0.0,2,0.0,negative,0.3468373363425957
2017-02-15 00:00:00+00:00,-0.25,4,-0.40235947810852507,negative,-0.16134422141094884
2017-02-16 00:00:00+00:00,-0.6666666666666666,3,-0.9241962407465937,negative,-0.8113784493827371
2017-02-17 00:00:00+00:00,0.6666666666666666,3,0.9241962407465937,positive,1.4541440619805361
2017-02-18 00:00:00+00:00,1.0,1,0.6931471805599453,positive,1.1896264042094424
2017-02-20 00:00:00+00:00,0.0,1,0.0,negative,0.3164583060045574
2017-02-21 00:00:00+00:00,0.0,1,0.0,negative,0.33479981490972494
2017-02-22 00:00:00+00:00,-1.0,2,-1.0986122886681098,negative,-1.0304716638046234
2017-02-23 00:00:00+00:00,-0.5,2,-0.5493061443340549,negative,-0.30182144342051126
2017-02-27 00:00:00+00:00,-0.38461538461538464,13,-1.0150220498520226,negative,-0.9301719901077017
2017-02-28 00:00:00+00:00,-0.5,8,-1.0986122886681098,negative,-1.0146650874641012
2017-03-01 00:00:00+00:00,-0.5,4,-0.8047189562170501,negative,-0.5911167434332171
2017-03-02 00:00:00+00:00,-1.0,1,-0.6931471805599453,negative,-0.46052209306745323
2017-03-06 00:00:00+00:00,1.0,1,0.6931471805599453,positive,1.4194603889436948
2017-03-07 00:00:00+00:00,-1.0,2,-1.0986122886681098,negative,-1.0254469157411672
2017-03-10 00:00:00+00:00,-0.6666666666666666,3,-0.9241962407465937,negative,-0.7796723104477699
2017-03-13 00:00:00+00:00,-1.0,1,-0.6931471805599453,negative,-0.46555893318634023
2017-03-14 00:00:00+00:00,-1.0,1,-0.6931471805599453,negative,-0.47236916371330395
2017-03-15 00:00:00+00:00,-1.0,4,-1.6094379124341003,negative,-1.66353935302748
2017-03-16 00:00:00+00:00,-1.0,1,-0.6931471805599453,negative,-0.4172401230051027
2017-03-17 00:00:00+00:00,-1.0,1,-0.6931471805599453,negative,-0.4172401230051026
2017-03-20 00:00:00+00:00,-1.0,5,-1.791759469228055,negative,-1.8486625313371168
2017-03-21 00:00:00+00:00,-1.0,2,-1.0986122886681098,negative,-0.915669120040349
2017-03-23 00:00:00+00:00,0.0,2,0.0,negative,0.5497650396676059
2017-03-24 00:00:00+00:00,0.0,4,0.0,negative,0.6033701465431048
2017-03-26 00:00:00+00:00,-1.0,1,-0.6931471805599453,negative,-0.3328607988266632
2017-03-29 00:00:00+00:00,-1.0,4,-1.6094379124341003,negative,-1.6090320407679741
2017-03-31 00:00:00+00:00,-1.0,3,-1.3862943611198906,negative,-1.2777710872215158
2017-04-03 00:00:00+00:00,1.0,1,0.6931471805599453,positive,1.5898112379171139
2017-04-04 00:00:00+00:00,1.0,1,0.6931471805599453,positive,1.5314056439861043
2017-04-05 00:00:00+00:00,0.0,1,0.0,negative,0.5808103658253015
2017-04-07 00:00:00+00:00,-1.0,1,-0.6931471805599453,negative,-0.32642256334891534
2017-04-08 00:00:00+00:00,-1.0,1,-0.6931471805599453,negative,-0.33762858998623035
2017-04-09 00:00:00+00:00,0.0,1,0.0,negative,0.6180380435753557
2017-04-10 00:00:00+00:00,-1.0,1,-0.6931471805599453,negative,-0.3224756842826767
2017-04-11 00:00:00+00:00,-1.0,2,-1.0986122886681098,negative,-0.8551058599642859
2017-04-12 00:00:00+00:00,-1.0,1,-0.6931471805599453,negative,-0.30733146545204065
2017-04-13 00:00:00+00:00,0.6666666666666666,6,1.297273432703542,positive,2.420370519131215
2017-04-14 00:00:00+00:00,-1.0,2,-1.0986122886681098,negative,-0.8506089445581019
2017-04-17 00:00:00+00:00,-1.0,1,-0.6931471805599453,negative,-0.26432875206784845
2017-04-18 00:00:00+00:00,-0.5,4,-0.8047189562170501,negative,-0.40993236305348
2017-04-19 00:00:00+00:00,1.0,2,1.0986122886681098,positive,2.2479317200507025
2017-04-20 00:00:00+00:00,0.0,1,0.0,negative,0.6756769148641016
2017-04-21 00:00:00+00:00,0.0,1,0.0,negative,0.6517579317379132
2017-04-25 00:00:00+00:00,-1.0,4,-1.6094379124341003,negative,-1.5619400722676207
2017-04-26 00:00:00+00:00,0.0,2,0.0,negative,0.6623659641592561
2017-04-27 00:00:00+00:00,-0.3333333333333333,3,-0.46209812037329684,negative,0.0325540403278023
2017-05-03 00:00:00+00:00,-1.0,1,-0.6931471805599453,negative,-0.2854496083358572
2017-05-04 00:00:00+00:00,0.0,1,0.0,negative,0.7082195184203389
2017-05-05 00:00:00+00:00,0.2,5,0.358351893845611,positive,1.1779510725060207
2017-05-08 00:00:00+00:00,0.0,8,0.0,negative,0.653749437453272
2017-05-09 00:00:00+00:00,-1.0,1,-0.6931471805599453,negative,-0.30228261073549045
2017-05-10 00:00:00+00:00,0.0,1,0.0,negative,0.6537494374532719
2017-05-11 00:00:00+00:00,-1.0,3,-1.3862943611198906,negative,-1.2564060308651468
2017-05-12 00:00:00+00:00,-1.0,1,-0.6931471805599453,negative,-0.29753466170829973
2017-05-15 00:00:00+00:00,-0.5,2,-0.5493061443340549,negative,-0.07153900106157275
2017-05-16 00:00:00+00:00,-1.0,3,-1.3862943611198906,negative,-1.2564603905015401
2017-05-17 00:00:00+00:00,-0.3333333333333333,3,-0.46209812037329684,negative,0.03767468118269529
2017-05-19 00:00:00+00:00,0.0,2,0.0,negative,0.6770005686008996
2017-05-22 00:00:00+00:00,-1.0,3,-1.3862943611198906,negative,-1.2742111366546192
2017-05-23 00:00:00+00:00,1.0,1,0.6931471805599453,positive,1.6083802147523514
2017-05-25 00:00:00+00:00,-1.0,1,-0.6931471805599453,negative,-0.3012435586133466
2017-05-30 00:00:00+00:00,0.0,2,0.0,negative,0.63496757197336
2017-06-01 00:00:00+00:00,0.75,4,1.2070784343255752,positive,2.2644532701249256
2017-06-02 00:00:00+00:00,-1.0,1,-0.6931471805599453,negative,-0.2991663852270543
2017-06-03 00:00:00+00:00,-1.0,1,-0.6931471805599453,negative,-0.28398410324178924
2017-06-05 00:00:00+00:00,-1.0,2,-1.0986122886681098,negative,-0.8227155986918981
2017-06-08 00:00:00+00:00,-0.6666666666666666,3,-0.9241962407465937,negative,-0.5855264668659619
2017-06-09 00:00:00+00:00,-1.0,2,-1.0986122886681098,negative,-0.8117576030528586
2017-06-12 00:00:00+00:00,-1.0,2,-1.0986122886681098,negative,-0.808625552654695
2017-06-14 00:00:00+00:00,-1.0,4,-1.6094379124341003,negative,-1.4848156622533182
2017-06-15 00:00:00+00:00,-1.0,1,-0.6931471805599453,negative,-0.23400082105331005
2017-06-16 00:00:00+00:00,0.0,2,0.0,negative,0.6966099548513346
2017-06-19 00:00:00+00:00,-1.0,1,-0.6931471805599453,negative,-0.22251161865472605
2017-06-22 00:00:00+00:00,-1.0,1,-0.6931471805599453,negative,-0.23309182777331836
2017-06-26 00:00:00+00:00,-1.0,4,-1.6094379124341003,negative,-1.4782023258674195
2017-06-27 00:00:00+00:00,0.0,2,0.0,negative,0.724234705941492
2017-06-29 00:00:00+00:00,-0.5,4,-0.8047189562170501,negative,-0.3790087169551743
2017-06-30 00:00:00+00:00,-1.0,3,-1.3862943611198906,negative,-1.1911502119811952
2017-07-05 00:00:00+00:00,0.0,2,0.0,negative,0.7074393548733049
2017-07-06 00:00:00+00:00,-1.0,4,-1.6094379124341003,negative,-1.4619479028193572
2017-07-07 00:00:00+00:00,-1.0,7,-2.0794415416798357,negative,-2.065559897122567
2017-07-10 00:00:00+00:00,-0.5,6,-0.9729550745276566,negative,-0.5910405488723983
2017-07-11 00:00:00+00:00,-1.0,1,-0.6931471805599453,negative,-0.20179932203761455
2017-07-12 00:00:00+00:00,-1.0,1,-0.6931471805599453,negative,-0.1870759327840585
2017-07-13 00:00:00+00:00,-0.75,8,-1.6479184330021646,negative,-1.429083942252525
2017-07-14 00:00:00+00:00,-1.0,2,-1.0986122886681098,negative,-0.7204906255700034
2017-07-17 00:00:00+00:00,-0.6,5,-1.0750556815368328,negative,-0.7003129994954145
2017-07-18 00:00:00+00:00,0.0,4,0.0,negative,0.7833757715885147
2017-07-19 00:00:00+00:00,-1.0,3,-1.3862943611198906,negative,-1.0974053991700126
2017-07-20 00:00:00+00:00,0.0,1,0.0,negative,0.8447816095026732
2017-07-21 00:00:00+00:00,-0.4,5,-0.716703787691222,negative,-0.15875180736335145
2017-07-24 00:00:00+00:00,-1.0,2,-1.0986122886681098,negative,-0.6816402972703227
2017-07-25 00:00:00+00:00,-1.0,1,-0.6931471805599453,negative,-0.1003335185452886
2017-07-26 00:00:00+00:00,-1.0,2,-1.0986122886681098,negative,-0.6577606600605725
2017-08-02 00:00:00+00:00,1.0,1,0.6931471805599453,positive,1.7645696446700887
2017-08-03 00:00:00+00:00,0.0,5,0.0,negative,0.797621940655172
2017-08-04 00:00:00+00:00,-1.0,1,-0.6931471805599453,negative,-0.10521833588006094
2017-08-06 00:00:00+00:00,1.0,2,1.0986122886681098,positive,2.3207962356846363
2017-08-07 00:00:00+00:00,1.0,3,1.3862943611198906,positive,2.5200152464504226
2017-08-11 00:00:00+00:00,1.0,1,0.6931471805599453,positive,1.5530917847826053
2017-08-17 00:00:00+00:00,-0.3333333333333333,3,-0.46209812037329684,negative,0.11651162252444877
2017-08-18 00:00:00+00:00,-1.0,1,-0.6931471805599453,negative,-0.1752600896117674
2017-08-22 00:00:00+00:00,0.0,1,0.0,negative,0.7477240222849081
2017-08-24 00:00:00+00:00,-1.0,1,-0.6931471805599453,negative,-0.1988947130710652
2017-08-29 00:00:00+00:00,0.25,4,0.40235947810852507,positive,1.263688623161817
2017-08-30 00:00:00+00:00,1.0,3,1.3862943611198906,positive,2.411829253588587
2017-09-06 00:00:00+00:00,-1.0,3,-1.3862943611198906,negative,-1.0913063093877535
2017-09-07 00:00:00+00:00,0.0,2,0.0,negative,0.6556659337209996
2017-09-08 00:00:00+00:00,0.0,4,0.0,negative,0.6677320037637509
2017-09-12 00:00:00+00:00,-1.0,2,-1.0986122886681098,negative,-0.7026631385038535
2017-09-14 00:00:00+00:00,-1.0,1,-0.6931471805599453,negative,-0.18842287185495235
2017-09-15 00:00:00+00:00,0.0,2,0.0,negative,0.690676670448927
2017-09-16 00:00:00+00:00,0.0,1,0.0,negative,0.6654124328326342
2017-09-18 00:00:00+00:00,1.0,2,1.0986122886681098,positive,1.9615278839820003
2017-09-19 00:00:00+00:00,1.0,1,0.6931471805599453,positive,1.4110559434188235
2017-09-20 00:00:00+00:00,-1.0,1,-0.6931471805599453,negative,-0.2862571357550689
2017-09-21 00:00:00+00:00,-1.0,1,-0.6931471805599453,negative,-0.28135009479639495
2017-09-22 00:00:00+00:00,1.0,1,0.6931471805599453,positive,1.3813357270250153
2017-09-24 00:00:00+00:00,1.0,1,0.6931471805599453,positive,1.3335264199477945
2017-09-28 00:00:00+00:00,-1.0,7,-2.0794415416798357,negative,-1.908981443534728
2017-10-02 00:00:00+00:00,-1.0,2,-1.0986122886681098,negative,-0.7394787756830579
2017-10-03 00:00:00+00:00,-1.0,4,-1.6094379124341003,negative,-1.2932161244685536
2017-10-04 00:00:00+00:00,0.0,2,0.0,negative,0.6201199582556779
2017-10-06 00:00:00+00:00,-1.0,1,-0.6931471805599453,negative,-0.21143630230919364
2017-10-10 00:00:00+00:00,0.5,2,0.5493061443340549,positive,1.2380673819605104
2017-10-11 00:00:00+00:00,-0.6666666666666666,3,-0.9241962407465937,negative,-0.511369978592137
2017-10-12 00:00:00+00:00,-1.0,2,-1.0986122886681098,negative,-0.7133719722665612
2017-10-13 00:00:00+00:00,1.0,1,0.6931471805599453,positive,1.3570365859521378
2017-10-16 00:00:00+00:00,1.0,2,1.0986122886681098,positive,1.7491952681844443
2017-10-18 00:00:00+00:00,0.0,1,0.0,negative,0.4676498849061457
2017-10-19 00:00:00+00:00,-0.6666666666666666,3,-0.9241962407465937,negative,-0.599357287430991
2017-10-20 00:00:00+00:00,-0.5,4,-0.8047189562170501,negative,-0.4455252511457254
2017-10-24 00:00:00+00:00,-1.0,1,-0.6931471805599453,negative,-0.3162681359396822
2017-10-25 00:00:00+00:00,1.0,1,0.6931471805599453,positive,1.247035209194224
2017-10-27 00:00:00+00:00,1.0,1,0.6931471805599453,positive,1.2081008569152831
2017-10-31 00:00:00+00:00,-1.0,2,-1.0986122886681098,negative,-0.825183926192765
2017-11-01 00:00:00+00:00,1.0,1,0.6931471805599453,positive,1.1830788201196143
2017-11-03 00:00:00+00:00,-1.0,2,-1.0986122886681098,negative,-0.8553256799071215
2017-11-06 00:00:00+00:00,0.5,2,0.5493061443340549,positive,1.0026774979276756
2017-11-07 00:00:00+00:00,0.0,1,0.0,negative,0.35771704194159565
2017-11-08 00:00:00+00:00,0.0,1,0.0,negative,0.3295324916447634
2017-11-10 00:00:00+00:00,1.0,1,0.6931471805599453,positive,1.1168025874359915
2017-11-14 00:00:00+00:00,0.0,2,0.0,negative,0.28178528904598
2017-11-15 00:00:00+00:00,-0.5,2,-0.5493061443340549,negative,-0.3739371793291427
2017-11-17 00:00:00+00:00,1.0,2,1.0986122886681098,positive,1.537720042638021
2017-11-20 00:00:00+00:00,-1.0,1,-0.6931471805599453,negative,-0.6142815404065947
2017-11-27 00:00:00+00:00,0.0,2,0.0,negative,0.19964441713911452
2017-11-28 00:00:00+00:00,0.0,2,0.0,negative,0.19964441713911452
2017-11-29 00:00:00+00:00,-1.0,1,-0.6931471805599453,negative,-0.6662944528092527
2017-11-30 00:00:00+00:00,-1.0,1,-0.6931471805599453,negative,-0.6498690688741601
2017-12-05 00:00:00+00:00,-1.0,1,-0.6931471805599453,negative,-0.6505638394903692
2017-12-06 00:00:00+00:00,-0.5,2,-0.5493061443340549,negative,-0.4895662221516886
2017-12-07 00:00:00+00:00,-1.0,1,-0.6931471805599453,negative,-0.6680980833877461
2017-12-12 00:00:00+00:00,-1.0,2,-1.0986122886681098,negative,-1.1713511349240953
2017-12-14 00:00:00+00:00,0.5,2,0.5493061443340549,positive,0.8795505835016392
2017-12-15 00:00:00+00:00,0.0,1,0.0,negative,0.19576656365438322
2017-12-18 00:00:00+00:00,-0.25,4,-0.40235947810852507,negative,-0.31206695972114323
2017-12-19 00:00:00+00:00,-0.5,2,-0.5493061443340549,negative,-0.4703636114581441
2017-12-20 00:00:00+00:00,-1.0,2,-1.0986122886681098,negative,-1.1442665797171951
2017-12-22 00:00:00+00:00,1.0,1,0.6931471805599453,positive,1.1927002172500605
2017-12-26 00:00:00+00:00,-1.0,1,-0.6931471805599453,negative,-0.6089654969203229
2017-12-27 00:00:00+00:00,-1.0,2,-1.0986122886681098,negative,-1.1191137742375497
2017-12-29 00:00:00+00:00,0.0,2,0.0,negative,0.29944673014187895
2018-01-02 00:00:00+00:00,0.0,1,0.0,negative,0.2852034981918897
2018-01-08 00:00:00+00:00,0.0,2,0.0,negative,0.29531994514366333
2018-01-10 00:00:00+00:00,-1.0,4,-1.6094379124341003,negative,-1.7542935756198332
2018-01-11 00:00:00+00:00,-1.0,2,-1.0986122886681098,negative,-1.0970672605297491
2018-01-16 00:00:00+00:00,1.0,1,0.6931471805599453,positive,1.2503872971681849
2018-01-18 00:00:00+00:00,0.0,1,0.0,negative,0.34169479314425955
2018-01-19 00:00:00+00:00,1.0,1,0.6931471805599453,positive,1.2085303898895827
2018-01-25 00:00:00+00:00,1.0,1,0.6931471805599453,positive,1.1680588614146996
2018-01-26 00:00:00+00:00,-1.0,2,-1.0986122886681098,negative,-1.1199002796321016
2018-01-29 00:00:00+00:00,-1.0,1,-0.6931471805599453,negative,-0.5834187180500042
2018-01-30 00:00:00+00:00,-0.75,8,-1.6479184330021646,negative,-1.7455169802609385
2018-01-31 00:00:00+00:00,1.0,1,0.6931471805599453,positive,1.2490285149905944
2018-02-01 00:00:00+00:00,-0.3333333333333333,3,-0.46209812037329684,negative,-0.23405982667056002
2018-02-02 00:00:00+00:00,-0.3333333333333333,3,-0.46209812037329684,negative,-0.23945755629515297
2018-02-06 00:00:00+00:00,1.0,1,0.6931471805599453,positive,1.243939140548056
2018-02-07 00:00:00+00:00,-1.0,1,-0.6931471805599453,negative,-0.5121992454023638
2018-02-08 00:00:00+00:00,-1.0,2,-1.0986122886681098,negative,-1.1007838325657415
2018-02-11 00:00:00+00:00,-1.0,1,-0.6931471805599453,negative,-0.5674796746988326
2018-02-14 00:00:00+00:00,0.0,7,0.0,negative,0.3477741016266655
2018-02-15 00:00:00+00:00,-0.25,4,-0.40235947810852507,negative,-0.20543781067884231
2018-02-16 00:00:00+00:00,-1.0,1,-0.6931471805599453,negative,-0.6121976996553009
2018-02-21 00:00:00+00:00,-1.0,1,-0.6931471805599453,negative,-0.5879486640074502
2018-02-22 00:00:00+00:00,0.0,2,0.0,negative,0.3699992459576079
2018-02-26 00:00:00+00:00,-0.3076923076923077,13,-0.812017639881618,negative,-0.7942295096351728
2018-02-27 00:00:00+00:00,-1.0,4,-1.6094379124341003,negative,-1.851727124082444
2018-03-02 00:00:00+00:00,0.5,2,0.5493061443340549,positive,1.226621821274438
2018-03-05 00:00:00+00:00,-1.0,1,-0.6931471805599453,negative,-0.5432243334988113
2018-03-09 00:00:00+00:00,-0.5,2,-0.5493061443340549,negative,-0.34745264593553354
2018-03-12 00:00:00+00:00,-1.0,1,-0.6931471805599453,negative,-0.5589672611972334
2018-03-15 00:00:00+00:00,0.0,1,0.0,negative,0.4281493704297691
2018-03-16 00:00:00+00:00,-0.6666666666666666,3,-0.9241962407465937,negative,-0.8819731121178309
2018-03-19 00:00:00+00:00,0.0,1,0.0,negative,0.4979864040678108
2018-03-21 00:00:00+00:00,-1.0,1,-0.6931471805599453,negative,-0.5504751520470651
2018-03-26 00:00:00+00:00,-0.5,2,-0.5493061443340549,negative,-0.3090455546322659
2018-03-27 00:00:00+00:00,-1.0,2,-1.0986122886681098,negative,-1.151939344380367
2018-03-28 00:00:00+00:00,1.0,1,0.6931471805599453,positive,1.5850005715461186
2018-03-29 00:00:00+00:00,-0.3333333333333333,3,-0.46209812037329684,negative,-0.16652717829191457
2018-04-04 00:00:00+00:00,1.0,1,0.6931471805599453,positive,1.553201563093891
2018-04-09 00:00:00+00:00,1.0,2,1.0986122886681098,positive,2.1116754638638513
2018-04-11 00:00:00+00:00,1.0,1,0.6931471805599453,positive,1.472229767835657
2018-04-12 00:00:00+00:00,-0.3333333333333333,3,-0.46209812037329684,negative,-0.20318163927122604
2018-04-13 00:00:00+00:00,-0.3333333333333333,3,-0.46209812037329684,negative,-0.17183870209227578
2018-04-17 00:00:00+00:00,0.0,2,0.0,negative,0.5061998454264082
2018-04-18 00:00:00+00:00,0.0,2,0.0,negative,0.5061998454264082
2018-04-19 00:00:00+00:00,1.0,1,0.6931471805599453,positive,1.5051018005069319
2018-04-20 00:00:00+00:00,-0.3333333333333333,3,-0.46209812037329684,negative,-0.20915617516735693
2018-04-23 00:00:00+00:00,0.5,2,0.5493061443340549,positive,1.2451934880375917
2018-04-24 00:00:00+00:00,-0.6666666666666666,3,-0.9241962407465937,negative,-0.9050482690831311
2018-04-25 00:00:00+00:00,-1.0,1,-0.6931471805599453,negative,-0.5634075248791113
2018-04-26 00:00:00+00:00,-1.0,3,-1.3862943611198906,negative,-1.5290741549560127
2018-04-30 00:00:00+00:00,-1.0,1,-0.6931471805599453,negative,-0.5511200493754291
2018-05-01 00:00:00+00:00,-1.0,1,-0.6931471805599453,negative,-0.5270389935299301
2018-05-02 00:00:00+00:00,-0.6666666666666666,3,-0.9241962407465937,negative,-0.838317155662031
2018-05-07 00:00:00+00:00,-0.09090909090909091,11,-0.22590060452618185,negative,0.17226871449103517
2018-05-08 00:00:00+00:00,-0.5,4,-0.8047189562170501,negative,-0.6606322979679892
2018-05-09 00:00:00+00:00,0.0,1,0.0,negative,0.48263236184551783
2018-05-10 00:00:00+00:00,-1.0,2,-1.0986122886681098,negative,-1.0886516041170748
2018-05-11 00:00:00+00:00,0.5,2,0.5493061443340549,positive,1.2942049683908505
2018-05-14 00:00:00+00:00,1.0,1,0.6931471805599453,positive,1.4488347625472382
2018-05-17 00:00:00+00:00,-0.5,2,-0.5493061443340549,negative,-0.33320741204953924
2018-05-18 00:00:00+00:00,-1.0,1,-0.6931471805599453,negative,-0.5241937843363875
2018-05-21 00:00:00+00:00,-1.0,3,-1.3862943611198906,negative,-1.4673784885842982
2018-05-22 00:00:00+00:00,1.0,2,1.0986122886681098,positive,1.9851863648541608
2018-05-23 00:00:00+00:00,-1.0,1,-0.6931471805599453,negative,-0.5569568449249401
2018-05-30 00:00:00+00:00,-1.0,3,-1.3862943611198906,negative,-1.4907231459747994
2018-06-01 00:00:00+00:00,-1.0,3,-1.3862943611198906,negative,-1.4346474542131766
2018-06-06 00:00:00+00:00,-0.5,2,-0.5493061443340549,negative,-0.2408235508497965
2018-06-07 00:00:00+00:00,-0.75,4,-1.2070784343255752,negative,-1.142236422351183
2018-06-09 00:00:00+00:00,-1.0,2,-1.0986122886681098,negative,-0.9864586373883663
2018-06-11 00:00:00+00:00,-1.0,1,-0.6931471805599453,negative,-0.4041344841888502
2018-06-12 00:00:00+00:00,-1.0,2,-1.0986122886681098,negative,-1.0186848822754762
2018-06-13 00:00:00+00:00,-1.0,3,-1.3862943611198906,negative,-1.3967683196987495
2018-06-14 00:00:00+00:00,1.0,2,1.0986122886681098,positive,2.1332559391293415
2018-06-15 00:00:00+00:00,-0.6666666666666666,3,-0.9241962407465937,negative,-0.7107790375388615
2018-06-19 00:00:00+00:00,1.0,1,0.6931471805599453,positive,1.5644745189915603
2018-06-22 00:00:00+00:00,-1.0,2,-1.0986122886681098,negative,-0.9405994630978128
2018-06-25 00:00:00+00:00,1.0,1,0.6931471805599453,positive,1.5037486933613546
2018-06-26 00:00:00+00:00,-1.0,2,-1.0986122886681098,negative,-0.954909128334452
2018-06-27 00:00:00+00:00,-1.0,2,-1.0986122886681098,negative,-0.9253376280317718
2018-06-28 00:00:00+00:00,-0.5,2,-0.5493061443340549,negative,-0.17192749453715903
2018-06-29 00:00:00+00:00,0.0,2,0.0,negative,0.5612672123391682
2018-07-02 00:00:00+00:00,1.0,1,0.6931471805599453,positive,1.449393643224748
2018-07-06 00:00:00+00:00,-1.0,1,-0.6931471805599453,negative,-0.3927993546308756
2018-07-13 00:00:00+00:00,0.0,2,0.0,negative,0.5187877210239284
2018-07-16 00:00:00+00:00,-0.3333333333333333,3,-0.46209812037329684,negative,-0.12980182362897522
2018-07-17 00:00:00+00:00,0.0,2,0.0,negative,0.5234664801728623
2018-07-18 00:00:00+00:00,-1.0,6,-1.9459101490553132,negative,-2.0734284495141786
2018-07-19 00:00:00+00:00,-1.0,1,-0.6931471805599453,negative,-0.39215829757320303
2018-07-20 00:00:00+00:00,1.0,1,0.6931471805599453,positive,1.4087967445890976
2018-07-26 00:00:00+00:00,-1.0,1,-0.6931471805599453,negative,-0.4014087418539914
2018-07-31 00:00:00+00:00,0.0,1,0.0,negative,0.49261950433003054
2018-08-01 00:00:00+00:00,0.0,1,0.0,negative,0.49261950433003054
2018-08-02 00:00:00+00:00,0.3333333333333333,3,0.46209812037329684,positive,1.0683629979533353
2018-08-06 00:00:00+00:00,0.0,6,0.0,negative,0.4507667829471759
2018-08-07 00:00:00+00:00,0.6666666666666666,3,0.9241962407465937,positive,1.593059964454189
2018-08-08 00:00:00+00:00,0.4,5,0.716703787691222,positive,1.3240422722098046
2018-08-09 00:00:00+00:00,0.0,3,0.0,negative,0.3899687753861313
2018-08-10 00:00:00+00:00,1.0,1,0.6931471805599453,positive,1.2824914871176927
2018-08-13 00:00:00+00:00,0.0,1,0.0,negative,0.42500152374559313
2018-08-14 00:00:00+00:00,-1.0,1,-0.6931471805599453,negative,-0.46812356696151736
2018-08-15 00:00:00+00:00,-1.0,2,-1.0986122886681098,negative,-0.9896969542657174
2018-08-16 00:00:00+00:00,0.0,2,0.0,negative,0.4612283324857348
2018-08-17 00:00:00+00:00,-1.0,1,-0.6931471805599453,negative,-0.4443338631769344
2018-08-20 00:00:00+00:00,-0.6666666666666666,3,-0.9241962407465937,negative,-0.7289328557531549
2018-08-21 00:00:00+00:00,-0.3333333333333333,3,-0.46209812037329684,negative,-0.09265839347614241
2018-08-22 00:00:00+00:00,0.0,1,0.0,negative,0.5189413472160297
2018-08-23 00:00:00+00:00,0.0,2,0.0,negative,0.5373154994423541
2018-08-27 00:00:00+00:00,-0.3333333333333333,6,-0.648636716351771,negative,-0.3528288406519546
2018-08-28 00:00:00+00:00,0.0,2,0.0,negative,0.5166804644480897
2018-08-29 00:00:00+00:00,-0.5,2,-0.5493061443340549,negative,-0.2558671955591845
2018-09-03 00:00:00+00:00,0.0,3,0.0,negative,0.48951834789549037
2018-09-06 00:00:00+00:00,-0.75,4,-1.2070784343255752,negative,-1.160144382565619
2018-09-07 00:00:00+00:00,1.0,2,1.0986122886681098,positive,1.9055417098883074
2018-09-10 00:00:00+00:00,1.0,1,0.6931471805599453,positive,1.3232971809306386
2018-09-11 00:00:00+00:00,-0.3333333333333333,3,-0.46209812037329684,negative,-0.2046849113595479
2018-09-12 00:00:00+00:00,1.0,1,0.6931471805599453,positive,1.2878734834373997
2018-09-14 00:00:00+00:00,-1.0,1,-0.6931471805599453,negative,-0.530615927278172
2018-09-17 00:00:00+00:00,1.0,1,0.6931471805599453,positive,1.2801554706904141
2018-09-20 00:00:00+00:00,-0.5,2,-0.5493061443340549,negative,-0.3209557885597503
2018-09-21 00:00:00+00:00,-1.0,1,-0.6931471805599453,negative,-0.5076450263313528
2018-09-24 00:00:00+00:00,1.0,1,0.6931471805599453,positive,1.2801554706904141
2018-09-25 00:00:00+00:00,0.3333333333333333,3,0.46209812037329684,positive,0.94765566052022
2018-09-26 00:00:00+00:00,-0.3333333333333333,3,-0.46209812037329684,negative,-0.24520429784227324
2018-09-27 00:00:00+00:00,-0.3333333333333333,3,-0.46209812037329684,negative,-0.2509737956806676
2018-09-28 00:00:00+00:00,0.0,3,0.0,negative,0.3530227823132257
2018-10-02 00:00:00+00:00,0.25,4,0.40235947810852507,positive,0.8827544929422579
2018-10-03 00:00:00+00:00,-0.3333333333333333,3,-0.46209812037329684,negative,-0.3364297401136714
2018-10-04 00:00:00+00:00,0.0,1,0.0,negative,0.2908883803463672
2018-10-05 00:00:00+00:00,0.0,1,0.0,negative,0.2683375063468294
2018-10-08 00:00:00+00:00,0.5,2,0.5493061443340549,positive,1.0309228190712727
2018-10-09 00:00:00+00:00,0.0,2,0.0,negative,0.21405248940558835
2018-10-10 00:00:00+00:00,-1.0,1,-0.6931471805599453,negative,-0.8395153073305902
2018-10-12 00:00:00+00:00,-0.3333333333333333,3,-0.46209812037329684,negative,-0.4665035438334934
2018-10-15 00:00:00+00:00,-1.0,1,-0.6931471805599453,negative,-0.834705110280131
2018-10-16 00:00:00+00:00,-0.5,2,-0.5493061443340549,negative,-0.5859543500850216
2018-10-18 00:00:00+00:00,1.0,2,1.0986122886681098,positive,1.9231167256565866
2018-10-19 00:00:00+00:00,-0.75,4,-1.2070784343255752,negative,-1.5936728947039014
2018-10-25 00:00:00+00:00,-1.0,1,-0.6931471805599453,negative,-0.822437000579476
2018-10-30 00:00:00+00:00,0.5,2,0.5493061443340549,positive,1.0802468973493058
2018-11-02 00:00:00+00:00,-1.0,1,-0.6931471805599453,negative,-0.8662721577707553
2018-11-05 00:00:00+00:00,-0.16666666666666666,6,-0.3243183581758855,negative,-0.2797062230254149
2018-11-06 00:00:00+00:00,0.2,5,0.358351893845611,positive,0.8062404709364966
2018-11-07 00:00:00+00:00,-0.5,2,-0.5493061443340549,negative,-0.6350297041656389
2018-11-08 00:00:00+00:00,0.0,1,0.0,negative,0.23631999765439213
2018-11-09 00:00:00+00:00,-1.0,2,-1.0986122886681098,negative,-1.4648631031996593
2018-11-12 00:00:00+00:00,-0.6666666666666666,3,-0.9241962407465937,negative,-1.1558311932340746
2018-11-13 00:00:00+00:00,0.0,3,0.0,negative,0.23549544400002967
2018-11-14 00:00:00+00:00,1.0,2,1.0986122886681098,positive,1.9483601456391944
2018-11-15 00:00:00+00:00,0.25,4,0.40235947810852507,positive,0.8434084806733877
2018-11-16 00:00:00+00:00,-0.2,5,-0.358351893845611,negative,-0.4021813466554011
2018-11-19 00:00:00+00:00,-0.16666666666666666,6,-0.3243183581758855,negative,-0.33757073470592835
2018-11-20 00:00:00+00:00,-1.0,2,-1.0986122886681098,negative,-1.5388014177505411
2018-11-21 00:00:00+00:00,-1.0,2,-1.0986122886681098,negative,-1.4803718177669551
2018-11-23 00:00:00+00:00,0.0,1,0.0,negative,0.2554749522941587
2018-11-26 00:00:00+00:00,0.0,1,0.0,negative,0.2869896692735711
2018-11-27 00:00:00+00:00,1.0,3,1.3862943611198906,positive,2.4285145878874865
2018-11-29 00:00:00+00:00,0.75,4,1.2070784343255752,positive,2.040471398203318
2018-12-03 00:00:00+00:00,-0.5,2,-0.5493061443340549,negative,-0.5837384543682023
2018-12-04 00:00:00+00:00,-1.0,1,-0.6931471805599453,negative,-0.7817626889229484
2018-12-05 00:00:00+00:00,-1.0,1,-0.6931471805599453,negative,-0.7817626889229484
2018-12-07 00:00:00+00:00,-0.4,5,-0.716703787691222,negative,-0.8363662335078974
2018-12-09 00:00:00+00:00,-1.0,1,-0.6931471805599453,negative,-0.7788514208076341
2018-12-10 00:00:00+00:00,1.0,1,0.6931471805599453,positive,1.291326234808438
2018-12-11 00:00:00+00:00,-1.0,1,-0.6931471805599453,negative,-0.8171952192251001
2018-12-14 00:00:00+00:00,-1.0,1,-0.6931471805599453,negative,-0.8082632318298899
2018-12-17 00:00:00+00:00,0.3333333333333333,3,0.46209812037329684,positive,0.9255173345428012
2018-12-18 00:00:00+00:00,-1.0,3,-1.3862943611198906,negative,-1.774025774762119
2018-12-26 00:00:00+00:00,1.0,1,0.6931471805599453,positive,1.2289565187169902
2018-12-27 00:00:00+00:00,1.0,1,0.6931471805599453,positive,1.1976148739649533
2019-01-03 00:00:00+00:00,1.0,3,1.3862943611198906,positive,2.071016091154783
2019-01-04 00:00:00+00:00,0.0,2,0.0,negative,0.15146161170779116
2019-01-07 00:00:00+00:00,0.5,2,0.5493061443340549,positive,0.8834194199675591
2019-01-08 00:00:00+00:00,-0.25,4,-0.40235947810852507,negative,-0.426710854617146
2019-01-09 00:00:00+00:00,-0.5,2,-0.5493061443340549,negative,-0.6129479325204277
2019-01-10 00:00:00+00:00,0.0,3,0.0,negative,0.17129864130407232
2019-01-14 00:00:00+00:00,1.0,1,0.6931471805599453,positive,1.1763875785388116
2019-01-15 00:00:00+00:00,0.0,1,0.0,negative,0.15544914104226432
2019-01-16 00:00:00+00:00,-0.6666666666666666,3,-0.9241962407465937,negative,-1.1534809160739856
2019-01-17 00:00:00+00:00,-1.0,3,-1.3862943611198906,negative,-1.763758829041551
2019-01-21 00:00:00+00:00,0.0,1,0.0,negative,0.19448885613601474
2019-01-22 00:00:00+00:00,-0.6,5,-1.0750556815368328,negative,-1.298281251587355
2019-01-23 00:00:00+00:00,0.0,1,0.0,negative,0.24865564176833363
2019-01-25 00:00:00+00:00,-1.0,1,-0.6931471805599453,negative,-0.7390722496077045
2019-01-30 00:00:00+00:00,0.0,2,0.0,negative,0.24256291710559466
2019-01-31 00:00:00+00:00,-0.5,2,-0.5493061443340549,negative,-0.5305149900217563
2019-02-07 00:00:00+00:00,-1.0,1,-0.6931471805599453,negative,-0.7112833111673317
2019-02-08 00:00:00+00:00,1.0,1,0.6931471805599453,positive,1.2323227942248203
2019-02-12 00:00:00+00:00,0.0,1,0.0,negative,0.25113942848352433
2019-02-13 00:00:00+00:00,-0.75,4,-1.2070784343255752,negative,-1.405291921447142
2019-02-14 00:00:00+00:00,0.0,1,0.0,negative,0.29021762688670555
2019-02-15 00:00:00+00:00,-1.0,2,-1.0986122886681098,negative,-1.2119242193523199
2019-02-20 00:00:00+00:00,0.0,2,0.0,negative,0.2969596738247186
2019-02-22 00:00:00+00:00,0.8,5,1.433407575382444,positive,2.157451904670543
2019-02-24 00:00:00+00:00,0.0,1,0.0,negative,0.22828341120241602
2019-02-25 00:00:00+00:00,1.0,3,1.3862943611198906,positive,1.977649123848103
2019-02-27 00:00:00+00:00,1.0,1,0.6931471805599453,positive,1.1004225015838487
2019-02-28 00:00:00+00:00,0.6,5,1.0750556815368328,positive,1.5458579467157976
2019-03-01 00:00:00+00:00,1.0,2,1.0986122886681098,positive,1.514602515555893
2019-03-04 00:00:00+00:00,0.0,3,0.0,negative,0.11149539821879229
2019-03-05 00:00:00+00:00,-1.0,2,-1.0986122886681098,negative,-1.2911678544109908
2019-03-06 00:00:00+00:00,0.0,1,0.0,negative,0.1122818762341572
2019-03-07 00:00:00+00:00,-0.3333333333333333,3,-0.46209812037329684,negative,-0.4641984995986747
2019-03-08 00:00:00+00:00,0.0,1,0.0,negative,0.11852735436923706
2019-03-11 00:00:00+00:00,-0.5,4,-0.8047189562170501,negative,-0.8956009687955492
2019-03-12 00:00:00+00:00,0.0,1,0.0,negative,0.11302165967822511
2019-03-13 00:00:00+00:00,1.0,1,0.6931471805599453,positive,0.9800813971263588
2019-03-15 00:00:00+00:00,-1.0,1,-0.6931471805599453,negative,-0.8042368918075082
2019-03-18 00:00:00+00:00,0.3333333333333333,3,0.46209812037329684,positive,0.7155246080324046
2019-03-19 00:00:00+00:00,-0.5,2,-0.5493061443340549,negative,-0.5933912547795211
2019-03-22 00:00:00+00:00,0.0,1,0.0,negative,0.12125944835624515
2019-03-25 00:00:00+00:00,0.2,10,0.47957905455967414,positive,0.7320681515462761
2019-03-26 00:00:00+00:00,0.0,2,0.0,negative,0.08046352538275542
2019-03-28 00:00:00+00:00,-1.0,2,-1.0986122886681098,negative,-1.3827239744618733
2019-03-29 00:00:00+00:00,-1.0,2,-1.0986122886681098,negative,-1.3373124070229097
2019-04-01 00:00:00+00:00,-1.0,1,-0.6931471805599453,negative,-0.786352442792756
2019-04-03 00:00:00+00:00,0.0,2,0.0,negative,0.15282666391265365
2019-04-08 00:00:00+00:00,0.0,3,0.0,negative,0.1850122092417004
2019-04-09 00:00:00+00:00,0.0,1,0.0,negative,0.17277537392766246
2019-04-10 00:00:00+00:00,-0.25,4,-0.40235947810852507,negative,-0.3946318216113878
2019-04-11 00:00:00+00:00,1.0,1,0.6931471805599453,positive,1.096126601141226
2019-04-12 00:00:00+00:00,-1.0,3,-1.3862943611198906,negative,-1.7395242557136732
2019-04-17 00:00:00+00:00,0.0,1,0.0,negative,0.1312951740945021
2019-04-18 00:00:00+00:00,0.0,2,0.0,negative,0.14856575675837394
2019-04-22 00:00:00+00:00,1.0,1,0.6931471805599453,positive,1.0695129816875129
2019-04-26 00:00:00+00:00,-1.0,1,-0.6931471805599453,negative,-0.8372095260978009
2019-04-29 00:00:00+00:00,-1.0,1,-0.6931471805599453,negative,-0.8100839240208854
2019-04-30 00:00:00+00:00,1.0,3,1.3862943611198906,positive,1.9701791962955137
2019-05-01 00:00:00+00:00,-1.0,1,-0.6931471805599453,negative,-0.8384156545685021
2019-05-03 00:00:00+00:00,0.3333333333333333,6,0.648636716351771,positive,1.000205718244089
2019-05-06 00:00:00+00:00,1.0,1,0.6931471805599453,positive,1.1048319217338194
2019-05-07 00:00:00+00:00,-1.0,1,-0.6931471805599453,negative,-0.8227408339782519
2019-05-08 00:00:00+00:00,-0.8333333333333334,6,-1.6215917908794277,negative,-2.0108155867377695
2019-05-09 00:00:00+00:00,-1.0,3,-1.3862943611198906,negative,-1.6320805811281083
2019-05-10 00:00:00+00:00,1.0,1,0.6931471805599453,positive,1.092438421979318
2019-05-14 00:00:00+00:00,-1.0,2,-1.0986122886681098,negative,-1.227359114612338
2019-05-15 00:00:00+00:00,0.0,2,0.0,negative,0.21827506496854246
2019-05-16 00:00:00+00:00,0.3333333333333333,3,0.46209812037329684,positive,0.8108184262155026
2019-05-17 00:00:00+00:00,1.0,3,1.3862943611198906,positive,1.9210419138185264
2019-05-20 00:00:00+00:00,-1.0,1,-0.6931471805599453,negative,-0.7592945140211839
2019-05-24 00:00:00+00:00,1.0,1,0.6931471805599453,positive,1.0168549050218136
2019-05-28 00:00:00+00:00,-1.0,1,-0.6931471805599453,negative,-0.7823487451128125
2019-05-30 00:00:00+00:00,-0.5,2,-0.5493061443340549,negative,-0.5820931459307335
2019-05-31 00:00:00+00:00,-1.0,2,-1.0986122886681098,negative,-1.2728766543296985
2019-06-03 00:00:00+00:00,-1.0,2,-1.0986122886681098,negative,-1.2331037032354368
2019-06-04 00:00:00+00:00,-1.0,2,-1.0986122886681098,negative,-1.2090402762308041
2019-06-05 00:00:00+00:00,-0.3333333333333333,3,-0.46209812037329684,negative,-0.41730832822985936
2019-06-07 00:00:00+00:00,-1.0,1,-0.6931471805599453,negative,-0.6822226571748872
2019-06-10 00:00:00+00:00,-1.0,1,-0.6931471805599453,negative,-0.6652910256311814
2019-06-11 00:00:00+00:00,1.0,1,0.6931471805599453,positive,1.0458592637007516
2019-06-12 00:00:00+00:00,-1.0,2,-1.0986122886681098,negative,-1.1848857361614324
2019-06-17 00:00:00+00:00,0.0,2,0.0,negative,0.16838681287426374
2019-06-18 00:00:00+00:00,-1.0,1,-0.6931471805599453,negative,-0.6917602056361912
2019-06-19 00:00:00+00:00,0.0,1,0.0,negative,0.21997535234320661
2019-06-20 00:00:00+00:00,0.0,1,0.0,negative,0.21997535234320661
2019-06-25 00:00:00+00:00,-1.0,1,-0.6931471805599453,negative,-0.6614057874853341
2019-06-28 00:00:00+00:00,-1.0,1,-0.6931471805599453,negative,-0.6360926572436951
2019-07-03 00:00:00+00:00,1.0,1,0.6931471805599453,positive,1.278334858166229
2019-07-05 00:00:00+00:00,1.0,1,0.6931471805599453,positive,1.3072012518142369
2019-07-11 00:00:00+00:00,1.0,1,0.6931471805599453,positive,1.2740549314713772
2019-07-23 00:00:00+00:00,-1.0,1,-0.6931471805599453,negative,-0.6589850445693247
2019-07-25 00:00:00+00:00,-1.0,1,-0.6931471805599453,negative,-0.6411048857710001
2019-08-01 00:00:00+00:00,-1.0,1,-0.6931471805599453,negative,-0.6340957586477205
2019-08-05 00:00:00+00:00,-1.0,2,-1.0986122886681098,negative,-1.1590522172748285
2019-08-09 00:00:00+00:00,0.3333333333333333,3,0.46209812037329684,positive,0.9527784798742854
2019-08-15 00:00:00+00:00,0.0,2,0.0,negative,0.3199511876194477
2019-08-16 00:00:00+00:00,1.0,1,0.6931471805599453,positive,1.2691921260017043
2019-08-19 00:00:00+00:00,1.0,1,0.6931471805599453,positive,1.2256147618769309
2019-08-20 00:00:00+00:00,-1.0,1,-0.6931471805599453,negative,-0.6308247609315981
2019-08-26 00:00:00+00:00,-1.0,1,-0.6931471805599453,negative,-0.6264573215075429
2019-08-28 00:00:00+00:00,-1.0,2,-1.0986122886681098,negative,-1.1405850138201814
2019-08-30 00:00:00+00:00,-0.5,2,-0.5493061443340549,negative,-0.38150542779709606
2019-09-04 00:00:00+00:00,-1.0,5,-1.791759469228055,negative,-1.9580928977272607
2019-09-06 00:00:00+00:00,1.0,2,1.0986122886681098,positive,1.7505117786958098
2019-09-16 00:00:00+00:00,-1.0,2,-1.0986122886681098,negative,-1.0786837591126552
2019-09-18 00:00:00+00:00,-1.0,2,-1.0986122886681098,negative,-1.0623640899831872
2019-09-20 00:00:00+00:00,-1.0,1,-0.6931471805599453,negative,-0.5284841876698023
2019-09-23 00:00:00+00:00,-1.0,2,-1.0986122886681098,negative,-1.014745140623388
2019-09-27 00:00:00+00:00,1.0,1,0.6931471805599453,positive,1.2255319095519834
2019-09-30 00:00:00+00:00,1.0,1,0.6931471805599453,positive,1.18817241275529
2019-10-08 00:00:00+00:00,1.0,1,0.6931471805599453,positive,1.18817241275529
2019-10-09 00:00:00+00:00,-1.0,1,-0.6931471805599453,negative,-0.5481222778338155
2019-10-15 00:00:00+00:00,1.0,1,0.6931471805599453,positive,1.1633873651612268
2019-10-16 00:00:00+00:00,-1.0,1,-0.6931471805599453,negative,-0.5412326154664509
2019-10-18 00:00:00+00:00,-1.0,2,-1.0986122886681098,negative,-1.009630616658081
2019-10-29 00:00:00+00:00,1.0,2,1.0986122886681098,positive,1.6470206922263213
2019-11-01 00:00:00+00:00,0.3333333333333333,3,0.46209812037329684,positive,0.8465745944510039
2019-11-04 00:00:00+00:00,1.0,4,1.6094379124341003,positive,2.210527425942707
2019-11-06 00:00:00+00:00,1.0,1,0.6931471805599453,positive,1.0755252583762884
2019-11-08 00:00:00+00:00,-1.0,1,-0.6931471805599453,negative,-0.5521809519255217
2019-11-11 00:00:00+00:00,-1.0,3,-1.3862943611198906,negative,-1.3348553073283067
2019-11-15 00:00:00+00:00,0.25,4,0.40235947810852507,positive,0.7743441915652313
2019-11-18 00:00:00+00:00,-0.3333333333333333,3,-0.46209812037329684,negative,-0.28298164371519297
2019-11-19 00:00:00+00:00,-1.0,4,-1.6094379124341003,negative,-1.6625510991521417
2019-11-20 00:00:00+00:00,-1.0,2,-1.0986122886681098,negative,-1.0114086477550581
2019-11-22 00:00:00+00:00,0.0,2,0.0,negative,0.29870552996086125
2019-11-25 00:00:00+00:00,-0.6,5,-1.0750556815368328,negative,-0.9838431857201405
2019-11-26 00:00:00+00:00,1.0,1,0.6931471805599453,positive,1.1474090246706476
2019-11-27 00:00:00+00:00,-1.0,2,-1.0986122886681098,negative,-0.9881950950101887
2019-12-03 00:00:00+00:00,0.0,2,0.0,negative,0.35767693092300545
2019-12-06 00:00:00+00:00,0.0,2,0.0,negative,0.37636598365546137
2019-12-09 00:00:00+00:00,1.0,2,1.0986122886681098,positive,1.6774372025854214
2019-12-12 00:00:00+00:00,-1.0,1,-0.6931471805599453,negative,-0.5144147862965599
2019-12-17 00:00:00+00:00,-1.0,1,-0.6931471805599453,negative,-0.5260873787853745
2019-12-18 00:00:00+00:00,-1.0,1,-0.6931471805599453,negative,-0.5379744607446199
2019-12-20 00:00:00+00:00,1.0,1,0.6931471805599453,positive,1.141673556423001
2019-12-23 00:00:00+00:00,-1.0,1,-0.6931471805599453,negative,-0.5679442905457832
2019-12-30 00:00:00+00:00,1.0,1,0.6931471805599453,positive,1.1067736293086283
2020-01-06 00:00:00+00:00,-1.0,3,-1.3862943611198906,negative,-1.406632959604751
2020-01-07 00:00:00+00:00,0.6666666666666666,3,0.9241962407465937,positive,1.3713723825832362
2020-01-10 00:00:00+00:00,-1.0,2,-1.0986122886681098,negative,-1.0576157902364054
2020-01-13 00:00:00+00:00,1.0,1,0.6931471805599453,positive,1.0699781817874743
2020-01-14 00:00:00+00:00,1.0,1,0.6931471805599453,positive,1.0358068973600467
2020-01-15 00:00:00+00:00,-1.0,1,-0.6931471805599453,negative,-0.587572833596947
2020-01-16 00:00:00+00:00,-1.0,1,-0.6931471805599453,negative,-0.5725895595336002
2020-01-17 00:00:00+00:00,-1.0,2,-1.0986122886681098,negative,-1.0347885394314005
2020-01-18 00:00:00+00:00,-1.0,5,-1.791759469228055,negative,-1.7778164381380135
2020-01-21 00:00:00+00:00,-1.0,2,-1.0986122886681098,negative,-0.9557050317430704
2020-01-22 00:00:00+00:00,-1.0,1,-0.6931471805599453,negative,-0.4705219778656139
2020-01-23 00:00:00+00:00,-1.0,2,-1.0986122886681098,negative,-0.9063489107262834
2020-01-24 00:00:00+00:00,-1.0,1,-0.6931471805599453,negative,-0.43785523663697967
2020-01-25 00:00:00+00:00,-1.0,1,-0.6931471805599453,negative,-0.4378552366369797
2020-01-28 00:00:00+00:00,-1.0,6,-1.9459101490553132,negative,-1.8108612849535075
2020-01-30 00:00:00+00:00,-0.8,5,-1.433407575382444,negative,-1.22034884965776
2020-01-31 00:00:00+00:00,-1.0,3,-1.3862943611198906,negative,-1.1286639634519449
2020-02-02 00:00:00+00:00,0.3333333333333333,6,0.648636716351771,positive,1.1121111208288756
2020-02-04 00:00:00+00:00,0.0,8,0.0,negative,0.41436022994921756
2020-02-05 00:00:00+00:00,-1.0,2,-1.0986122886681098,negative,-0.7808684296853042
2020-02-07 00:00:00+00:00,0.0,4,0.0,negative,0.43747222458653046
2020-02-10 00:00:00+00:00,-0.5,4,-0.8047189562170501,negative,-0.4615317379955866
2020-02-11 00:00:00+00:00,0.0,3,0.0,negative,0.4203201407043295
2020-02-12 00:00:00+00:00,-1.0,2,-1.0986122886681098,negative,-0.799676448910132
2020-02-13 00:00:00+00:00,-1.0,2,-1.0986122886681098,negative,-0.8256340261074937
2020-02-14 00:00:00+00:00,1.0,2,1.0986122886681098,positive,1.6698866368682928
2020-02-15 00:00:00+00:00,-1.0,4,-1.6094379124341003,negative,-1.3811341115305238
2020-02-16 00:00:00+00:00,0.5,4,0.8047189562170501,positive,1.2843383491059082
2020-02-18 00:00:00+00:00,0.25,8,0.5493061443340549,positive,0.9700909700985187
2020-02-19 00:00:00+00:00,0.1111111111111111,9,0.2558427881104495,positive,0.6223669009899301
2020-02-20 00:00:00+00:00,-0.3333333333333333,6,-0.648636716351771,negative,-0.35963075189913346
2020-02-21 00:00:00+00:00,0.16666666666666666,6,0.3243183581758855,positive,0.7418747361811463
2020-02-22 00:00:00+00:00,0.0,4,0.0,negative,0.39329470064354694
2020-02-23 00:00:00+00:00,-1.0,4,-1.6094379124341003,negative,-1.4004060563632752
2020-02-24 00:00:00+00:00,-0.4166666666666667,12,-1.068728898942307,negative,-0.7666020194859582
2020-02-25 00:00:00+00:00,-0.3333333333333333,6,-0.648636716351771,negative,-0.2931247546552785
2020-02-26 00:00:00+00:00,-1.0,12,-2.5649493574615367,negative,-2.3268697766648407
2020-02-27 00:00:00+00:00,-0.25,12,-0.6412373393653842,negative,-0.21991155426197787
2020-02-28 00:00:00+00:00,1.0,2,1.0986122886681098,positive,1.6676292756169109
2020-02-29 00:00:00+00:00,-1.0,4,-1.6094379124341003,negative,-1.2625482016247185
2020-03-01 00:00:00+00:00,-0.5,4,-0.8047189562170501,negative,-0.335236859391098
2020-03-02 00:00:00+00:00,-0.5,2,-0.5493061443340549,negative,-0.0468905101566656
2020-03-03 00:00:00+00:00,0.05555555555555555,18,0.16357994328702444,negative,0.739363548202719
2020-03-04 00:00:00+00:00,1.0,3,1.3862943611198906,positive,2.059490380604288
2020-03-05 00:00:00+00:00,0.6666666666666666,6,1.297273432703542,positive,1.8689672790737337
2020-03-06 00:00:00+00:00,-0.6,5,-1.0750556815368328,negative,-0.7045439749180183
2020-03-08 00:00:00+00:00,-0.7142857142857143,7,-1.4853153869141684,negative,-1.1364728474335246
2020-03-09 00:00:00+00:00,0.2,5,0.358351893845611,positive,0.8467249080957188
2020-03-10 00:00:00+00:00,-0.3333333333333333,6,-0.648636716351771,negative,-0.24586555505739788
2020-03-11 00:00:00+00:00,-0.2,5,-0.358351893845611,negative,0.08781432763434782
2020-03-12 00:00:00+00:00,-0.8,10,-1.9183162182386966,negative,-1.576456986417537
2020-03-13 00:00:00+00:00,-0.1111111111111111,9,-0.2558427881104495,negative,0.21616096792463796
2020-03-14 00:00:00+00:00,1.0,2,1.0986122886681098,positive,1.6207648419328793
2020-03-15 00:00:00+00:00,0.3333333333333333,3,0.46209812037329684,positive,0.9751044299854719
2020-03-16 00:00:00+00:00,1.0,6,1.9459101490553132,positive,2.3906214135215293
2020-03-17 00:00:00+00:00,1.0,2,1.0986122886681098,positive,1.471447985836372
2020-03-18 00:00:00+00:00,0.5,4,0.8047189562170501,positive,1.1410371319459183
2020-03-20 00:00:00+00:00,0.3333333333333333,3,0.46209812037329684,positive,0.8091686601820441
2020-03-21 00:00:00+00:00,1.0,2,1.0986122886681098,positive,1.3884804395277681
2020-03-22 00:00:00+00:00,0.42857142857142855,7,0.891189232148501,positive,1.1786211553320443
2020-03-23 00:00:00+00:00,-0.4,10,-0.9591581091193483,negative,-0.6315518980052054
2020-03-24 00:00:00+00:00,-1.0,4,-1.6094379124341003,negative,-1.2260043621888135
2020-03-25 00:00:00+00:00,0.1111111111111111,9,0.2558427881104495,positive,0.5770839531008959
2020-03-26 00:00:00+00:00,-0.2,5,-0.358351893845611,negative,-0.007494534045003636
2020-03-27 00:00:00+00:00,0.0,6,0.0,negative,0.36099649978161236
2020-03-29 00:00:00+00:00,0.0,6,0.0,negative,0.34944564037955167
2020-03-31 00:00:00+00:00,-0.14285714285714285,7,-0.29706307738283366,negative,0.046972547853863136
2020-04-01 00:00:00+00:00,0.0,6,0.0,negative,0.32624491047839826
2020-04-02 00:00:00+00:00,0.6666666666666666,6,1.297273432703542,positive,1.5691700676802094
2020-04-03 00:00:00+00:00,-1.0,5,-1.791759469228055,negative,-1.4833586488901198
2020-04-04 00:00:00+00:00,0.2,5,0.358351893845611,positive,0.6162290105687441
2020-04-05 00:00:00+00:00,-0.6,5,-1.0750556815368328,negative,-0.7937482187785703
2020-04-06 00:00:00+00:00,1.0,5,1.791759469228055,positive,1.9236424248997284
2020-04-07 00:00:00+00:00,-0.2,5,-0.358351893845611,negative,-0.1310987788560241
2020-04-08 00:00:00+00:00,-0.3333333333333333,6,-0.648636716351771,negative,-0.43848896157525563
2020-04-09 00:00:00+00:00,0.0,12,0.0,negative,0.17343719385447212
2020-04-10 00:00:00+00:00,1.0,2,1.0986122886681098,positive,1.2176512949455822
2020-04-12 00:00:00+00:00,-1.0,4,-1.6094379124341003,negative,-1.4031107573245303
2020-04-13 00:00:00+00:00,-0.4444444444444444,9,-1.023371152441798,negative,-0.8100816832882636
2020-04-14 00:00:00+00:00,0.14285714285714285,7,0.29706307738283366,positive,0.4512473355075223
2020-04-15 00:00:00+00:00,-0.3,10,-0.7193685818395111,negative,-0.5274392281932669
2020-04-16 00:00:00+00:00,-0.16666666666666666,12,-0.42749155957692275,negative,-0.2501217775046133
2020-04-17 00:00:00+00:00,-1.0,4,-1.6094379124341003,negative,-1.3558432340615612
2020-04-18 00:00:00+00:00,-1.0,2,-1.0986122886681098,negative,-0.8651237085632449
2020-04-19 00:00:00+00:00,-0.16666666666666666,6,-0.3243183581758855,negative,-0.1345527993866974
2020-04-20 00:00:00+00:00,-0.75,8,-1.6479184330021646,negative,-1.3659308462880366
2020-04-21 00:00:00+00:00,-0.7142857142857143,7,-1.4853153869141684,negative,-1.2143143548811615
2020-04-22 00:00:00+00:00,-0.14285714285714285,7,-0.29706307738283366,negative,-0.04860200039115063
2020-04-23 00:00:00+00:00,-1.0,6,-1.9459101490553132,negative,-1.5882022151155386
2020-04-25 00:00:00+00:00,-1.0,2,-1.0986122886681098,negative,-0.7525825645542038
2020-04-26 00:00:00+00:00,-1.0,4,-1.6094379124341003,negative,-1.2111023122326439
2020-04-28 00:00:00+00:00,-0.6666666666666666,6,-1.297273432703542,negative,-0.8875200715199583
2020-04-29 00:00:00+00:00,-0.5,8,-1.0986122886681098,negative,-0.6812003561269866
2020-04-30 00:00:00+00:00,-1.0,3,-1.3862943611198906,negative,-0.9582636380514215
2020-05-01 00:00:00+00:00,-1.0,3,-1.3862943611198906,negative,-0.949405165058993
2020-05-02 00:00:00+00:00,0.3333333333333333,6,0.648636716351771,positive,0.9328332921697957
2020-05-03 00:00:00+00:00,-0.5,8,-1.0986122886681098,negative,-0.7419625326248969
2020-05-04 00:00:00+00:00,0.07692307692307693,13,0.2030044099704045,negative,0.49741483127936265
2020-05-05 00:00:00+00:00,0.0,14,0.0,negative,0.32469196093877306
2020-05-06 00:00:00+00:00,0.0,6,0.0,negative,0.302340275872038
2020-05-07 00:00:00+00:00,0.25,8,0.5493061443340549,positive,0.8203157278979002
2020-05-08 00:00:00+00:00,-0.16666666666666666,12,-0.42749155957692275,negative,-0.14437761320972742
2020-05-09 00:00:00+00:00,-0.75,4,-1.2070784343255752,negative,-0.8858804002163762
2020-05-10 00:00:00+00:00,0.0,8,0.0,negative,0.3283069206542489
2020-05-11 00:00:00+00:00,-0.25,8,-0.5493061443340549,negative,-0.19679554700490628
2020-05-12 00:00:00+00:00,-0.5555555555555556,9,-1.2792139405522478,negative,-0.9404667651683146
2020-05-13 00:00:00+00:00,0.14285714285714285,14,0.3868643144431728,positive,0.7393861851290964
2020-05-14 00:00:00+00:00,-0.3333333333333333,6,-0.648636716351771,negative,-0.31247147904080075
2020-05-15 00:00:00+00:00,0.0,4,0.0,negative,0.34766675813109515
2020-05-16 00:00:00+00:00,-0.1111111111111111,9,-0.2558427881104495,negative,0.08112703075597075
2020-05-17 00:00:00+00:00,0.0,4,0.0,negative,0.3200179034833037
2020-05-18 00:00:00+00:00,-1.0,4,-1.6094379124341003,negative,-1.338899800809782
2020-05-19 00:00:00+00:00,-0.14285714285714285,7,-0.29706307738283366,negative,0.05421896304667526
2020-05-20 00:00:00+00:00,-1.0,11,-2.4849066497880004,negative,-2.142522239618587
2020-05-21 00:00:00+00:00,-0.3333333333333333,9,-0.7675283643313486,negative,-0.35124384279200915
2020-05-22 00:00:00+00:00,-0.25,8,-0.5493061443340549,negative,-0.08791834560311768
2020-05-23 00:00:00+00:00,-0.3333333333333333,6,-0.648636716351771,negative,-0.17404038083405848
2020-05-24 00:00:00+00:00,-0.3333333333333333,3,-0.46209812037329684,negative,0.05395406500858476
2020-05-25 00:00:00+00:00,0.6,5,1.0750556815368328,positive,1.804764892844033
2020-05-26 00:00:00+00:00,-0.5,4,-0.8047189562170501,negative,-0.3101310432567617
2020-05-27 00:00:00+00:00,0.16666666666666666,12,0.42749155957692275,positive,1.087717125845157
2020-05-28 00:00:00+00:00,-0.875,8,-1.922571505169192,negative,-1.6041516066216905
2020-05-29 00:00:00+00:00,0.3333333333333333,3,0.46209812037329684,positive,1.1154024630909294
2020-05-30 00:00:00+00:00,-0.5,4,-0.8047189562170501,negative,-0.31932900825729715
2020-05-31 00:00:00+00:00,0.2,5,0.358351893845611,positive,0.9928068654486194
2020-06-01 00:00:00+00:00,-0.5,12,-1.2824746787307684,negative,-0.83856765490635
2020-06-02 00:00:00+00:00,-0.5,8,-1.0986122886681098,negative,-0.6143050716269419
2020-06-03 00:00:00+00:00,-1.0,2,-1.0986122886681098,negative,-0.5938686085894511
2020-06-04 00:00:00+00:00,0.14285714285714285,7,0.29706307738283366,positive,1.027820694219322
2020-06-05 00:00:00+00:00,-1.0,3,-1.3862943611198906,negative,-0.9436632254207297
2020-06-06 00:00:00+00:00,1.0,2,1.0986122886681098,positive,1.912227161313734
2020-06-08 00:00:00+00:00,-0.8,5,-1.433407575382444,negative,-0.9791478656905656
2020-06-09 00:00:00+00:00,-0.42857142857142855,7,-0.891189232148501,negative,-0.33091376420560126
2020-06-10 00:00:00+00:00,0.3333333333333333,3,0.46209812037329684,positive,1.2839520047434385
2020-06-11 00:00:00+00:00,1.0,2,1.0986122886681098,positive,1.9472438534118561
2020-06-12 00:00:00+00:00,-0.6,5,-1.0750556815368328,negative,-0.5588946831959245
2020-06-13 00:00:00+00:00,0.2,5,0.358351893845611,positive,1.1496547914169812
2020-06-14 00:00:00+00:00,-1.0,2,-1.0986122886681098,negative,-0.6010281512022708
2020-06-15 00:00:00+00:00,-1.0,7,-2.0794415416798357,negative,-1.7173579971769886
2020-06-16 00:00:00+00:00,-1.0,4,-1.6094379124341003,negative,-1.1272390004341535
2020-06-17 00:00:00+00:00,-0.3333333333333333,3,-0.46209812037329684,negative,0.21278717583322945
2020-06-18 00:00:00+00:00,0.7142857142857143,7,1.4853153869141684,positive,2.340204865855245
2020-06-19 00:00:00+00:00,0.0,4,0.0,negative,0.6573904351393951
2020-06-20 00:00:00+00:00,-1.0,3,-1.3862943611198906,negative,-0.8915958355702256
2020-06-21 00:00:00+00:00,-1.0,3,-1.3862943611198906,negative,-0.8667806863687935
2020-06-22 00:00:00+00:00,-1.0,2,-1.0986122886681098,negative,-0.5618205919125494
2020-06-23 00:00:00+00:00,-0.5,4,-0.8047189562170501,negative,-0.24652744860255346
2020-06-24 00:00:00+00:00,-0.3333333333333333,6,-0.648636716351771,negative,-0.06325678727048673
2020-06-25 00:00:00+00:00,-1.0,11,-2.4849066497880004,negative,-2.0943229229839186
2020-06-27 00:00:00+00:00,-1.0,2,-1.0986122886681098,negative,-0.5525430190602791
2020-06-29 00:00:00+00:00,-1.0,2,-1.0986122886681098,negative,-0.5666208172778836
2020-06-30 00:00:00+00:00,-0.42857142857142855,7,-0.891189232148501,negative,-0.3431311794491151
2020-07-01 00:00:00+00:00,-0.5,6,-0.9729550745276566,negative,-0.4381082154851787
2020-07-02 00:00:00+00:00,0.3333333333333333,3,0.46209812037329684,positive,1.140443549310714
2020-07-04 00:00:00+00:00,1.0,4,1.6094379124341003,positive,2.280986528969935
2020-07-05 00:00:00+00:00,0.6666666666666666,6,1.297273432703542,positive,1.8969343503340546
2020-07-06 00:00:00+00:00,0.16666666666666666,18,0.49073982986107334,positive,1.008870405943329
2020-07-07 00:00:00+00:00,-1.0,8,-2.1972245773362196,negative,-1.7424892907750966
2020-07-08 00:00:00+00:00,-1.0,1,-0.6931471805599453,negative,-0.18093635571769953
2020-07-09 00:00:00+00:00,-1.0,5,-1.791759469228055,negative,-1.269773737203615
2020-07-10 00:00:00+00:00,-0.3333333333333333,3,-0.46209812037329684,negative,0.10582655405233492
2020-07-11 00:00:00+00:00,0.0,2,0.0,negative,0.5737627782898203
2020-07-12 00:00:00+00:00,-1.0,2,-1.0986122886681098,negative,-0.5593429529926923
2020-07-13 00:00:00+00:00,-0.3333333333333333,6,-0.648636716351771,negative,-0.08482544945702568
2020-07-14 00:00:00+00:00,-0.2,5,-0.358351893845611,negative,0.21171830193610883
2020-07-15 00:00:00+00:00,-0.1111111111111111,9,-0.2558427881104495,negative,0.3011591601773365
2020-07-17 00:00:00+00:00,0.0,4,0.0,negative,0.5761432170749461
2020-07-18 00:00:00+00:00,-1.0,2,-1.0986122886681098,negative,-0.5596916579721464
2020-07-19 00:00:00+00:00,0.2,5,0.358351893845611,positive,0.9442137719034909
2020-07-20 00:00:00+00:00,0.25,4,0.40235947810852507,positive,0.971207170959683
2020-07-21 00:00:00+00:00,-1.0,4,-1.6094379124341003,negative,-1.0598546903403288
2020-07-22 00:00:00+00:00,-1.0,4,-1.6094379124341003,negative,-1.0598546903403288
2020-07-23 00:00:00+00:00,-0.8181818181818182,11,-2.033105440735637,negative,-1.4370862671551414
2020-07-25 00:00:00+00:00,1.0,1,0.6931471805599453,positive,1.2641701766058224
2020-07-26 00:00:00+00:00,0.0,1,0.0,negative,0.5428833674007268
2020-07-27 00:00:00+00:00,-0.2,5,-0.358351893845611,negative,0.17480565911530535
2020-07-28 00:00:00+00:00,-0.2857142857142857,7,-0.5941261547656673,negative,-0.06607372756978831
2020-07-29 00:00:00+00:00,0.3333333333333333,3,0.46209812037329684,positive,0.9849693072130254
2020-07-30 00:00:00+00:00,-0.2727272727272727,11,-0.6777018135785455,negative,-0.13902959877014812
2020-07-31 00:00:00+00:00,-0.2857142857142857,7,-0.5941261547656673,negative,-0.05641489614813323
2020-08-03 00:00:00+00:00,-0.14285714285714285,7,-0.29706307738283366,negative,0.2650180321448927
2020-08-04 00:00:00+00:00,-0.6,5,-1.0750556815368328,negative,-0.5682814611281433
2020-08-05 00:00:00+00:00,0.0,8,0.0,negative,0.5802099016044926
2020-08-06 00:00:00+00:00,-1.0,2,-1.0986122886681098,negative,-0.5824968488956851
2020-08-07 00:00:00+00:00,0.0,3,0.0,negative,0.5934183404829556
2020-08-08 00:00:00+00:00,1.0,1,0.6931471805599453,positive,1.2860754438976436
2020-08-09 00:00:00+00:00,0.0,1,0.0,negative,0.5341665767770247
2020-08-10 00:00:00+00:00,0.0,4,0.0,negative,0.5153679409160267
2020-08-11 00:00:00+00:00,-1.0,10,-2.3978952727983707,negative,-1.9246198512577655
2020-08-12 00:00:00+00:00,-1.0,1,-0.6931471805599453,negative,-0.17985626463894722
2020-08-13 00:00:00+00:00,-1.0,9,-2.302585092994046,negative,-1.7853889826281026
2020-08-14 00:00:00+00:00,0.0,8,0.0,negative,0.5739149245608951
2020-08-15 00:00:00+00:00,0.0,2,0.0,negative,0.5575859049525962
2020-08-16 00:00:00+00:00,0.0,2,0.0,negative,0.5692867060689952
2020-08-17 00:00:00+00:00,-0.1875,16,-0.5312275020105406,negative,0.0443747474269318
2020-08-18 00:00:00+00:00,-0.3,20,-0.9133567313170269,negative,-0.3683142062659972
2020-08-19 00:00:00+00:00,-0.08333333333333333,12,-0.21374577978846138,negative,0.3951516054727421
2020-08-20 00:00:00+00:00,-0.1111111111111111,9,-0.2558427881104495,negative,0.3350809242867455
2020-08-21 00:00:00+00:00,0.0,6,0.0,negative,0.5864917306623999
2020-08-22 00:00:00+00:00,-1.0,2,-1.0986122886681098,negative,-0.6424578242222092
2020-08-24 00:00:00+00:00,-0.3333333333333333,3,-0.46209812037329684,negative,0.0670843514210468
2020-08-25 00:00:00+00:00,-1.0,4,-1.6094379124341003,negative,-1.1927976308595811
2020-08-26 00:00:00+00:00,0.0,2,0.0,negative,0.6609774415176726
2020-08-27 00:00:00+00:00,-0.4,5,-0.716703787691222,negative,-0.17869181772565942
2020-08-29 00:00:00+00:00,-1.0,4,-1.6094379124341003,negative,-1.2044948921598817
2020-08-30 00:00:00+00:00,-1.0,7,-2.0794415416798357,negative,-1.6907759865637755
2020-08-31 00:00:00+00:00,-0.7777777777777778,9,-1.7908995167731467,negative,-1.3263958524984705
2020-09-01 00:00:00+00:00,1.0,1,0.6931471805599453,positive,1.3898343025060818
2020-09-02 00:00:00+00:00,-0.5,10,-1.1989476363991853,negative,-0.7289711837309946
2020-09-03 00:00:00+00:00,-1.0,5,-1.791759469228055,negative,-1.369263788244466
2020-09-04 00:00:00+00:00,0.3333333333333333,6,0.648636716351771,positive,1.3106253774351542
2020-09-05 00:00:00+00:00,-0.8333333333333334,6,-1.6215917908794277,negative,-1.171175520424083
2020-09-06 00:00:00+00:00,-1.0,2,-1.0986122886681098,negative,-0.5965661330529156
2020-09-08 00:00:00+00:00,-0.2222222222222222,9,-0.511685576220899,negative,0.06249787440413158
2020-09-09 00:00:00+00:00,-1.0,5,-1.791759469228055,negative,-1.3354765679988774
2020-09-10 00:00:00+00:00,-1.0,9,-2.302585092994046,negative,-1.874475805596842
2020-09-11 00:00:00+00:00,0.6666666666666666,3,0.9241962407465937,positive,1.8314974964167656
2020-09-12 00:00:00+00:00,-0.6666666666666666,6,-1.297273432703542,negative,-0.7414727789965984
2020-09-13 00:00:00+00:00,-1.0,2,-1.0986122886681098,negative,-0.500336217335619
2020-09-14 00:00:00+00:00,0.16666666666666666,6,0.3243183581758855,positive,1.1223322129006152
2020-09-15 00:00:00+00:00,-0.45454545454545453,11,-1.1295030226309093,negative,-0.5654140938262306
2020-09-16 00:00:00+00:00,-0.5454545454545454,11,-1.355403627157091,negative,-0.8023488351459671
2020-09-17 00:00:00+00:00,-0.5,6,-0.9729550745276566,negative,-0.35877899663882235
2020-09-18 00:00:00+00:00,-0.5,8,-1.0986122886681098,negative,-0.49578990856979427
2020-09-19 00:00:00+00:00,-1.0,1,-0.6931471805599453,negative,-0.01653505224083304
2020-09-20 00:00:00+00:00,-0.7142857142857143,7,-1.4853153869141684,negative,-0.9126602678221523
2020-09-21 00:00:00+00:00,-1.0,2,-1.0986122886681098,negative,-0.4440666718824279
2020-09-22 00:00:00+00:00,-0.6,5,-1.0750556815368328,negative,-0.4171398118072747
2020-09-23 00:00:00+00:00,-1.0,7,-2.0794415416798357,negative,-1.530626260463455
2020-09-24 00:00:00+00:00,-1.0,1,-0.6931471805599453,negative,0.09782104715978503
2020-09-28 00:00:00+00:00,-1.0,2,-1.0986122886681098,negative,-0.39204817728666896
2020-09-29 00:00:00+00:00,-1.0,1,-0.6931471805599453,negative,0.07093325368654764
2020-09-30 00:00:00+00:00,-1.0,2,-1.0986122886681098,negative,-0.4405675220954767
2020-10-01 00:00:00+00:00,0.2,5,0.358351893845611,positive,1.3554339227992187
2020-10-05 00:00:00+00:00,0.0,2,0.0,negative,0.9142096543795494
2020-10-07 00:00:00+00:00,-1.0,1,-0.6931471805599453,negative,0.06776385276054234
2020-10-08 00:00:00+00:00,-1.0,1,-0.6931471805599453,negative,0.06981848479915877
2020-10-09 00:00:00+00:00,-1.0,5,-1.791759469228055,negative,-1.2469762490837473
2020-10-12 00:00:00+00:00,-1.0,2,-1.0986122886681098,negative,-0.3773681275465665
2020-10-15 00:00:00+00:00,1.0,1,0.6931471805599453,positive,1.7692150739085233
2020-10-19 00:00:00+00:00,0.0,2,0.0,negative,0.9225318404145917
2020-10-21 00:00:00+00:00,-1.0,1,-0.6931471805599453,negative,0.08225455965524713
2020-10-26 00:00:00+00:00,0.0,1,0.0,negative,0.9159070642308508
2020-11-02 00:00:00+00:00,1.0,1,0.6931471805599453,positive,1.674113002817509
2020-11-03 00:00:00+00:00,1.0,1,0.6931471805599453,positive,1.6323877678971714
2020-11-05 00:00:00+00:00,1.0,1,0.6931471805599453,positive,1.6323877678971712
2020-11-06 00:00:00+00:00,-1.0,1,-0.6931471805599453,negative,0.04476910785657606
2020-11-12 00:00:00+00:00,-1.0,3,-1.3862943611198906,negative,-0.7349697504664326
2020-11-13 00:00:00+00:00,-1.0,2,-1.0986122886681098,negative,-0.4387061777442537
2020-11-17 00:00:00+00:00,1.0,5,1.791759469228055,positive,2.776019978584212
2020-11-18 00:00:00+00:00,-1.0,1,-0.6931471805599453,negative,-0.032510552345533815
2020-11-20 00:00:00+00:00,0.5,4,0.8047189562170501,positive,1.6440230486575067
2020-12-01 00:00:00+00:00,-1.0,2,-1.0986122886681098,negative,-0.48542435075813656
2020-12-03 00:00:00+00:00,-1.0,2,-1.0986122886681098,negative,-0.46614158843339254
2020-12-04 00:00:00+00:00,1.0,2,1.0986122886681098,positive,1.9330745732050658
2020-12-07 00:00:00+00:00,-1.0,2,-1.0986122886681098,negative,-0.47683383816286645
2020-12-08 00:00:00+00:00,-1.0,1,-0.6931471805599453,negative,-0.02324164503477686
2020-12-09 00:00:00+00:00,-1.0,3,-1.3862943611198906,negative,-0.7621838088445211
2020-12-17 00:00:00+00:00,-1.0,4,-1.6094379124341003,negative,-0.974142293127666
2020-12-18 00:00:00+00:00,-1.0,1,-0.6931471805599453,negative,0.01943918969982109
2020-12-21 00:00:00+00:00,-1.0,2,-1.0986122886681098,negative,-0.4121953740584881
2020-12-30 00:00:00+00:00,-1.0,2,-1.0986122886681098,negative,-0.42430613771375614
2021-01-04 00:00:00+00:00,-1.0,2,-1.0986122886681098,negative,-0.4057424583919478
2021-01-13 00:00:00+00:00,-1.0,1,-0.6931471805599453,negative,0.041735927854606295
2021-01-19 00:00:00+00:00,1.0,1,0.6931471805599453,positive,1.512587251152062
2021-01-22 00:00:00+00:00,1.0,2,1.0986122886681098,positive,1.8763275307226075
2021-01-27 00:00:00+00:00,1.0,1,0.6931471805599453,positive,1.3891870396240529
2021-01-29 00:00:00+00:00,1.0,1,0.6931471805599453,positive,1.3891870396240527
2021-02-02 00:00:00+00:00,-0.5,8,-1.0986122886681098,negative,-0.5407369798847013
2021-02-03 00:00:00+00:00,-1.0,1,-0.6931471805599453,negative,-0.1255804067560962
2021-02-05 00:00:00+00:00,-1.0,7,-2.0794415416798357,negative,-1.5805018019472046
2021-02-06 00:00:00+00:00,-0.6666666666666666,6,-1.297273432703542,negative,-0.741224370657336
2021-02-07 00:00:00+00:00,-1.0,1,-0.6931471805599453,negative,-0.08932732506204333
2021-02-08 00:00:00+00:00,1.0,1,0.6931471805599453,positive,1.382313633918427
2021-02-09 00:00:00+00:00,-1.0,3,-1.3862943611198906,negative,-0.869575535745412
2021-02-10 00:00:00+00:00,-1.0,3,-1.3862943611198906,negative,-0.9074077083080683
2021-02-11 00:00:00+00:00,-0.2,5,-0.358351893845611,negative,0.26436343944094715
2021-02-12 00:00:00+00:00,-0.3333333333333333,3,-0.46209812037329684,negative,0.1312389890457042
2021-02-13 00:00:00+00:00,-1.0,2,-1.0986122886681098,negative,-0.596711354317475
2021-02-15 00:00:00+00:00,1.0,2,1.0986122886681098,positive,1.8608845933313765
2021-02-16 00:00:00+00:00,0.0,7,0.0,negative,0.6102990881084679
2021-02-17 00:00:00+00:00,-0.6666666666666666,9,-1.5350567286626973,negative,-1.1011714207707186
2021-02-18 00:00:00+00:00,-1.0,2,-1.0986122886681098,negative,-0.6110869745634034
2021-02-19 00:00:00+00:00,-0.7142857142857143,7,-1.4853153869141684,negative,-1.0286468085426808
2021-02-20 00:00:00+00:00,-1.0,4,-1.6094379124341003,negative,-1.1365752761046548
2021-02-21 00:00:00+00:00,-0.625,8,-1.3732653608351373,negative,-0.8816242990181893
2021-02-22 00:00:00+00:00,-1.0,2,-1.0986122886681098,negative,-0.5801561263666174
2021-02-23 00:00:00+00:00,-1.0,5,-1.791759469228055,negative,-1.311511005007027
2021-02-24 00:00:00+00:00,-1.0,5,-1.791759469228055,negative,-1.3270617651305427
2021-02-25 00:00:00+00:00,-0.5,8,-1.0986122886681098,negative,-0.5608704113834222
2021-02-26 00:00:00+00:00,-0.8888888888888888,9,-2.046742304883596,negative,-1.5482249776359827
2021-02-27 00:00:00+00:00,-1.0,4,-1.6094379124341003,negative,-1.053837637372783
2021-02-28 00:00:00+00:00,-0.2,5,-0.358351893845611,negative,0.25939645643484116
2021-03-01 00:00:00+00:00,-0.8,5,-1.433407575382444,negative,-0.8524867077419428
2021-03-02 00:00:00+00:00,-1.0,8,-2.1972245773362196,negative,-1.5966916770222013
2021-03-03 00:00:00+00:00,-0.1111111111111111,9,-0.2558427881104495,negative,0.4236455956582276
2021-03-04 00:00:00+00:00,-0.6666666666666666,6,-1.297273432703542,negative,-0.6500187109710384
2021-03-05 00:00:00+00:00,-0.75,8,-1.6479184330021646,negative,-1.01983627263946
2021-03-09 00:00:00+00:00,-1.0,3,-1.3862943611198906,negative,-0.7398866545545228
2021-03-10 00:00:00+00:00,-0.5,8,-1.0986122886681098,negative,-0.41657432682097223
2021-03-11 00:00:00+00:00,-1.0,3,-1.3862943611198906,negative,-0.6964510319395821
2021-03-12 00:00:00+00:00,-1.0,3,-1.3862943611198906,negative,-0.6815046830796262
2021-03-13 00:00:00+00:00,-1.0,4,-1.6094379124341003,negative,-0.8867592642452126
2021-03-14 00:00:00+00:00,-1.0,2,-1.0986122886681098,negative,-0.32485574006640155
2021-03-16 00:00:00+00:00,-0.75,8,-1.6479184330021646,negative,-0.8856219118525458
2021-03-17 00:00:00+00:00,-0.75,8,-1.6479184330021646,negative,-0.8584882645639088
2021-03-18 00:00:00+00:00,0.0,2,0.0,negative,0.9486559416187034
2021-03-19 00:00:00+00:00,0.0,1,0.0,negative,0.9191237672092448
2021-03-20 00:00:00+00:00,-1.0,5,-1.791759469228055,negative,-1.0225861840201598
2021-03-21 00:00:00+00:00,-1.0,2,-1.0986122886681098,negative,-0.23439240249319324
2021-03-22 00:00:00+00:00,-1.0,2,-1.0986122886681098,negative,-0.2264832932265039
2021-03-24 00:00:00+00:00,-1.0,2,-1.0986122886681098,negative,-0.1961469020659889
2021-03-25 00:00:00+00:00,-0.5,4,-0.8047189562170501,negative,0.15495917770473266
2021-03-26 00:00:00+00:00,-1.0,4,-1.6094379124341003,negative,-0.8081331716061051
2021-03-27 00:00:00+00:00,-0.14285714285714285,7,-0.29706307738283366,negative,0.8466366228727707
2021-03-28 00:00:00+00:00,-1.0,1,-0.6931471805599453,negative,0.3350371257488475
2021-03-29 00:00:00+00:00,-1.0,2,-1.0986122886681098,negative,-0.17083367350228051
2021-03-31 00:00:00+00:00,-0.3333333333333333,6,-0.648636716351771,negative,0.38521270714073463
2021-04-04 00:00:00+00:00,-0.5,4,-0.8047189562170501,negative,0.17079029406636678
2021-04-05 00:00:00+00:00,-1.0,7,-2.0794415416798357,negative,-1.4057997934613564
2021-04-06 00:00:00+00:00,0.0,6,0.0,negative,1.1720666438840648
2021-04-07 00:00:00+00:00,0.0,1,0.0,negative,1.1368048725039936
2021-04-08 00:00:00+00:00,-1.0,3,-1.3862943611198906,negative,-0.5600774954477485
2021-04-09 00:00:00+00:00,-1.0,2,-1.0986122886681098,negative,-0.1990571145559457
2021-04-12 00:00:00+00:00,0.0,4,0.0,negative,1.1903991075406464
2021-04-13 00:00:00+00:00,-1.0,5,-1.791759469228055,negative,-1.0512997576469048
2021-04-14 00:00:00+00:00,-1.0,3,-1.3862943611198906,negative,-0.49032642319487896
2021-04-15 00:00:00+00:00,-1.0,2,-1.0986122886681098,negative,-0.05516519106905576
2021-04-16 00:00:00+00:00,-1.0,2,-1.0986122886681098,negative,-0.05516519106905576
2021-04-17 00:00:00+00:00,-1.0,1,-0.6931471805599453,negative,0.5333861859169238
2021-04-20 00:00:00+00:00,-1.0,4,-1.6094379124341003,negative,-0.8189231520659835
2021-04-21 00:00:00+00:00,-1.0,3,-1.3862943611198906,negative,-0.48800859719156664
2021-04-22 00:00:00+00:00,-1.0,1,-0.6931471805599453,negative,0.5307410688950245
2021-04-23 00:00:00+00:00,-1.0,5,-1.791759469228055,negative,-1.0758118879472547
2021-04-24 00:00:00+00:00,-0.3333333333333333,6,-0.648636716351771,negative,0.6704594954716259
2021-04-25 00:00:00+00:00,-1.0,1,-0.6931471805599453,negative,0.5833820856681511
2021-04-26 00:00:00+00:00,-1.0,2,-1.0986122886681098,negative,-0.022493661584835054
2021-04-27 00:00:00+00:00,-1.0,2,-1.0986122886681098,negative,-0.0060265268266684775
2021-04-28 00:00:00+00:00,-1.0,4,-1.6094379124341003,negative,-0.7901678292688628
2021-04-29 00:00:00+00:00,-1.0,4,-1.6094379124341003,negative,-0.8020243976177871
2021-04-30 00:00:00+00:00,-0.6666666666666666,6,-1.297273432703542,negative,-0.22926982831643278
2021-05-01 00:00:00+00:00,-0.2,5,-0.358351893845611,negative,1.4079786758850723
2021-05-02 00:00:00+00:00,-1.0,5,-1.791759469228055,negative,-1.107656448834629
2021-05-03 00:00:00+00:00,-0.2857142857142857,14,-0.7737286288863456,negative,0.6613507605764921
2021-05-04 00:00:00+00:00,-0.8571428571428571,7,-1.782378464297002,negative,-1.1004450532522834
2021-05-05 00:00:00+00:00,-1.0,7,-2.0794415416798357,negative,-1.5670661085015227
2021-05-06 00:00:00+00:00,0.6666666666666666,3,0.9241962407465937,positive,3.1964837847810634
2021-05-07 00:00:00+00:00,-1.0,2,-1.0986122886681098,negative,0.0327993695511445
2021-05-10 00:00:00+00:00,-0.5,4,-0.8047189562170501,negative,0.4719256029196523
2021-05-11 00:00:00+00:00,-1.0,1,-0.6931471805599453,negative,0.6355016095332318
2021-05-12 00:00:00+00:00,-0.8333333333333334,6,-1.6215917908794277,negative,-0.850568369346301
2021-05-13 00:00:00+00:00,-0.5,4,-0.8047189562170501,negative,0.4349955521687362
2021-05-14 00:00:00+00:00,-1.0,1,-0.6931471805599453,negative,0.6280776684085801
2021-05-15 00:00:00+00:00,-1.0,3,-1.3862943611198906,negative,-0.4948895027877346
2021-05-17 00:00:00+00:00,-0.2,5,-0.358351893845611,negative,1.1395759499564992
2021-05-18 00:00:00+00:00,-0.5,8,-1.0986122886681098,negative,-0.0578985604881605
2021-05-19 00:00:00+00:00,0.3333333333333333,3,0.46209812037329684,positive,2.3810992377900178
2021-05-20 00:00:00+00:00,-1.0,5,-1.791759469228055,negative,-1.1955435652485438
2021-05-21 00:00:00+00:00,-0.3333333333333333,6,-0.648636716351771,negative,0.5956104315382167
2021-05-22 00:00:00+00:00,-1.0,3,-1.3862943611198906,negative,-0.5633858854851355
2021-05-23 00:00:00+00:00,1.0,2,1.0986122886681098,positive,3.031698215879941
2021-05-24 00:00:00+00:00,0.0,2,0.0,negative,1.3827414671934624
2021-05-25 00:00:00+00:00,-0.8,5,-1.433407575382444,negative,-0.6775932659126187
2021-05-26 00:00:00+00:00,-0.5,8,-1.0986122886681098,negative,-0.19624510807779
2021-05-27 00:00:00+00:00,-1.0,2,-1.0986122886681098,negative,-0.21110354831647407
2021-05-30 00:00:00+00:00,-1.0,4,-1.6094379124341003,negative,-0.9532977702381056
2021-05-31 00:00:00+00:00,-0.3333333333333333,3,-0.46209812037329684,negative,0.7311427910785058
2021-06-01 00:00:00+00:00,-0.3333333333333333,6,-0.648636716351771,negative,0.48046477125958426
2021-06-02 00:00:00+00:00,-1.0,6,-1.9459101490553132,negative,-1.4427274044961698
2021-06-03 00:00:00+00:00,-0.5,4,-0.8047189562170501,negative,0.24292468606294323
2021-06-04 00:00:00+00:00,-1.0,4,-1.6094379124341003,negative,-0.9312667296552037
2021-06-05 00:00:00+00:00,-1.0,2,-1.0986122886681098,negative,-0.17905407260735137
2021-06-06 00:00:00+00:00,-0.5,4,-0.8047189562170501,negative,0.25371647414370946
2021-06-08 00:00:00+00:00,-0.6666666666666666,3,-0.9241962407465937,negative,0.06142241198561424
2021-06-09 00:00:00+00:00,-1.0,2,-1.0986122886681098,negative,-0.179000835156684
2021-06-10 00:00:00+00:00,-1.0,1,-0.6931471805599453,negative,0.42755609378977133
2021-06-11 00:00:00+00:00,-1.0,2,-1.0986122886681098,negative,-0.179000835156684
2021-06-12 00:00:00+00:00,0.5,4,0.8047189562170501,positive,2.4924072072324814
2021-06-13 00:00:00+00:00,-1.0,1,-0.6931471805599453,negative,0.36763777865125785
2021-06-14 00:00:00+00:00,0.0,2,0.0,negative,1.3093861479598639
2021-06-16 00:00:00+00:00,-0.8571428571428571,7,-1.782378464297002,negative,-1.1930166800712194
2021-06-17 00:00:00+00:00,-1.0,3,-1.3862943611198906,negative,-0.6014477083564893
2021-06-18 00:00:00+00:00,1.0,1,0.6931471805599453,positive,2.2607962360903184
2021-06-19 00:00:00+00:00,0.0,1,0.0,negative,1.2568085314452182
2021-06-20 00:00:00+00:00,-1.0,2,-1.0986122886681098,negative,-0.22509540129192668
2021-06-21 00:00:00+00:00,-1.0,1,-0.6931471805599453,negative,0.3156309593511749
2021-06-22 00:00:00+00:00,-1.0,2,-1.0986122886681098,negative,-0.26092702092782905
2021-06-23 00:00:00+00:00,-0.6666666666666666,6,-1.297273432703542,negative,-0.5349265420471067
2021-06-24 00:00:00+00:00,-0.16666666666666666,6,-0.3243183581758855,negative,0.809903663336653
2021-06-25 00:00:00+00:00,-1.0,3,-1.3862943611198906,negative,-0.6565703390369786
2021-06-26 00:00:00+00:00,0.0,2,0.0,negative,1.2319141424712952
2021-06-27 00:00:00+00:00,-1.0,4,-1.6094379124341003,negative,-0.9903162041916613
2021-06-29 00:00:00+00:00,0.0,2,0.0,negative,1.201259373836873
2021-06-30 00:00:00+00:00,-0.45454545454545453,11,-1.1295030226309093,negative,-0.35907385045332224
2021-07-04 00:00:00+00:00,-1.0,6,-1.9459101490553132,negative,-1.4319955499342072
2021-07-05 00:00:00+00:00,0.0,3,0.0,negative,1.1804917815960745
2021-07-06 00:00:00+00:00,1.0,1,0.6931471805599453,positive,1.9995405644651016
2021-07-07 00:00:00+00:00,0.3333333333333333,3,0.46209812037329684,positive,1.6292871396884216
2021-07-08 00:00:00+00:00,0.3333333333333333,3,0.46209812037329684,positive,1.565132624000577
2021-07-09 00:00:00+00:00,-1.0,3,-1.3862943611198906,negative,-0.7546862749728233
2021-07-10 00:00:00+00:00,0.0,2,0.0,negative,0.9553145887636758
2021-07-11 00:00:00+00:00,-1.0,2,-1.0986122886681098,negative,-0.4035592905641471
2021-07-12 00:00:00+00:00,-1.0,1,-0.6931471805599453,negative,0.0821773032514824
2021-07-13 00:00:00+00:00,0.16666666666666666,6,0.3243183581758855,positive,1.32977662812311
2021-07-14 00:00:00+00:00,-0.5555555555555556,9,-1.2792139405522478,negative,-0.6923446778391616
2021-07-16 00:00:00+00:00,1.0,1,0.6931471805599453,positive,1.7391393638736823
2021-07-17 00:00:00+00:00,-1.0,2,-1.0986122886681098,negative,-0.4963762259148569
2021-07-18 00:00:00+00:00,-1.0,2,-1.0986122886681098,negative,-0.4963762259148569
2021-07-19 00:00:00+00:00,-1.0,2,-1.0986122886681098,negative,-0.4890187813278817
2021-07-21 00:00:00+00:00,-0.5,4,-0.8047189562170501,negative,-0.10334721972452823
2021-07-22 00:00:00+00:00,-0.3333333333333333,3,-0.46209812037329684,negative,0.3217236638778641
2021-07-23 00:00:00+00:00,0.0,2,0.0,negative,0.90688255676334
2021-07-26 00:00:00+00:00,0.0,1,0.0,negative,0.8857090384187519
2021-07-28 00:00:00+00:00,-0.8333333333333334,6,-1.6215917908794277,negative,-1.2110254795990827
2021-07-29 00:00:00+00:00,-1.0,3,-1.3862943611198906,negative,-0.8800295968103937
2021-08-01 00:00:00+00:00,0.0,4,0.0,negative,0.8759553874249735
2021-08-05 00:00:00+00:00,-1.0,2,-1.0986122886681098,negative,-0.5062170826469179
2021-08-06 00:00:00+00:00,-1.0,2,-1.0986122886681098,negative,-0.5291349372936275
2021-08-08 00:00:00+00:00,-1.0,6,-1.9459101490553132,negative,-1.5852854951238209
2021-08-09 00:00:00+00:00,1.0,4,1.6094379124341003,positive,2.7644707111648334
2021-08-10 00:00:00+00:00,0.0,7,0.0,negative,0.864418141408171
2021-08-11 00:00:00+00:00,0.0,4,0.0,negative,0.864418141408171
2021-08-12 00:00:00+00:00,-1.0,3,-1.3862943611198906,negative,-0.8781867283076763
2021-08-16 00:00:00+00:00,0.0,6,0.0,negative,0.8380271318639688
2021-08-17 00:00:00+00:00,0.0,2,0.0,negative,0.8124760190157961
2021-08-18 00:00:00+00:00,-0.7142857142857143,7,-1.4853153869141684,negative,-1.0470131505693296
2021-08-19 00:00:00+00:00,-1.0,8,-2.1972245773362196,negative,-1.8461310810807277
2021-08-20 00:00:00+00:00,-1.0,6,-1.9459101490553132,negative,-1.485441000761973
2021-08-22 00:00:00+00:00,-0.5,10,-1.1989476363991853,negative,-0.6199873498339502
2021-08-24 00:00:00+00:00,-1.0,4,-1.6094379124341003,negative,-1.0897224025334615
2021-08-25 00:00:00+00:00,0.0,7,0.0,negative,0.8112193532137706
2021-08-27 00:00:00+00:00,-0.8571428571428571,7,-1.782378464297002,negative,-1.3050527012245576
2021-08-31 00:00:00+00:00,-1.0,1,-0.6931471805599453,negative,-0.011930906714005153
2021-09-01 00:00:00+00:00,0.2,5,0.358351893845611,positive,1.1990465262316607
2021-09-02 00:00:00+00:00,-0.5,2,-0.5493061443340549,negative,0.12165884417348234
2021-09-03 00:00:00+00:00,-1.0,4,-1.6094379124341003,negative,-1.0975896993461474
2021-09-05 00:00:00+00:00,-1.0,4,-1.6094379124341003,negative,-1.0790430655473597
2021-09-06 00:00:00+00:00,-1.0,3,-1.3862943611198906,negative,-0.794864823814225
2021-09-08 00:00:00+00:00,-0.5,12,-1.2824746787307684,negative,-0.6582572761315528
2021-09-09 00:00:00+00:00,-1.0,4,-1.6094379124341003,negative,-1.0086004104814765
2021-09-10 00:00:00+00:00,-0.3333333333333333,3,-0.46209812037329684,negative,0.315073871846889
2021-09-11 00:00:00+00:00,-1.0,6,-1.9459101490553132,negative,-1.417596273822055
2021-09-12 00:00:00+00:00,-1.0,2,-1.0986122886681098,negative,-0.39837875245175736
2021-09-13 00:00:00+00:00,-1.0,3,-1.3862943611198906,negative,-0.7180282791015219
2021-09-14 00:00:00+00:00,-0.6666666666666666,6,-1.297273432703542,negative,-0.6056795382113158
2021-09-15 00:00:00+00:00,-0.6666666666666666,3,-0.9241962407465937,negative,-0.1528211659157934
2021-09-16 00:00:00+00:00,0.0,1,0.0,negative,0.9295004139796957
2021-09-17 00:00:00+00:00,-1.0,4,-1.6094379124341003,negative,-0.9805110027126244
2021-09-18 00:00:00+00:00,-1.0,4,-1.6094379124341003,negative,-0.9500561372129644
2021-09-19 00:00:00+00:00,-1.0,4,-1.6094379124341003,negative,-0.9422327424718322
2021-09-20 00:00:00+00:00,-0.5,4,-0.8047189562170501,negative,0.021010889756897487
2021-09-21 00:00:00+00:00,-0.2857142857142857,7,-0.5941261547656673,negative,0.25256388347735986
2021-09-22 00:00:00+00:00,-0.3333333333333333,9,-0.7675283643313486,negative,0.06114941114074853
2021-09-24 00:00:00+00:00,1.0,1,0.6931471805599453,positive,1.7388728233079738
2021-09-25 00:00:00+00:00,1.0,1,0.6931471805599453,positive,1.6729000082901406
2021-09-26 00:00:00+00:00,-1.0,7,-2.0794415416798357,negative,-1.4945633003195047
2021-09-27 00:00:00+00:00,-1.0,4,-1.6094379124341003,negative,-0.9268389835332974
2021-09-28 00:00:00+00:00,0.0,2,0.0,negative,0.9755592064204055
2021-09-30 00:00:00+00:00,-1.0,2,-1.0986122886681098,negative,-0.29909922566112984
2021-10-03 00:00:00+00:00,-0.5,4,-0.8047189562170501,negative,0.04391514991635696
2021-10-04 00:00:00+00:00,-1.0,1,-0.6931471805599453,negative,0.19467019187453155
2021-10-05 00:00:00+00:00,-1.0,4,-1.6094379124341003,negative,-0.9081860140140019
2021-10-06 00:00:00+00:00,-0.3333333333333333,3,-0.46209812037329684,negative,0.47870004388778836
2021-10-07 00:00:00+00:00,-1.0,3,-1.3862943611198906,negative,-0.6154688428746846
2021-10-08 00:00:00+00:00,-1.0,2,-1.0986122886681098,negative,-0.2658352204536812
2021-10-09 00:00:00+00:00,-0.2,5,-0.358351893845611,negative,0.6871375614867814
2021-10-10 00:00:00+00:00,-0.14285714285714285,7,-0.29706307738283366,negative,0.7447381433820491
2021-10-11 00:00:00+00:00,-0.3333333333333333,3,-0.46209812037329684,negative,0.5220488918994952
2021-10-12 00:00:00+00:00,-0.42857142857142855,7,-0.891189232148501,negative,-0.02318710563248799
2021-10-13 00:00:00+00:00,-0.42857142857142855,7,-0.891189232148501,negative,-0.0213705828471247
2021-10-14 00:00:00+00:00,-0.14285714285714285,7,-0.29706307738283366,negative,0.7230098678903671
2021-10-15 00:00:00+00:00,-1.0,2,-1.0986122886681098,negative,-0.26541942238456717
2021-10-16 00:00:00+00:00,-1.0,3,-1.3862943611198906,negative,-0.6065461118211569
2021-10-17 00:00:00+00:00,-1.0,3,-1.3862943611198906,negative,-0.6139592728740004
2021-10-18 00:00:00+00:00,-1.0,2,-1.0986122886681098,negative,-0.2507598272282056
2021-10-19 00:00:00+00:00,-1.0,4,-1.6094379124341003,negative,-0.8795455600637058
2021-10-20 00:00:00+00:00,-1.0,2,-1.0986122886681098,negative,-0.21727808881433777
2021-10-22 00:00:00+00:00,-0.3333333333333333,3,-0.46209812037329684,negative,0.5926264978978342
2021-10-25 00:00:00+00:00,-1.0,2,-1.0986122886681098,negative,-0.25240304209591563
2021-10-26 00:00:00+00:00,-0.3333333333333333,3,-0.46209812037329684,negative,0.6942612659964714
2021-10-27 00:00:00+00:00,0.0,2,0.0,negative,1.3644211645596742
2021-10-28 00:00:00+00:00,-1.0,2,-1.0986122886681098,negative,-0.20554280030810038
2021-10-29 00:00:00+00:00,-1.0,2,-1.0986122886681098,negative,-0.21325418875716975
2021-10-30 00:00:00+00:00,-1.0,4,-1.6094379124341003,negative,-0.937782859334327
2021-10-31 00:00:00+00:00,-1.0,5,-1.791759469228055,negative,-1.1733267253847608
2021-11-01 00:00:00+00:00,0.0,4,0.0,negative,1.4610757386835782
2021-11-03 00:00:00+00:00,-0.5,4,-0.8047189562170501,negative,0.2412295219309472
2021-11-04 00:00:00+00:00,-1.0,3,-1.3862943611198906,negative,-0.6695513771232662
2021-11-05 00:00:00+00:00,-0.6666666666666666,6,-1.297273432703542,negative,-0.5286042948022686
2021-11-07 00:00:00+00:00,-1.0,1,-0.6931471805599453,negative,0.3847077440279123
2021-11-08 00:00:00+00:00,0.0,4,0.0,negative,1.46453290839366
2021-11-09 00:00:00+00:00,0.3333333333333333,3,0.46209812037329684,positive,2.0766416993542083
2021-11-10 00:00:00+00:00,-0.3333333333333333,3,-0.46209812037329684,negative,0.6625960352507255
2021-11-11 00:00:00+00:00,-0.4,5,-0.716703787691222,negative,0.3132270786661617
2021-11-12 00:00:00+00:00,-1.0,2,-1.0986122886681098,negative,-0.2710158996198121
2021-11-13 00:00:00+00:00,-1.0,2,-1.0986122886681098,negative,-0.28703442480227853
2021-11-14 00:00:00+00:00,-1.0,2,-1.0986122886681098,negative,-0.30343946780454983
2021-11-16 00:00:00+00:00,-1.0,1,-0.6931471805599453,negative,0.3278956468474628
2021-11-18 00:00:00+00:00,1.0,2,1.0986122886681098,positive,2.9124593793263576
2021-11-19 00:00:00+00:00,-1.0,3,-1.3862943611198906,negative,-0.7968905475416437
2021-11-21 00:00:00+00:00,0.6666666666666666,3,0.9241962407465937,positive,2.490079356153826
2021-11-22 00:00:00+00:00,-0.2,5,-0.358351893845611,negative,0.6446008921599113
2021-11-23 00:00:00+00:00,-1.0,2,-1.0986122886681098,negative,-0.4252740704627102
2021-11-24 00:00:00+00:00,-1.0,3,-1.3862943611198906,negative,-0.8410518814387362
2021-11-26 00:00:00+00:00,0.0,1,0.0,negative,1.123812265949549
2021-11-27 00:00:00+00:00,0.0,4,0.0,negative,1.0907306736186837
2021-11-28 00:00:00+00:00,-1.0,2,-1.0986122886681098,negative,-0.4487196724571857
2021-11-29 00:00:00+00:00,-1.0,1,-0.6931471805599453,negative,0.1120681117533039
2021-11-30 00:00:00+00:00,-1.0,2,-1.0986122886681098,negative,-0.49400486224686324
2021-12-01 00:00:00+00:00,-1.0,3,-1.3862943611198906,negative,-0.9270654465514648
2021-12-02 00:00:00+00:00,-0.5,6,-0.9729550745276566,negative,-0.3126459812517309
2021-12-03 00:00:00+00:00,-0.5,4,-0.8047189562170501,negative,-0.059405682886087725
2021-12-06 00:00:00+00:00,-0.3333333333333333,3,-0.46209812037329684,negative,0.4378612266591894
2021-12-07 00:00:00+00:00,0.0,2,0.0,negative,1.1691423408120651
2021-12-08 00:00:00+00:00,-0.7142857142857143,7,-1.4853153869141684,negative,-1.0645054585044091
2021-12-10 00:00:00+00:00,-1.0,4,-1.6094379124341003,negative,-1.2984747127872713
2021-12-11 00:00:00+00:00,-1.0,1,-0.6931471805599453,negative,0.14796368267617435
2021-12-12 00:00:00+00:00,0.0,1,0.0,negative,1.2753453223103208
2021-12-13 00:00:00+00:00,-0.1111111111111111,9,-0.2558427881104495,negative,0.8332410442066618
2021-12-14 00:00:00+00:00,0.2,5,0.358351893845611,positive,1.7490762002253057
2021-12-15 00:00:00+00:00,-1.0,3,-1.3862943611198906,negative,-0.9761519957040874
2021-12-16 00:00:00+00:00,-1.0,4,-1.6094379124341003,negative,-1.3251961020280598
2021-12-17 00:00:00+00:00,-0.3333333333333333,6,-0.648636716351771,negative,0.1828600676180884
2021-12-21 00:00:00+00:00,-1.0,3,-1.3862943611198906,negative,-0.9728587713037324
2021-12-22 00:00:00+00:00,1.0,2,1.0986122886681098,positive,2.685449500867849
2021-12-23 00:00:00+00:00,-1.0,2,-1.0986122886681098,negative,-0.5255365948486982
2021-12-24 00:00:00+00:00,0.0,2,0.0,negative,1.075101328564787
2021-12-27 00:00:00+00:00,-1.0,2,-1.0986122886681098,negative,-0.5134728518085802
2021-12-29 00:00:00+00:00,0.2,5,0.358351893845611,positive,1.5496409137508977
2021-12-30 00:00:00+00:00,0.0,5,0.0,negative,1.007796531426366
2021-12-31 00:00:00+00:00,-0.3333333333333333,6,-0.648636716351771,negative,0.09704127392320469
2022-01-01 00:00:00+00:00,0.0,2,0.0,negative,0.9871529253916578
2022-01-02 00:00:00+00:00,-1.0,2,-1.0986122886681098,negative,-0.5750867243477413
2022-01-03 00:00:00+00:00,-1.0,1,-0.6931471805599453,negative,-0.015613758842121494
2022-01-04 00:00:00+00:00,-1.0,1,-0.6931471805599453,negative,-0.02537286900821795
2022-01-05 00:00:00+00:00,-0.75,8,-1.6479184330021646,negative,-1.3946981979360693
2022-01-06 00:00:00+00:00,-1.0,3,-1.3862943611198906,negative,-1.0066512892588282
2022-01-07 00:00:00+00:00,-1.0,4,-1.6094379124341003,negative,-1.2804239707566472
2022-01-09 00:00:00+00:00,-0.5,2,-0.5493061443340549,negative,0.199830872970283
2022-01-10 00:00:00+00:00,-0.5,4,-0.8047189562170501,negative,-0.15269482738046636
2022-01-11 00:00:00+00:00,1.0,2,1.0986122886681098,positive,2.4016985849165646
2022-01-12 00:00:00+00:00,-0.8,5,-1.433407575382444,negative,-1.0069952437557632
2022-01-13 00:00:00+00:00,-1.0,4,-1.6094379124341003,negative,-1.2194286297474928
2022-01-14 00:00:00+00:00,-0.3333333333333333,3,-0.46209812037329684,negative,0.28426649834941026
2022-01-16 00:00:00+00:00,-0.7142857142857143,7,-1.4853153869141684,negative,-1.110189750873075
2022-01-17 00:00:00+00:00,-0.14285714285714285,7,-0.29706307738283366,negative,0.5133932521304945
2022-01-18 00:00:00+00:00,-1.0,1,-0.6931471805599453,negative,-0.02990353486615765
2022-01-19 00:00:00+00:00,-0.7272727272727273,11,-1.8072048362094548,negative,-1.523121553277891
2022-01-20 00:00:00+00:00,-1.0,1,-0.6931471805599453,negative,-0.03386698446671034
2022-01-21 00:00:00+00:00,0.4,5,0.716703787691222,positive,1.7957991296596576
2022-01-22 00:00:00+00:00,-0.2,5,-0.358351893845611,negative,0.3875159323814243
2022-01-23 00:00:00+00:00,-1.0,2,-1.0986122886681098,negative,-0.5685390675869805
2022-01-24 00:00:00+00:00,-0.3333333333333333,6,-0.648636716351771,negative,0.04201038282716979
2022-01-25 00:00:00+00:00,1.0,3,1.3862943611198906,positive,2.577221892249976
2022-01-26 00:00:00+00:00,-0.1,10,-0.23978952727983707,negative,0.49605678368649764
2022-01-27 00:00:00+00:00,-0.875,8,-1.922571505169192,negative,-1.592389137794625
2022-01-28 00:00:00+00:00,-0.3333333333333333,3,-0.46209812037329684,negative,0.21407099000616567
2022-01-29 00:00:00+00:00,-1.0,4,-1.6094379124341003,negative,-1.1848423268778303
2022-01-30 00:00:00+00:00,0.0,2,0.0,negative,0.852530388739113
2022-02-01 00:00:00+00:00,-0.6,5,-1.0750556815368328,negative,-0.5305055863367771
2022-02-02 00:00:00+00:00,-0.5,6,-0.9729550745276566,negative,-0.3719020996145607
2022-02-03 00:00:00+00:00,-0.5,4,-0.8047189562170501,negative,-0.1382706050295977
2022-02-04 00:00:00+00:00,1.0,2,1.0986122886681098,positive,2.2509030912179266
2022-02-07 00:00:00+00:00,0.3333333333333333,3,0.46209812037329684,positive,1.3857399435178657
2022-02-08 00:00:00+00:00,0.25,4,0.40235947810852507,positive,1.290057775862654
2022-02-09 00:00:00+00:00,-0.75,4,-1.2070784343255752,negative,-0.7027792499707868
2022-02-10 00:00:00+00:00,-1.0,5,-1.791759469228055,negative,-1.4015270327179288
2022-02-11 00:00:00+00:00,-0.5,4,-0.8047189562170501,negative,-0.17844015566310073
2022-02-13 00:00:00+00:00,-1.0,3,-1.3862943611198906,negative,-0.8877722200552051
2022-02-14 00:00:00+00:00,0.0,6,0.0,negative,0.7916201224197825
2022-02-15 00:00:00+00:00,-0.8,10,-1.9183162182386966,negative,-1.5247353238238768
2022-02-16 00:00:00+00:00,-0.2,5,-0.358351893845611,negative,0.3530052471888946
2022-02-17 00:00:00+00:00,-0.5,8,-1.0986122886681098,negative,-0.5278794710654363
2022-02-18 00:00:00+00:00,-1.0,8,-2.1972245773362196,negative,-1.7692264395476474
2022-02-19 00:00:00+00:00,-1.0,2,-1.0986122886681098,negative,-0.4833195710795733
2022-02-20 00:00:00+00:00,-1.0,2,-1.0986122886681098,negative,-0.4974795299869444
2022-02-21 00:00:00+00:00,0.0,3,0.0,negative,0.7982848993854845
2022-02-22 00:00:00+00:00,-1.0,4,-1.6094379124341003,negative,-1.0791932516250595
2022-02-23 00:00:00+00:00,-0.6666666666666666,3,-0.9241962407465937,negative,-0.2551446834420245
2022-02-24 00:00:00+00:00,0.0,1,0.0,negative,0.8546915905784903
2022-02-25 00:00:00+00:00,0.0,6,0.0,negative,0.8267874598778295
2022-02-26 00:00:00+00:00,0.0,4,0.0,negative,0.7986709786197111
2022-02-27 00:00:00+00:00,0.0,2,0.0,negative,0.7815456686309171
2022-02-28 00:00:00+00:00,-0.8,5,-1.433407575382444,negative,-0.9288295182794115
2022-03-01 00:00:00+00:00,-1.0,6,-1.9459101490553132,negative,-1.5086484144839634
2022-03-02 00:00:00+00:00,-1.0,7,-2.0794415416798357,negative,-1.616771868040304
2022-03-03 00:00:00+00:00,-0.5714285714285714,7,-1.1882523095313346,negative,-0.5336901038331883
2022-03-04 00:00:00+00:00,-0.6923076923076923,13,-1.8270396897336403,negative,-1.2672284354046197
2022-03-05 00:00:00+00:00,-1.0,1,-0.6931471805599453,negative,0.09414587704743706
2022-03-06 00:00:00+00:00,-0.3333333333333333,6,-0.648636716351771,negative,0.16163735964028667
2022-03-07 00:00:00+00:00,-0.2,5,-0.358351893845611,negative,0.5053653533534866
2022-03-08 00:00:00+00:00,-0.42857142857142855,7,-0.891189232148501,negative,-0.11985510800865037
2022-03-09 00:00:00+00:00,0.0,2,0.0,negative,0.9341641055943246
2022-03-10 00:00:00+00:00,-0.6,10,-1.4387371636790223,negative,-0.7827865198080097
2022-03-11 00:00:00+00:00,-0.8823529411764706,17,-2.5503280216730864,negative,-2.0066758552296307
2022-03-12 00:00:00+00:00,-1.0,4,-1.6094379124341003,negative,-0.9184480405864013
2022-03-13 00:00:00+00:00,-1.0,4,-1.6094379124341003,negative,-0.9110009831224619
2022-03-14 00:00:00+00:00,-0.8,5,-1.433407575382444,negative,-0.7130836169420137
2022-03-15 00:00:00+00:00,-0.7777777777777778,9,-1.7908995167731467,negative,-1.0926523636434151
2022-03-16 00:00:00+00:00,-0.23076923076923078,13,-0.6090132299112135,negative,0.2592488449490495
2022-03-17 00:00:00+00:00,0.0,11,0.0,negative,1.0136550012748116
2022-03-18 00:00:00+00:00,-0.45454545454545453,11,-1.1295030226309093,negative,-0.33494193086641744
2022-03-19 00:00:00+00:00,0.4,5,0.716703787691222,positive,1.7807969813449291
2022-03-20 00:00:00+00:00,-0.5555555555555556,9,-1.2792139405522478,negative,-0.5314642047507369
2022-03-21 00:00:00+00:00,0.08333333333333333,24,0.26823965207235,negative,1.2282043317334432
2022-03-22 00:00:00+00:00,-0.1,10,-0.23978952727983707,negative,0.6392645344119211
2022-03-23 00:00:00+00:00,-0.14285714285714285,7,-0.29706307738283366,negative,0.5639730418670031
2022-03-24 00:00:00+00:00,-0.2,10,-0.47957905455967414,negative,0.33181014184220514
2022-03-25 00:00:00+00:00,-0.625,8,-1.3732653608351373,negative,-0.6935366540949486
2022-03-26 00:00:00+00:00,-0.75,8,-1.6479184330021646,negative,-0.9842184812027731
2022-03-27 00:00:00+00:00,-1.0,5,-1.791759469228055,negative,-1.1166122629530213
2022-03-28 00:00:00+00:00,-0.2857142857142857,7,-0.5941261547656673,negative,0.27710958726109564
2022-03-29 00:00:00+00:00,-0.6666666666666666,3,-0.9241962407465937,negative,-0.10440904731045696
2022-03-30 00:00:00+00:00,0.0,9,0.0,negative,1.0603575788037651
2022-03-31 00:00:00+00:00,-0.4,10,-0.9591581091193483,negative,-0.11040602109559335
2022-04-01 00:00:00+00:00,-0.4375,16,-1.2395308380245946,negative,-0.4788210170235675
2022-04-02 00:00:00+00:00,0.6666666666666666,3,0.9241962407465937,positive,2.1299461969703084
2022-04-03 00:00:00+00:00,-0.75,8,-1.6479184330021646,negative,-0.9813971560399561
2022-04-04 00:00:00+00:00,-0.6,5,-1.0750556815368328,negative,-0.26917212802186474
2022-04-05 00:00:00+00:00,0.16666666666666666,6,0.3243183581758855,positive,1.3860779086280448
2022-04-06 00:00:00+00:00,-0.8,5,-1.433407575382444,negative,-0.7106170128204564
2022-04-07 00:00:00+00:00,0.0625,16,0.1770758340035135,negative,1.1796765750220872
2022-04-08 00:00:00+00:00,0.125,8,0.27465307216702745,positive,1.3515400897626664
2022-04-09 00:00:00+00:00,0.0,2,0.0,negative,1.03969259476198
2022-04-10 00:00:00+00:00,-1.0,7,-2.0794415416798357,negative,-1.4741829224773273
2022-04-11 00:00:00+00:00,-1.0,3,-1.3862943611198906,negative,-0.6137815635248483
2022-04-12 00:00:00+00:00,0.0,1,0.0,negative,1.0584017715702636
2022-04-13 00:00:00+00:00,0.3333333333333333,6,0.648636716351771,positive,1.7780163763178611
2022-04-14 00:00:00+00:00,1.0,1,0.6931471805599453,positive,1.7486510084821
2022-04-15 00:00:00+00:00,-0.75,8,-1.6479184330021646,negative,-0.9616484055684777
2022-04-16 00:00:00+00:00,1.0,1,0.6931471805599453,positive,1.7092583539434782
2022-04-17 00:00:00+00:00,-0.3333333333333333,3,-0.46209812037329684,negative,0.37416219703679526
2022-04-18 00:00:00+00:00,-1.0,6,-1.9459101490553132,negative,-1.3104776731778063
2022-04-19 00:00:00+00:00,-0.3333333333333333,3,-0.46209812037329684,negative,0.35970263820412907
2022-04-20 00:00:00+00:00,-0.6666666666666666,6,-1.297273432703542,negative,-0.6102570332189309
2022-04-21 00:00:00+00:00,-0.5,8,-1.0986122886681098,negative,-0.378784204261527
2022-04-22 00:00:00+00:00,-1.0,8,-2.1972245773362196,negative,-1.5916798573578799
2022-04-23 00:00:00+00:00,-0.3333333333333333,3,-0.46209812037329684,negative,0.3797316277636953
2022-04-24 00:00:00+00:00,0.0,2,0.0,negative,0.8894845354666505
2022-04-25 00:00:00+00:00,0.16666666666666666,6,0.3243183581758855,positive,1.2468170394971188
2022-04-26 00:00:00+00:00,-0.4,5,-0.716703787691222,negative,0.07505488475798229
2022-04-27 00:00:00+00:00,-0.625,8,-1.3732653608351373,negative,-0.653730863327828
2022-04-28 00:00:00+00:00,-0.5,4,-0.8047189562170501,negative,0.015922069783782047
2022-04-29 00:00:00+00:00,0.45454545454545453,11,1.1295030226309093,positive,2.129612135243722
2022-04-30 00:00:00+00:00,0.0,10,0.0,negative,0.8382484631015962
2022-05-01 00:00:00+00:00,-0.3333333333333333,3,-0.46209812037329684,negative,0.29229499659854313
2022-05-02 00:00:00+00:00,0.42857142857142855,7,0.891189232148501,positive,1.763555145610051
2022-05-03 00:00:00+00:00,0.3333333333333333,3,0.46209812037329684,positive,1.2408730248495048
2022-05-04 00:00:00+00:00,-0.1,10,-0.23978952727983707,negative,0.44391306077144327
2022-05-05 00:00:00+00:00,-1.0,6,-1.9459101490553132,negative,-1.418216037410671
2022-05-06 00:00:00+00:00,-0.05555555555555555,18,-0.16357994328702444,negative,0.539421992675771
2022-05-07 00:00:00+00:00,-0.3333333333333333,3,-0.46209812037329684,negative,0.20350479787304904
2022-05-08 00:00:00+00:00,-0.5,4,-0.8047189562170501,negative,-0.15907390204535077
2022-05-09 00:00:00+00:00,-0.3,10,-0.7193685818395111,negative,-0.0785848134552984
2022-05-10 00:00:00+00:00,0.0,2,0.0,negative,0.6979442182421882
2022-05-11 00:00:00+00:00,0.14285714285714285,7,0.29706307738283366,positive,1.006265350149224
2022-05-12 00:00:00+00:00,0.2857142857142857,7,0.5941261547656673,positive,1.3037542967056668
2022-05-13 00:00:00+00:00,-0.8,5,-1.433407575382444,negative,-1.0319195155833567
2022-05-14 00:00:00+00:00,-1.0,7,-2.0794415416798357,negative,-1.754779093053819
2022-05-15 00:00:00+00:00,-0.42857142857142855,7,-0.891189232148501,negative,-0.3922960546930148
2022-05-16 00:00:00+00:00,0.4444444444444444,9,1.023371152441798,positive,1.7307726530295955
2022-05-17 00:00:00+00:00,-0.1111111111111111,18,-0.3271598865740489,negative,0.21192095671298697
2022-05-18 00:00:00+00:00,-0.3,10,-0.7193685818395111,negative,-0.20310186560837112
2022-05-19 00:00:00+00:00,-0.0625,16,-0.1770758340035135,negative,0.39416014219939904
2022-05-20 00:00:00+00:00,0.15384615384615385,13,0.406008819940809,positive,1.0545707900476757
2022-05-21 00:00:00+00:00,-0.2,5,-0.358351893845611,negative,0.18642958866289103
2022-05-22 00:00:00+00:00,0.2,5,0.358351893845611,positive,0.9829519773482149
2022-05-24 00:00:00+00:00,-0.5714285714285714,7,-1.1882523095313346,negative,-0.7486965230360974
2022-05-25 00:00:00+00:00,0.2,10,0.47957905455967414,positive,1.0905244904096214
2022-05-26 00:00:00+00:00,1.0,3,1.3862943611198906,positive,2.008280470165696
2022-05-27 00:00:00+00:00,-1.0,2,-1.0986122886681098,negative,-0.7456087539298005
2022-05-28 00:00:00+00:00,-1.0,4,-1.6094379124341003,negative,-1.2782441319904994
2022-05-30 00:00:00+00:00,-0.16666666666666666,6,-0.3243183581758855,negative,0.12390052408776157
2022-05-31 00:00:00+00:00,-0.3333333333333333,3,-0.46209812037329684,negative,-0.019467783974253017
2022-06-01 00:00:00+00:00,-0.3,10,-0.7193685818395111,negative,-0.3085331117374161
2022-06-02 00:00:00+00:00,-0.6,5,-1.0750556815368328,negative,-0.7067788573280723
2022-06-03 00:00:00+00:00,-0.125,8,-0.27465307216702745,negative,0.20703938625108337
2022-06-04 00:00:00+00:00,-1.0,1,-0.6931471805599453,negative,-0.2886226775947225
2022-06-05 00:00:00+00:00,-1.0,7,-2.0794415416798357,negative,-1.8158858827842903
2022-06-06 00:00:00+00:00,-0.3,10,-0.7193685818395111,negative,-0.2743695506253136
2022-06-07 00:00:00+00:00,0.5555555555555556,9,1.2792139405522478,positive,1.8861981807532873
2022-06-08 00:00:00+00:00,-0.7777777777777778,9,-1.7908995167731467,negative,-1.443285524024764
2022-06-09 00:00:00+00:00,0.2222222222222222,9,0.511685576220899,positive,1.051802089863918
2022-06-10 00:00:00+00:00,-0.5,4,-0.8047189562170501,negative,-0.359617448744801
2022-06-11 00:00:00+00:00,-0.5,4,-0.8047189562170501,negative,-0.39253708640991375
2022-06-12 00:00:00+00:00,-0.5,4,-0.8047189562170501,negative,-0.40654338003258667
2022-06-13 00:00:00+00:00,-0.08333333333333333,12,-0.21374577978846138,negative,0.26030302932568977
2022-06-14 00:00:00+00:00,0.3333333333333333,6,0.648636716351771,positive,1.228479994304279
2022-06-15 00:00:00+00:00,-0.4444444444444444,9,-1.023371152441798,negative,-0.6233012339657323
2022-06-16 00:00:00+00:00,-0.42857142857142855,7,-0.891189232148501,negative,-0.4941775596607529
2022-06-17 00:00:00+00:00,-0.36363636363636365,11,-0.9036024181047274,negative,-0.4842982505318809
2022-06-18 00:00:00+00:00,0.0,6,0.0,negative,0.5587210049874882
2022-06-19 00:00:00+00:00,-0.14285714285714285,7,-0.29706307738283366,negative,0.186014030989107
2022-06-20 00:00:00+00:00,-0.75,8,-1.6479184330021646,negative,-1.378359991994352
2022-06-21 00:00:00+00:00,0.25,4,0.40235947810852507,positive,0.9928461725582034
2022-06-22 00:00:00+00:00,-0.3333333333333333,9,-0.7675283643313486,negative,-0.38670370831111156
2022-06-23 00:00:00+00:00,0.0,13,0.0,negative,0.4909830009470676
2022-06-24 00:00:00+00:00,0.2727272727272727,11,0.6777018135785455,positive,1.2765775074180095
2022-06-25 00:00:00+00:00,-0.75,8,-1.6479184330021646,negative,-1.4633900461234286
2022-06-26 00:00:00+00:00,-0.2222222222222222,9,-0.511685576220899,negative,-0.10352524517755934
2022-06-27 00:00:00+00:00,0.0,14,0.0,negative,0.4909430332527586
2022-06-28 00:00:00+00:00,0.08333333333333333,12,0.21374577978846138,negative,0.7186452006746081
2022-06-29 00:00:00+00:00,-0.42857142857142855,14,-1.1605929433295186,negative,-0.9154426862025093
2022-06-30 00:00:00+00:00,-0.6923076923076923,13,-1.8270396897336403,negative,-1.658848632876058
2022-07-01 00:00:00+00:00,-0.3333333333333333,6,-0.648636716351771,negative,-0.2354640327049141
2022-07-02 00:00:00+00:00,0.3333333333333333,6,0.648636716351771,positive,1.2800904075006654
2022-07-03 00:00:00+00:00,0.0,4,0.0,negative,0.5408347864105134
2022-07-04 00:00:00+00:00,0.6,5,1.0750556815368328,positive,1.7918505587219218
2022-07-05 00:00:00+00:00,0.6666666666666666,6,1.297273432703542,positive,1.9575326406776803
2022-07-06 00:00:00+00:00,0.0,10,0.0,negative,0.4467323490383468
2022-07-07 00:00:00+00:00,-0.09090909090909091,11,-0.22590060452618185,negative,0.18272997459289125
2022-07-08 00:00:00+00:00,0.0,2,0.0,negative,0.43833353959763754
2022-07-09 00:00:00+00:00,0.3333333333333333,3,0.46209812037329684,positive,0.9501279108970035
2022-07-10 00:00:00+00:00,0.0,8,0.0,negative,0.3973528820872008
2022-07-11 00:00:00+00:00,-0.5,12,-1.2824746787307684,negative,-1.0645191336814117
2022-07-12 00:00:00+00:00,-0.125,8,-0.27465307216702745,negative,0.11263709283649545
2022-07-13 00:00:00+00:00,-0.7272727272727273,11,-1.8072048362094548,negative,-1.6032116397335554
2022-07-14 00:00:00+00:00,-1.0,3,-1.3862943611198906,negative,-1.1217746129270212
2022-07-15 00:00:00+00:00,-0.6666666666666666,9,-1.5350567286626973,negative,-1.3261455826599982
2022-07-16 00:00:00+00:00,-0.5,4,-0.8047189562170501,negative,-0.4736627353863278
2022-07-17 00:00:00+00:00,-0.3333333333333333,6,-0.648636716351771,negative,-0.264483124570921
2022-07-18 00:00:00+00:00,-0.14285714285714285,7,-0.29706307738283366,negative,0.15664062950733743
2022-07-19 00:00:00+00:00,-1.0,1,-0.6931471805599453,negative,-0.31903248188884653
2022-07-20 00:00:00+00:00,0.0,9,0.0,negative,0.5082464818736276
2022-07-21 00:00:00+00:00,-1.0,1,-0.6931471805599453,negative,-0.30251222081628626
2022-07-22 00:00:00+00:00,0.16666666666666666,6,0.3243183581758855,positive,0.9057811427166672
2022-07-24 00:00:00+00:00,-1.0,6,-1.9459101490553132,negative,-1.7367386428780471
2022-07-25 00:00:00+00:00,-0.3333333333333333,9,-0.7675283643313486,negative,-0.360548044654778
2022-07-26 00:00:00+00:00,-0.9,10,-2.1581057455185335,negative,-1.9108863541342676
2022-07-27 00:00:00+00:00,-0.5555555555555556,9,-1.2792139405522478,negative,-0.8739215043500937
2022-07-28 00:00:00+00:00,-0.2727272727272727,11,-0.6777018135785455,negative,-0.1610503760507489
2022-07-29 00:00:00+00:00,0.0,3,0.0,negative,0.6296617407017124
2022-07-31 00:00:00+00:00,1.0,2,1.0986122886681098,positive,1.8793820171371403
2022-08-01 00:00:00+00:00,-0.375,8,-0.8239592165010823,negative,-0.3825838619322765
2022-08-02 00:00:00+00:00,0.0,3,0.0,negative,0.5734358576347488
2022-08-03 00:00:00+00:00,-0.42857142857142855,7,-0.891189232148501,negative,-0.4795427345500035
2022-08-04 00:00:00+00:00,0.2,5,0.358351893845611,positive,0.973537712126814
2022-08-05 00:00:00+00:00,-0.6,5,-1.0750556815368328,negative,-0.6933513800962798
2022-08-06 00:00:00+00:00,-0.6,5,-1.0750556815368328,negative,-0.7318198220071449
2022-08-07 00:00:00+00:00,-1.0,3,-1.3862943611198906,negative,-1.0807889913525468
2022-08-08 00:00:00+00:00,-0.42857142857142855,7,-0.891189232148501,negative,-0.467889244408966
2022-08-09 00:00:00+00:00,-0.4444444444444444,9,-1.023371152441798,negative,-0.6579940611118145
2022-08-10 00:00:00+00:00,-0.3333333333333333,12,-0.8549831191538455,negative,-0.423812262500777
2022-08-11 00:00:00+00:00,-0.3333333333333333,6,-0.648636716351771,negative,-0.165600135767431
2022-08-12 00:00:00+00:00,-0.14285714285714285,7,-0.29706307738283366,negative,0.2700050888909269
2022-08-13 00:00:00+00:00,-1.0,2,-1.0986122886681098,negative,-0.7389911766726543
2022-08-14 00:00:00+00:00,-0.75,8,-1.6479184330021646,negative,-1.3822331527010165
2022-08-15 00:00:00+00:00,-0.8333333333333334,12,-2.137457797884614,negative,-1.908904240051356
2022-08-16 00:00:00+00:00,0.5,6,0.9729550745276566,positive,1.82458442556137
2022-08-17 00:00:00+00:00,-0.09090909090909091,11,-0.22590060452618185,negative,0.37665886006455357
2022-08-18 00:00:00+00:00,-0.7222222222222222,18,-2.1265392627313178,negative,-1.8225236400649862
2022-08-19 00:00:00+00:00,0.0,10,0.0,negative,0.6530162790515928
2022-08-20 00:00:00+00:00,-0.2,5,-0.358351893845611,negative,0.23712001062577642
2022-08-21 00:00:00+00:00,-0.3333333333333333,6,-0.648636716351771,negative,-0.12198860955562887
2022-08-22 00:00:00+00:00,-0.5,12,-1.2824746787307684,negative,-0.8412340228579582
2022-08-23 00:00:00+00:00,-0.6363636363636364,11,-1.5813042316832728,negative,-1.166292416684012
2022-08-24 00:00:00+00:00,-0.6153846153846154,13,-1.624035279763236,negative,-1.1752881795982335
2022-08-25 00:00:00+00:00,0.375,8,0.8239592165010823,positive,1.6628842585713557
2022-08-26 00:00:00+00:00,-0.4,10,-0.9591581091193483,negative,-0.42052152010209115
2022-08-27 00:00:00+00:00,0.0,4,0.0,negative,0.6900972057862502
2022-08-28 00:00:00+00:00,-0.4,10,-0.9591581091193483,negative,-0.4112240952548105
2022-08-29 00:00:00+00:00,-1.0,3,-1.3862943611198906,negative,-0.8807561418287615
2022-08-30 00:00:00+00:00,0.75,4,1.2070784343255752,positive,2.0398279092325904
2022-08-31 00:00:00+00:00,-1.0,4,-1.6094379124341003,negative,-1.1589510226921977
2022-09-01 00:00:00+00:00,0.4,5,0.716703787691222,positive,1.4364319833004757
2022-09-02 00:00:00+00:00,-0.6,5,-1.0750556815368328,negative,-0.5415665632118901
2022-09-03 00:00:00+00:00,-0.6666666666666666,6,-1.297273432703542,negative,-0.7679901444695288
2022-09-04 00:00:00+00:00,-1.0,2,-1.0986122886681098,negative,-0.5176350417950109
2022-09-05 00:00:00+00:00,0.0,5,0.0,negative,0.8224714938732743
2022-09-06 00:00:00+00:00,0.0,4,0.0,negative,0.8224714938732743
2022-09-07 00:00:00+00:00,0.0,12,0.0,negative,0.815307503489882
2022-09-08 00:00:00+00:00,-0.25,8,-0.5493061443340549,negative,0.16166743456929863
2022-09-09 00:00:00+00:00,-0.25,8,-0.5493061443340549,negative,0.18528284465809852
2022-09-10 00:00:00+00:00,-0.5,4,-0.8047189562170501,negative,-0.11530374942127058
2022-09-11 00:00:00+00:00,-0.4,5,-0.716703787691222,negative,-0.01738357164187503
2022-09-12 00:00:00+00:00,-0.6666666666666666,9,-1.5350567286626973,negative,-1.009571091575489
2022-09-13 00:00:00+00:00,-0.7777777777777778,9,-1.7908995167731467,negative,-1.3289176677663284
2022-09-14 00:00:00+00:00,-0.35,20,-1.065582853203198,negative,-0.43435237247238645
2022-09-15 00:00:00+00:00,-0.3333333333333333,18,-0.9814796597221467,negative,-0.3434813148007168
2022-09-16 00:00:00+00:00,-0.38461538461538464,13,-1.0150220498520226,negative,-0.38091461211686073
2022-09-18 00:00:00+00:00,0.3333333333333333,3,0.46209812037329684,positive,1.4298220464346965
2022-09-19 00:00:00+00:00,-0.7142857142857143,7,-1.4853153869141684,negative,-0.9487593877925043
2022-09-20 00:00:00+00:00,-0.4,5,-0.716703787691222,negative,-0.0031067512571590194
2022-09-21 00:00:00+00:00,-0.6,5,-1.0750556815368328,negative,-0.4239183403074486
2022-09-22 00:00:00+00:00,0.5714285714285714,7,1.1882523095313346,positive,2.2324059579556113
2022-09-23 00:00:00+00:00,-0.2,5,-0.358351893845611,negative,0.4228151365185121
2022-09-24 00:00:00+00:00,-1.0,4,-1.6094379124341003,negative,-1.0886883449831273
2022-09-25 00:00:00+00:00,0.3333333333333333,3,0.46209812037329684,positive,1.3620630424010682
2022-09-26 00:00:00+00:00,1.0,2,1.0986122886681098,positive,2.0325096517832812
2022-09-27 00:00:00+00:00,-0.5,4,-0.8047189562170501,negative,-0.2134627254813823
2022-09-28 00:00:00+00:00,-0.6875,16,-1.9478341740386487,negative,-1.5070849807731004
2022-09-29 00:00:00+00:00,-0.7,10,-1.6785266909588594,negative,-1.1552948637983325
2022-09-30 00:00:00+00:00,-0.2,5,-0.358351893845611,negative,0.4034962649121438
2022-10-01 00:00:00+00:00,-0.5,4,-0.8047189562170501,negative,-0.1283352520728235
2022-10-03 00:00:00+00:00,0.5,12,1.2824746787307684,positive,2.2414636403293926
2022-10-04 00:00:00+00:00,0.1,10,0.23978952727983707,neutral,1.0176039854480161
2022-10-05 00:00:00+00:00,0.0,7,0.0,negative,0.7571886429249411
2022-10-06 00:00:00+00:00,-0.15384615384615385,13,-0.406008819940809,negative,0.28088429663574194
2022-10-07 00:00:00+00:00,-0.1,10,-0.23978952727983707,negative,0.45522574436846
2022-10-08 00:00:00+00:00,0.6666666666666666,6,1.297273432703542,positive,2.0929311147312073
2022-10-09 00:00:00+00:00,-0.5,4,-0.8047189562170501,negative,-0.23626435069905002
2022-10-10 00:00:00+00:00,-0.4,5,-0.716703787691222,negative,-0.14468396019620253
2022-10-11 00:00:00+00:00,-0.42857142857142855,7,-0.891189232148501,negative,-0.33758163304435396
2022-10-12 00:00:00+00:00,0.07692307692307693,13,0.2030044099704045,negative,0.8553115177167954
2022-10-13 00:00:00+00:00,-0.5714285714285714,7,-1.1882523095313346,negative,-0.660297988526525
2022-10-14 00:00:00+00:00,-0.375,8,-0.8239592165010823,negative,-0.2654277030529398
2022-10-15 00:00:00+00:00,-0.75,8,-1.6479184330021646,negative,-1.173121016313243
2022-10-16 00:00:00+00:00,-0.3333333333333333,6,-0.648636716351771,negative,-0.10223164682009052
2022-10-17 00:00:00+00:00,0.25,4,0.40235947810852507,positive,1.1139857901266417
2022-10-18 00:00:00+00:00,0.0,6,0.0,negative,0.6461357878628264
2022-10-19 00:00:00+00:00,0.5,4,0.8047189562170501,positive,1.5242726007246337
2022-10-20 00:00:00+00:00,-0.5,4,-0.8047189562170501,negative,-0.3196981579662967
2022-10-21 00:00:00+00:00,-1.0,4,-1.6094379124341003,negative,-1.2117515197943773
2022-10-22 00:00:00+00:00,-0.3333333333333333,3,-0.46209812037329684,negative,0.09619309388219821
2022-10-23 00:00:00+00:00,0.16666666666666666,6,0.3243183581758855,positive,0.9627011040831087
2022-10-24 00:00:00+00:00,-0.2,5,-0.358351893845611,negative,0.16260092647382382
2022-10-25 00:00:00+00:00,0.0,2,0.0,negative,0.5520216876233862
2022-10-26 00:00:00+00:00,0.0,5,0.0,negative,0.578002366052978
2022-10-27 00:00:00+00:00,-0.7777777777777778,9,-1.7908995167731467,negative,-1.510152506072307
2022-10-28 00:00:00+00:00,-0.25,8,-0.5493061443340549,negative,-0.047547358596222965
2022-10-29 00:00:00+00:00,-1.0,2,-1.0986122886681098,negative,-0.6879580947152166
2022-10-31 00:00:00+00:00,-0.25,8,-0.5493061443340549,negative,-0.06163879231557531
2022-11-01 00:00:00+00:00,-0.3,10,-0.7193685818395111,negative,-0.23283487081036727
2022-11-02 00:00:00+00:00,-0.2,5,-0.358351893845611,negative,0.18654098196759786
2022-11-03 00:00:00+00:00,-0.6666666666666666,6,-1.297273432703542,negative,-0.9508670027118419
2022-11-04 00:00:00+00:00,0.0,7,0.0,negative,0.6598170608659243
2022-11-05 00:00:00+00:00,-0.6666666666666666,3,-0.9241962407465937,negative,-0.5146986571100468
2022-11-06 00:00:00+00:00,-1.0,8,-2.1972245773362196,negative,-2.0368134465871184
2022-11-07 00:00:00+00:00,-0.23076923076923078,13,-0.6090132299112135,negative,-0.07719447050989114
2022-11-08 00:00:00+00:00,-1.0,3,-1.3862943611198906,negative,-1.000571181652241
2022-11-09 00:00:00+00:00,-0.3333333333333333,3,-0.46209812037329684,negative,0.14142510902410674
2022-11-10 00:00:00+00:00,-0.2,5,-0.358351893845611,negative,0.2649400958531874
2022-11-11 00:00:00+00:00,-0.6,5,-1.0750556815368328,negative,-0.6032685859302098
2022-11-13 00:00:00+00:00,-0.7777777777777778,9,-1.7908995167731467,negative,-1.434960467837179
2022-11-14 00:00:00+00:00,-0.3076923076923077,13,-0.812017639881618,negative,-0.2543351339611211
2022-11-15 00:00:00+00:00,0.058823529411764705,17,0.17002186811153908,negative,0.8970364219874659
2022-11-16 00:00:00+00:00,-0.45454545454545453,11,-1.1295030226309093,negative,-0.6969597122261431
2022-11-17 00:00:00+00:00,0.5,10,1.1989476363991853,positive,2.0420424505260835
2022-11-18 00:00:00+00:00,-0.2857142857142857,14,-0.7737286288863456,negative,-0.3012687096137062
2022-11-19 00:00:00+00:00,-0.5,4,-0.8047189562170501,negative,-0.3429120945699458
2022-11-20 00:00:00+00:00,-0.5555555555555556,9,-1.2792139405522478,negative,-0.877516997724404
2022-11-21 00:00:00+00:00,-0.3,10,-0.7193685818395111,negative,-0.2255199395464349
2022-11-22 00:00:00+00:00,-0.3333333333333333,3,-0.46209812037329684,negative,0.08037460186923791
2022-11-23 00:00:00+00:00,-0.6666666666666666,6,-1.297273432703542,negative,-0.9217762555802934
2022-11-24 00:00:00+00:00,0.25,4,0.40235947810852507,positive,1.1725927363840802
2022-11-25 00:00:00+00:00,-0.5555555555555556,9,-1.2792139405522478,negative,-0.8833892354085101
2022-11-26 00:00:00+00:00,-1.0,4,-1.6094379124341003,negative,-1.2893961032030354
2022-11-27 00:00:00+00:00,-0.3333333333333333,3,-0.46209812037329684,negative,0.14210991721223054
2022-11-28 00:00:00+00:00,0.0,6,0.0,negative,0.7664624984076386
2022-11-29 00:00:00+00:00,0.0,6,0.0,negative,0.7460395791589617
2022-11-30 00:00:00+00:00,-0.42857142857142855,7,-0.891189232148501,negative,-0.43182851230342867
2022-12-01 00:00:00+00:00,1.0,5,1.791759469228055,positive,2.858923880922842
2022-12-02 00:00:00+00:00,0.1111111111111111,9,0.2558427881104495,positive,0.9281046150877853
2022-12-03 00:00:00+00:00,-0.625,16,-1.770758340035135,negative,-1.5263175313671795
2022-12-04 00:00:00+00:00,0.6,5,1.0750556815368328,positive,1.944085843945255
2022-12-05 00:00:00+00:00,-1.0,6,-1.9459101490553132,negative,-1.6757879232959814
2022-12-06 00:00:00+00:00,-0.14285714285714285,14,-0.3868643144431728,negative,0.2060625425223434
2022-12-07 00:00:00+00:00,-0.6,5,-1.0750556815368328,negative,-0.6085107808451169
2022-12-08 00:00:00+00:00,0.5555555555555556,9,1.2792139405522478,positive,2.108673409008469
2022-12-09 00:00:00+00:00,-1.0,2,-1.0986122886681098,negative,-0.6185617695056017
2022-12-10 00:00:00+00:00,1.0,2,1.0986122886681098,positive,1.919199542341071
2022-12-11 00:00:00+00:00,-1.0,3,-1.3862943611198906,negative,-0.9502342693237186
2022-12-12 00:00:00+00:00,-1.0,4,-1.6094379124341003,negative,-1.1809795301398867
2022-12-13 00:00:00+00:00,-0.7142857142857143,7,-1.4853153869141684,negative,-1.0052061587036587
2022-12-14 00:00:00+00:00,0.0,8,0.0,negative,0.6645838390516512
2022-12-15 00:00:00+00:00,1.0,8,2.1972245773362196,positive,2.881437255730296
2022-12-16 00:00:00+00:00,-0.7142857142857143,7,-1.4853153869141684,negative,-1.0112542332513854
2022-12-17 00:00:00+00:00,0.7777777777777778,9,1.7908995167731467,positive,2.301917628885697
2022-12-18 00:00:00+00:00,-0.6,5,-1.0750556815368328,negative,-0.5685694426041588
2022-12-19 00:00:00+00:00,-0.18181818181818182,11,-0.4518012090523637,negative,0.07102291394549695
2022-12-20 00:00:00+00:00,0.0,7,0.0,negative,0.5509677155271562
2022-12-21 00:00:00+00:00,-0.14285714285714285,7,-0.29706307738283366,negative,0.23643560275499012
2022-12-22 00:00:00+00:00,-0.8,5,-1.433407575382444,negative,-0.9397754376994983
2022-12-23 00:00:00+00:00,-1.0,7,-2.0794415416798357,negative,-1.5464886455089253
2022-12-24 00:00:00+00:00,-0.8,5,-1.433407575382444,negative,-0.8636140689723442
2022-12-25 00:00:00+00:00,0.0,4,0.0,negative,0.5794120164483306
2022-12-26 00:00:00+00:00,0.07692307692307693,13,0.2030044099704045,negative,0.7790773732027554
2022-12-27 00:00:00+00:00,0.6,5,1.0750556815368328,positive,1.6069217353291632
2022-12-28 00:00:00+00:00,0.0,6,0.0,negative,0.5217076359906556
2022-12-29 00:00:00+00:00,-1.0,3,-1.3862943611198906,negative,-0.8424449472862054
2022-12-30 00:00:00+00:00,-0.7142857142857143,7,-1.4853153869141684,negative,-0.9297569486389511
2022-12-31 00:00:00+00:00,-0.3333333333333333,6,-0.648636716351771,negative,-0.10237185487928553
2023-01-01 00:00:00+00:00,-0.625,8,-1.3732653608351373,negative,-0.8024252574105142
2023-01-02 00:00:00+00:00,-0.8,5,-1.433407575382444,negative,-0.8390094311694054
2023-01-03 00:00:00+00:00,-0.2222222222222222,9,-0.511685576220899,negative,0.04796510699472174
2023-01-04 00:00:00+00:00,-0.047619047619047616,21,-0.14719249777896742,negative,0.4081030328104921
2023-01-05 00:00:00+00:00,-0.16666666666666666,6,-0.3243183581758855,negative,0.22462538873394106
2023-01-06 00:00:00+00:00,-0.6153846153846154,13,-1.624035279763236,negative,-1.074789152027664
2023-01-07 00:00:00+00:00,-0.25,4,-0.40235947810852507,negative,0.13697435037014288
2023-01-08 00:00:00+00:00,0.0,3,0.0,negative,0.5161521164775269
2023-01-09 00:00:00+00:00,-0.3,10,-0.7193685818395111,negative,-0.19772839961950403
2023-01-10 00:00:00+00:00,-0.4,5,-0.716703787691222,negative,-0.18909231931455178
2023-01-11 00:00:00+00:00,-0.16666666666666666,6,-0.3243183581758855,negative,0.19045932044339434
2023-01-12 00:00:00+00:00,-0.75,8,-1.6479184330021646,negative,-1.1392376070702466
2023-01-13 00:00:00+00:00,0.09090909090909091,11,0.22590060452618185,negative,0.7205834216597921
2023-01-14 00:00:00+00:00,-1.0,1,-0.6931471805599453,negative,-0.1842771308946229
2023-01-15 00:00:00+00:00,-0.7142857142857143,7,-1.4853153869141684,negative,-0.9682432886423991
2023-01-16 00:00:00+00:00,-1.0,9,-2.302585092994046,negative,-1.7250704259320233
2023-01-17 00:00:00+00:00,-0.8571428571428571,7,-1.782378464297002,negative,-1.1753912699354556
2023-01-18 00:00:00+00:00,0.0,4,0.0,negative,0.567780848358742
2023-01-19 00:00:00+00:00,-0.7692307692307693,13,-2.030044099704045,negative,-1.3987782438558536
2023-01-20 00:00:00+00:00,-0.8,15,-2.218070977791825,negative,-1.5257625918460325
2023-01-21 00:00:00+00:00,-1.0,5,-1.791759469228055,negative,-1.087950826345563
2023-01-22 00:00:00+00:00,-0.5454545454545454,11,-1.355403627157091,negative,-0.6756030945145276
2023-01-23 00:00:00+00:00,-0.9,10,-2.1581057455185335,negative,-1.3795251974738518
2023-01-24 00:00:00+00:00,-0.4,10,-0.9591581091193483,negative,-0.26576287234051127
2023-01-25 00:00:00+00:00,0.0,9,0.0,negative,0.6085373070254451
2023-01-26 00:00:00+00:00,0.11764705882352941,17,0.34004373622307815,positive,0.9088976825656259
2023-01-27 00:00:00+00:00,-0.6,10,-1.4387371636790223,negative,-0.7259384504018284
2023-01-28 00:00:00+00:00,-0.42857142857142855,7,-0.891189232148501,negative,-0.20301931202805715
2023-01-29 00:00:00+00:00,-1.0,4,-1.6094379124341003,negative,-0.8571857988398034
2023-01-30 00:00:00+00:00,-1.0,4,-1.6094379124341003,negative,-0.8388082352063505
2023-01-31 00:00:00+00:00,0.0,5,0.0,negative,0.7248789534807518
2023-02-01 00:00:00+00:00,-0.8333333333333334,6,-1.6215917908794277,negative,-0.8538042104252104
2023-02-03 00:00:00+00:00,-0.6428571428571429,14,-1.740889414994278,negative,-0.9429293697820214
2023-02-04 00:00:00+00:00,-1.0,1,-0.6931471805599453,negative,0.07737822240002001
2023-02-05 00:00:00+00:00,-1.0,4,-1.6094379124341003,negative,-0.8185387371944126
2023-02-06 00:00:00+00:00,-0.6666666666666666,3,-0.9241962407465937,negative,-0.13614915887848178
2023-02-07 00:00:00+00:00,0.0,2,0.0,negative,0.8360081496593219
2023-02-08 00:00:00+00:00,1.0,5,1.791759469228055,positive,2.493551655215496
2023-02-09 00:00:00+00:00,-0.8,5,-1.433407575382444,negative,-0.6314305538622856
2023-02-10 00:00:00+00:00,-0.8333333333333334,6,-1.6215917908794277,negative,-0.8138392885791388
2023-02-11 00:00:00+00:00,0.0,2,0.0,negative,0.780343974316516
2023-02-12 00:00:00+00:00,0.0,6,0.0,negative,0.7551101167341427
2023-02-13 00:00:00+00:00,-0.75,4,-1.2070784343255752,negative,-0.43226849867618417
2023-02-14 00:00:00+00:00,0.375,8,0.8239592165010823,positive,1.7219168848131703
2023-02-15 00:00:00+00:00,-0.3333333333333333,9,-0.7675283643313486,negative,0.0205440168170144
2023-02-16 00:00:00+00:00,0.16666666666666666,12,0.42749155957692275,positive,1.39013828914062
2023-02-17 00:00:00+00:00,-0.8333333333333334,12,-2.137457797884614,negative,-1.4467203852279267
2023-02-18 00:00:00+00:00,-0.6,5,-1.0750556815368328,negative,-0.2624060854654293
2023-02-19 00:00:00+00:00,-0.2727272727272727,11,-0.6777018135785455,negative,0.19056869231005077
2023-02-20 00:00:00+00:00,-0.5,8,-1.0986122886681098,negative,-0.2637625739772911
2023-02-21 00:00:00+00:00,1.0,6,1.9459101490553132,positive,2.856956968427564
2023-02-22 00:00:00+00:00,-0.3333333333333333,15,-0.9241962407465937,negative,-0.1449255691188819
2023-02-23 00:00:00+00:00,-0.75,8,-1.6479184330021646,negative,-0.9012287893762347
2023-02-24 00:00:00+00:00,-0.14285714285714285,7,-0.29706307738283366,negative,0.5253583936178288
2023-02-25 00:00:00+00:00,0.3333333333333333,3,0.46209812037329684,positive,1.3142100753506798
2023-02-26 00:00:00+00:00,-1.0,11,-2.4849066497880004,negative,-1.727836289629467
2023-02-27 00:00:00+00:00,-0.7,10,-1.6785266909588594,negative,-0.8465995502846652
2023-02-28 00:00:00+00:00,-0.7777777777777778,9,-1.7908995167731467,negative,-0.9531803430172892
2023-03-01 00:00:00+00:00,-0.6842105263157895,19,-2.049711555589573,negative,-1.2044448265518632
2023-03-02 00:00:00+00:00,-0.5882352941176471,17,-1.700218681115391,negative,-0.8175442779164698
2023-03-03 00:00:00+00:00,-0.42857142857142855,7,-0.891189232148501,negative,0.013160106225282405
2023-03-04 00:00:00+00:00,-1.0,11,-2.4849066497880004,negative,-1.5929129189979598
2023-03-05 00:00:00+00:00,-0.75,16,-2.1249100080421623,negative,-1.1859209930871584
2023-03-06 00:00:00+00:00,-0.42857142857142855,7,-0.891189232148501,negative,0.07041831814572895
2023-03-07 00:00:00+00:00,0.5,4,0.8047189562170501,positive,1.7301757123193628
2023-03-08 00:00:00+00:00,-0.09090909090909091,11,-0.22590060452618185,negative,0.6860618063307052
2023-03-09 00:00:00+00:00,-0.46153846153846156,13,-1.218026459822427,negative,-0.28361126160512573
2023-03-10 00:00:00+00:00,-0.5555555555555556,9,-1.2792139405522478,negative,-0.32527258330577374
2023-03-11 00:00:00+00:00,-0.6,5,-1.0750556815368328,negative,-0.11553701201662422
2023-03-12 00:00:00+00:00,-1.0,6,-1.9459101490553132,negative,-0.9577796188074085
2023-03-13 00:00:00+00:00,-0.36363636363636365,11,-0.9036024181047274,negative,0.0855006429734986
2023-03-14 00:00:00+00:00,-1.0,6,-1.9459101490553132,negative,-0.9428892581726523
2023-03-15 00:00:00+00:00,-0.6,5,-1.0750556815368328,negative,-0.05909629450831166
2023-03-16 00:00:00+00:00,-0.6363636363636364,11,-1.5813042316832728,negative,-0.5514336079971902
2023-03-17 00:00:00+00:00,-0.42857142857142855,7,-0.891189232148501,negative,0.13036767185395143
2023-03-19 00:00:00+00:00,-0.6,10,-1.4387371636790223,negative,-0.43922485087794305
2023-03-20 00:00:00+00:00,-0.45454545454545453,11,-1.1295030226309093,negative,-0.13663263018469451
2023-03-21 00:00:00+00:00,-0.6666666666666666,3,-0.9241962407465937,negative,0.08971451772153176
2023-03-22 00:00:00+00:00,-0.6666666666666666,12,-1.709966238307691,negative,-0.7296258138080922
2023-03-23 00:00:00+00:00,-0.6666666666666666,6,-1.297273432703542,negative,-0.32199700105611506
2023-03-24 00:00:00+00:00,-0.7142857142857143,7,-1.4853153869141684,negative,-0.5267118143318992
2023-03-25 00:00:00+00:00,0.0,2,0.0,negative,1.0068855968520665
2023-03-26 00:00:00+00:00,-0.6666666666666666,6,-1.297273432703542,negative,-0.3693334446274251
2023-03-27 00:00:00+00:00,0.0,9,0.0,negative,0.9792114272602999
2023-03-28 00:00:00+00:00,-0.7272727272727273,11,-1.8072048362094548,negative,-0.8882256163524372
2023-03-29 00:00:00+00:00,-0.5,8,-1.0986122886681098,negative,-0.11974704914879121
2023-03-30 00:00:00+00:00,-1.0,10,-2.3978952727983707,negative,-1.4665924609243413
2023-03-31 00:00:00+00:00,-0.3333333333333333,9,-0.7675283643313486,negative,0.24479097837696506
2023-04-02 00:00:00+00:00,-1.0,4,-1.6094379124341003,negative,-0.6397713502718896
2023-04-03 00:00:00+00:00,-0.7,10,-1.6785266909588594,negative,-0.7105602308116487
2023-04-04 00:00:00+00:00,-0.1,10,-0.23978952727983707,negative,0.8072086183856447
2023-04-05 00:00:00+00:00,0.25,4,0.40235947810852507,positive,1.4279749821862533
2023-04-06 00:00:00+00:00,-1.0,4,-1.6094379124341003,negative,-0.6658152621093758
2023-04-07 00:00:00+00:00,-0.8333333333333334,6,-1.6215917908794277,negative,-0.6603375311388299
2023-04-08 00:00:00+00:00,-1.0,3,-1.3862943611198906,negative,-0.42092288739928774
2023-04-09 00:00:00+00:00,-0.6666666666666666,6,-1.297273432703542,negative,-0.3216132375086928
2023-04-10 00:00:00+00:00,0.1,10,0.23978952727983707,neutral,1.2650243248539528
2023-04-11 00:00:00+00:00,-0.3333333333333333,6,-0.648636716351771,negative,0.4187738504177359
2023-04-12 00:00:00+00:00,0.14285714285714285,7,0.29706307738283366,positive,1.4179635339042866
2023-04-13 00:00:00+00:00,-0.4,5,-0.716703787691222,negative,0.29031441765955335
2023-04-14 00:00:00+00:00,-0.5714285714285714,7,-1.1882523095313346,negative,-0.2089327885544275
2023-04-15 00:00:00+00:00,-1.0,1,-0.6931471805599453,negative,0.35763579593002987
2023-04-16 00:00:00+00:00,-0.7777777777777778,9,-1.7908995167731467,negative,-0.8582556853419212
2023-04-17 00:00:00+00:00,-0.09090909090909091,11,-0.22590060452618185,negative,0.9350685117454313
2023-04-18 00:00:00+00:00,0.0,1,0.0,negative,1.167172081634516
2023-04-19 00:00:00+00:00,-0.6,5,-1.0750556815368328,negative,-0.02767438665995293
2023-04-20 00:00:00+00:00,-1.0,5,-1.791759469228055,negative,-0.8758081886243447
2023-04-21 00:00:00+00:00,0.0,16,0.0,negative,1.1912525358515635
2023-04-23 00:00:00+00:00,-0.3333333333333333,6,-0.648636716351771,negative,0.4386655234877689
2023-04-24 00:00:00+00:00,-0.5,8,-1.0986122886681098,negative,-0.08283432834300912
2023-04-25 00:00:00+00:00,0.0,10,0.0,negative,1.3549692831721698
2023-04-26 00:00:00+00:00,-0.8333333333333334,6,-1.6215917908794277,negative,-0.7010375079581753
2023-04-27 00:00:00+00:00,0.0,11,0.0,negative,1.3155427479873378
2023-04-28 00:00:00+00:00,-1.0,4,-1.6094379124341003,negative,-0.6879354825215857
2023-04-29 00:00:00+00:00,-0.5714285714285714,7,-1.1882523095313346,negative,-0.12440999316637466
2023-04-30 00:00:00+00:00,-1.0,3,-1.3862943611198906,negative,-0.41882275824232645
2023-05-01 00:00:00+00:00,-0.42857142857142855,7,-0.891189232148501,negative,0.23043332564970306
2023-05-02 00:00:00+00:00,0.0,5,0.0,negative,1.3830907142958004
2023-05-03 00:00:00+00:00,0.0,4,0.0,negative,1.3381439001565454
2023-05-04 00:00:00+00:00,-0.8333333333333334,6,-1.6215917908794277,negative,-0.8399543502842227
2023-05-05 00:00:00+00:00,-1.0,5,-1.791759469228055,negative,-1.0387796470048525
2023-05-06 00:00:00+00:00,-0.7777777777777778,9,-1.7908995167731467,negative,-1.0787980373360198
2023-05-07 00:00:00+00:00,-0.875,8,-1.922571505169192,negative,-1.2712957500861584
2023-05-08 00:00:00+00:00,-0.9,10,-2.1581057455185335,negative,-1.533826339992219
2023-05-09 00:00:00+00:00,-0.14285714285714285,7,-0.29706307738283366,negative,1.0395615680256636
2023-05-10 00:00:00+00:00,-0.5,12,-1.2824746787307684,negative,-0.3255243711745408
2023-05-11 00:00:00+00:00,-0.45454545454545453,11,-1.1295030226309093,negative,-0.11017673433935045
2023-05-12 00:00:00+00:00,-0.23076923076923078,13,-0.6090132299112135,negative,0.6127694048940548
2023-05-13 00:00:00+00:00,-1.0,2,-1.0986122886681098,negative,-0.08137620183313281
2023-05-14 00:00:00+00:00,-1.0,5,-1.791759469228055,negative,-1.073200268194087
2023-05-15 00:00:00+00:00,0.0,7,0.0,negative,1.4331801504897665
2023-05-16 00:00:00+00:00,0.13333333333333333,15,0.36967849629863747,positive,1.8659455798149975
2023-05-17 00:00:00+00:00,-0.6,15,-1.6635532333438687,negative,-0.9145164349246568
2023-05-18 00:00:00+00:00,-0.6,10,-1.4387371636790223,negative,-0.611739497283513
2023-05-19 00:00:00+00:00,-0.5454545454545454,22,-1.7102695723249906,negative,-0.9577387470743719
2023-05-20 00:00:00+00:00,0.6666666666666666,9,1.5350567286626973,positive,3.1040381585427963
2023-05-21 00:00:00+00:00,0.0,8,0.0,negative,1.1551707484485292
2023-05-22 00:00:00+00:00,-0.38461538461538464,13,-1.0150220498520226,negative,-0.09333955798638759
2023-05-23 00:00:00+00:00,-0.3,10,-0.7193685818395111,negative,0.25233597660802337
2023-05-24 00:00:00+00:00,-0.875,8,-1.922571505169192,negative,-1.214214018857743
2023-05-25 00:00:00+00:00,0.0,12,0.0,negative,1.1073439048243305
2023-05-26 00:00:00+00:00,-1.0,1,-0.6931471805599453,negative,0.2792602326548737
2023-05-27 00:00:00+00:00,0.3333333333333333,3,0.46209812037329684,positive,1.6300159060298374
2023-05-28 00:00:00+00:00,0.3333333333333333,6,0.648636716351771,positive,1.8072023695050843
2023-05-29 00:00:00+00:00,-0.8,5,-1.433407575382444,negative,-0.6663119973155079
2023-05-30 00:00:00+00:00,0.0,6,0.0,negative,1.009627236577026
2023-05-31 00:00:00+00:00,-0.25,8,-0.5493061443340549,negative,0.3342010675233051
2023-06-01 00:00:00+00:00,0.25,8,0.5493061443340549,positive,1.605058583832043
2023-06-02 00:00:00+00:00,0.0,3,0.0,negative,0.9215597383622948
2023-06-03 00:00:00+00:00,-1.0,6,-1.9459101490553132,negative,-1.3758834799022264
2023-06-04 00:00:00+00:00,-1.0,3,-1.3862943611198906,negative,-0.6924054862996688
2023-06-05 00:00:00+00:00,-0.5454545454545454,11,-1.355403627157091,negative,-0.6302914453834146
2023-06-06 00:00:00+00:00,-0.4,10,-0.9591581091193483,negative,-0.1704509530831462
2023-06-07 00:00:00+00:00,0.25,12,0.6412373393653842,positive,1.684110939612591
2023-06-08 00:00:00+00:00,-1.0,2,-1.0986122886681098,negative,-0.3844361872411675
2023-06-09 00:00:00+00:00,-0.5,8,-1.0986122886681098,negative,-0.3891587480773883
2023-06-10 00:00:00+00:00,-0.6666666666666666,6,-1.297273432703542,negative,-0.6009929175724537
2023-06-11 00:00:00+00:00,-0.75,4,-1.2070784343255752,negative,-0.4805071497786972
2023-06-12 00:00:00+00:00,-0.75,4,-1.2070784343255752,negative,-0.4565650569598059
2023-06-13 00:00:00+00:00,0.2,5,0.358351893845611,positive,1.4024811424161532
2023-06-14 00:00:00+00:00,-1.0,5,-1.791759469228055,negative,-1.146493571979028
2023-06-15 00:00:00+00:00,-0.3333333333333333,3,-0.46209812037329684,negative,0.4236730192410525
2023-06-16 00:00:00+00:00,-0.8,5,-1.433407575382444,negative,-0.7375684425288322
2023-06-17 00:00:00+00:00,-1.0,2,-1.0986122886681098,negative,-0.32251165088475797
2023-06-18 00:00:00+00:00,-1.0,2,-1.0986122886681098,negative,-0.30296209607212105
2023-06-19 00:00:00+00:00,-0.8,10,-1.9183162182386966,negative,-1.2567250069147733
2023-06-20 00:00:00+00:00,-1.0,4,-1.6094379124341003,negative,-0.8964546186003067
2023-06-21 00:00:00+00:00,-1.0,8,-2.1972245773362196,negative,-1.5360861017902145
2023-06-22 00:00:00+00:00,-0.6666666666666666,6,-1.297273432703542,negative,-0.461480425581846
2023-06-23 00:00:00+00:00,-1.0,6,-1.9459101490553132,negative,-1.1945268764805799
2023-06-24 00:00:00+00:00,-1.0,2,-1.0986122886681098,negative,-0.18880567075096577
2023-06-25 00:00:00+00:00,-1.0,6,-1.9459101490553132,negative,-1.1707871407746746
2023-06-26 00:00:00+00:00,-1.0,5,-1.791759469228055,negative,-0.9583736400516568
2023-06-27 00:00:00+00:00,0.0,4,0.0,negative,1.1017301163588618
2023-06-28 00:00:00+00:00,-0.5714285714285714,7,-1.1882523095313346,negative,-0.28153562384337366
2023-06-29 00:00:00+00:00,-0.2,10,-0.47957905455967414,negative,0.5257867468462145
2023-06-30 00:00:00+00:00,-0.4166666666666667,12,-1.068728898942307,negative,-0.15649434447522925
2023-07-01 00:00:00+00:00,-0.5,8,-1.0986122886681098,negative,-0.17167743398386223
2023-07-02 00:00:00+00:00,-0.6,5,-1.0750556815368328,negative,-0.12425849644984051
2023-07-03 00:00:00+00:00,-0.45454545454545453,11,-1.1295030226309093,negative,-0.1996650562332677
2023-07-04 00:00:00+00:00,-1.0,5,-1.791759469228055,negative,-0.9904074847844185
2023-07-05 00:00:00+00:00,-0.6666666666666666,6,-1.297273432703542,negative,-0.4127027103904784
2023-07-06 00:00:00+00:00,0.5,2,0.5493061443340549,positive,1.732458148914258
2023-07-07 00:00:00+00:00,-0.6,5,-1.0750556815368328,negative,-0.2176061131480667
2023-07-08 00:00:00+00:00,-0.3333333333333333,3,-0.46209812037329684,negative,0.5268138417484152
2023-07-09 00:00:00+00:00,-1.0,4,-1.6094379124341003,negative,-0.8508800838473801
2023-07-10 00:00:00+00:00,-0.2,5,-0.358351893845611,negative,0.6386942765398805
2023-07-11 00:00:00+00:00,0.125,8,0.27465307216702745,positive,1.360376147730986
2023-07-12 00:00:00+00:00,-0.8,5,-1.433407575382444,negative,-0.6514101741067492
2023-07-13 00:00:00+00:00,-0.8,5,-1.433407575382444,negative,-0.6625767509012236
2023-07-14 00:00:00+00:00,-0.375,16,-1.0624550040210812,negative,-0.2032119255649015
2023-07-15 00:00:00+00:00,-1.0,1,-0.6931471805599453,negative,0.26531539843645346
2023-07-16 00:00:00+00:00,-0.6,10,-1.4387371636790223,negative,-0.6519545106966206
2023-07-17 00:00:00+00:00,-0.8,5,-1.433407575382444,negative,-0.6455788000186151
2023-07-18 00:00:00+00:00,-0.2,15,-0.5545177444479562,negative,0.4107457620975591
2023-07-19 00:00:00+00:00,-1.0,8,-2.1972245773362196,negative,-1.6350064624171632
2023-07-20 00:00:00+00:00,0.2857142857142857,7,0.5941261547656673,positive,1.9681367504119895
2023-07-21 00:00:00+00:00,-1.0,3,-1.3862943611198906,negative,-0.5636750186750851
2023-07-22 00:00:00+00:00,-1.0,2,-1.0986122886681098,negative,-0.18749662832596828
2023-07-23 00:00:00+00:00,-1.0,2,-1.0986122886681098,negative,-0.20778526646633164
2023-07-24 00:00:00+00:00,-1.0,7,-2.0794415416798357,negative,-1.4280767285228384
2023-07-25 00:00:00+00:00,-0.7777777777777778,9,-1.7908995167731467,negative,-1.0237982575390567
2023-07-26 00:00:00+00:00,-0.5,6,-0.9729550745276566,negative,0.05592365252871231
2023-07-27 00:00:00+00:00,-0.5,8,-1.0986122886681098,negative,-0.07472850616188347
2023-07-28 00:00:00+00:00,-0.3888888888888889,18,-1.1450596030091713,negative,-0.1457464412437545
2023-07-29 00:00:00+00:00,0.0,2,0.0,negative,1.43703477991426
2023-07-30 00:00:00+00:00,-0.6,5,-1.0750556815368328,negative,-0.037016404211390276
2023-07-31 00:00:00+00:00,0.0,2,0.0,negative,1.503840698392012
2023-08-01 00:00:00+00:00,0.3333333333333333,3,0.46209812037329684,positive,2.1075468536773756
2023-08-02 00:00:00+00:00,0.0,3,0.0,negative,1.4127195064727454
2023-08-03 00:00:00+00:00,-0.75,4,-1.2070784343255752,negative,-0.2679619027835736
2023-08-04 00:00:00+00:00,-0.6666666666666666,6,-1.297273432703542,negative,-0.39499168864663553
2023-08-05 00:00:00+00:00,-0.6666666666666666,3,-0.9241962407465937,negative,0.12338808666203163
2023-08-06 00:00:00+00:00,-1.0,5,-1.791759469228055,negative,-1.0672092897054233
2023-08-07 00:00:00+00:00,-0.8333333333333334,6,-1.6215917908794277,negative,-0.8041589831131508
2023-08-08 00:00:00+00:00,0.25,4,0.40235947810852507,positive,1.996763363773995
2023-08-09 00:00:00+00:00,0.0,7,0.0,negative,1.3866573691382764
2023-08-10 00:00:00+00:00,-0.2857142857142857,7,-0.5941261547656673,negative,0.5602381151396038
2023-08-11 00:00:00+00:00,-0.5,6,-0.9729550745276566,negative,0.03875159303745193
2023-08-13 00:00:00+00:00,-0.75,8,-1.6479184330021646,negative,-0.8564085580980336
2023-08-14 00:00:00+00:00,-0.6666666666666666,9,-1.5350567286626973,negative,-0.7085391194370538
2023-08-15 00:00:00+00:00,-1.0,6,-1.9459101490553132,negative,-1.2409258364193896
2023-08-16 00:00:00+00:00,-1.0,12,-2.5649493574615367,negative,-2.0084490276818117
2023-08-17 00:00:00+00:00,-0.46153846153846156,13,-1.218026459822427,negative,-0.1911254750461732
2023-08-18 00:00:00+00:00,-0.2,10,-0.47957905455967414,negative,0.7853156008329983
2023-08-19 00:00:00+00:00,0.4,5,0.716703787691222,positive,2.2505151362753537
2023-08-20 00:00:00+00:00,-1.0,8,-2.1972245773362196,negative,-1.4871416855369919
2023-08-21 00:00:00+00:00,-0.5384615384615384,13,-1.4210308697928313,negative,-0.522129852212707
2023-08-22 00:00:00+00:00,-0.6,10,-1.4387371636790223,negative,-0.5412901922295397
2023-08-23 00:00:00+00:00,-0.8,15,-2.218070977791825,negative,-1.5329610646486151
2023-08-24 00:00:00+00:00,0.0,8,0.0,negative,1.2767608369048977
2023-08-25 00:00:00+00:00,-1.0,6,-1.9459101490553132,negative,-1.189636235559843
2023-08-27 00:00:00+00:00,-1.0,4,-1.6094379124341003,negative,-0.7696761503126908
2023-08-28 00:00:00+00:00,-0.7777777777777778,9,-1.7908995167731467,negative,-0.9684118188740801
2023-08-29 00:00:00+00:00,-1.0,2,-1.0986122886681098,negative,-0.08444603020973421
2023-08-30 00:00:00+00:00,-0.1,10,-0.23978952727983707,negative,1.0052695255878237
2023-08-31 00:00:00+00:00,-0.45454545454545453,11,-1.1295030226309093,negative,-0.12722381401425545
2023-09-01 00:00:00+00:00,-0.7142857142857143,7,-1.4853153869141684,negative,-0.570813479677814
2023-09-02 00:00:00+00:00,-0.3333333333333333,6,-0.648636716351771,negative,0.4823584231003553
2023-09-03 00:00:00+00:00,-0.6666666666666666,9,-1.5350567286626973,negative,-0.6311123358625996
2023-09-04 00:00:00+00:00,-0.42857142857142855,7,-0.891189232148501,negative,0.16502111217457233
2023-09-05 00:00:00+00:00,-0.5,4,-0.8047189562170501,negative,0.26482965611817527
2023-09-06 00:00:00+00:00,-0.375,8,-0.8239592165010823,negative,0.27899017490052924
2023-09-07 00:00:00+00:00,-0.3333333333333333,3,-0.46209812037329684,negative,0.7394345855776681
2023-09-08 00:00:00+00:00,-1.0,3,-1.3862943611198906,negative,-0.4552670920122506
2023-09-09 00:00:00+00:00,-0.5,8,-1.0986122886681098,negative,-0.08802268465477928
2023-09-10 00:00:00+00:00,-1.0,4,-1.6094379124341003,negative,-0.7380290079103179
2023-09-11 00:00:00+00:00,0.0,9,0.0,negative,1.4164108011021188
2023-09-12 00:00:00+00:00,-0.3333333333333333,9,-0.7675283643313486,negative,0.37391430663392417
2023-09-13 00:00:00+00:00,-1.0,3,-1.3862943611198906,negative,-0.4569445712033799
2023-09-14 00:00:00+00:00,0.6923076923076923,13,1.8270396897336403,positive,3.3922811026321713
2023-09-15 00:00:00+00:00,-0.6,5,-1.0750556815368328,negative,-0.08561323648405192
2023-09-17 00:00:00+00:00,-0.5,8,-1.0986122886681098,negative,-0.12102169043792144
2023-09-18 00:00:00+00:00,-0.4,10,-0.9591581091193483,negative,0.037586164441359086
2023-09-19 00:00:00+00:00,-0.8181818181818182,11,-2.033105440735637,negative,-1.2169396138031194
2023-09-20 00:00:00+00:00,-1.0,8,-2.1972245773362196,negative,-1.4130953503391053
2023-09-21 00:00:00+00:00,0.25,4,0.40235947810852507,positive,1.709824140746129
2023-09-22 00:00:00+00:00,-0.8181818181818182,11,-2.033105440735637,negative,-1.1958031686766157
2023-09-24 00:00:00+00:00,-1.0,2,-1.0986122886681098,negative,-0.08301809822572194
2023-09-25 00:00:00+00:00,0.3333333333333333,3,0.46209812037329684,positive,1.7005532865782331
2023-09-26 00:00:00+00:00,-0.5555555555555556,9,-1.2792139405522478,negative,-0.34052460292094205
2023-09-27 00:00:00+00:00,-0.75,8,-1.6479184330021646,negative,-0.7786730642247138
2023-09-28 00:00:00+00:00,0.3333333333333333,6,0.648636716351771,positive,1.8397460840258215
2023-09-29 00:00:00+00:00,-0.6666666666666666,3,-0.9241962407465937,negative,0.03778414865537961
2023-09-30 00:00:00+00:00,-0.5,4,-0.8047189562170501,negative,0.16798063826674528
2023-10-01 00:00:00+00:00,-0.5,4,-0.8047189562170501,negative,0.18517028121031667
2023-10-02 00:00:00+00:00,0.14285714285714285,7,0.29706307738283366,positive,1.4073998876483411
2023-10-03 00:00:00+00:00,-0.4,5,-0.716703787691222,negative,0.27209127015223566
2023-10-04 00:00:00+00:00,-0.42857142857142855,7,-0.891189232148501,negative,0.10021090076099975
2023-10-05 00:00:00+00:00,-0.5,4,-0.8047189562170501,negative,0.21981056445213398
2023-10-06 00:00:00+00:00,-0.25,4,-0.40235947810852507,negative,0.6788883458971883
2023-10-07 00:00:00+00:00,-1.0,2,-1.0986122886681098,negative,-0.14831634101182686
2023-10-08 00:00:00+00:00,-0.3333333333333333,6,-0.648636716351771,negative,0.3783279335119488
2023-10-09 00:00:00+00:00,-0.7142857142857143,7,-1.4853153869141684,negative,-0.6197380789488347
2023-10-10 00:00:00+00:00,-0.1111111111111111,9,-0.2558427881104495,negative,0.8133088242603175
2023-10-11 00:00:00+00:00,-1.0,7,-2.0794415416798357,negative,-1.3124142782568053
2023-10-12 00:00:00+00:00,0.0,3,0.0,negative,1.174791500537912
2023-10-13 00:00:00+00:00,-0.8,10,-1.9183162182386966,negative,-1.084178730530769
2023-10-14 00:00:00+00:00,-0.2,5,-0.358351893845611,negative,0.7503163064956291
2023-10-15 00:00:00+00:00,-1.0,6,-1.9459101490553132,negative,-1.1114751505905738
2023-10-16 00:00:00+00:00,-1.0,5,-1.791759469228055,negative,-0.9218631123491211
2023-10-17 00:00:00+00:00,0.0,4,0.0,negative,1.1343150270162066
2023-10-18 00:00:00+00:00,0.0,14,0.0,negative,1.1064556086599504
2023-10-19 00:00:00+00:00,-0.2,10,-0.47957905455967414,negative,0.5193547091815717
2023-10-20 00:00:00+00:00,-0.36363636363636365,11,-0.9036024181047274,negative,0.022959268439017803
2023-10-21 00:00:00+00:00,0.0,2,0.0,negative,1.141298824433218
2023-10-22 00:00:00+00:00,-1.0,6,-1.9459101490553132,negative,-1.2486787979612881
2023-10-23 00:00:00+00:00,-0.875,8,-1.922571505169192,negative,-1.1983925681541514
2023-10-24 00:00:00+00:00,0.0,6,0.0,negative,1.1064831717737866
2023-10-25 00:00:00+00:00,0.5,4,0.8047189562170501,positive,1.9915680194277825
2023-10-26 00:00:00+00:00,-1.0,7,-2.0794415416798357,negative,-1.3969999396664559
2023-10-27 00:00:00+00:00,-0.25,8,-0.5493061443340549,negative,0.3913863444515416
2023-10-28 00:00:00+00:00,-1.0,4,-1.6094379124341003,negative,-0.8787603020471935
2023-10-29 00:00:00+00:00,-0.6666666666666666,6,-1.297273432703542,negative,-0.5188177093389313
2023-10-30 00:00:00+00:00,-0.5555555555555556,9,-1.2792139405522478,negative,-0.4926651290894631
2023-10-31 00:00:00+00:00,0.6666666666666666,3,0.9241962407465937,positive,2.071289304907922
2023-11-01 00:00:00+00:00,-0.25,12,-0.6412373393653842,negative,0.2357293571389145
2023-11-02 00:00:00+00:00,0.2,5,0.358351893845611,positive,1.3513258124348098
2023-11-03 00:00:00+00:00,-0.6666666666666666,6,-1.297273432703542,negative,-0.5457882640331638
2023-11-05 00:00:00+00:00,-0.5,4,-0.8047189562170501,negative,0.0074301226859392715
2023-11-06 00:00:00+00:00,0.18181818181818182,11,0.4518012090523637,positive,1.4120737499047447
2023-11-07 00:00:00+00:00,-0.5,8,-1.0986122886681098,negative,-0.34676942571575337
2023-11-08 00:00:00+00:00,-1.0,5,-1.791759469228055,negative,-1.1047990098996987
2023-11-09 00:00:00+00:00,-0.14285714285714285,7,-0.29706307738283366,negative,0.5728785976622156
2023-11-10 00:00:00+00:00,-1.0,4,-1.6094379124341003,negative,-0.8942873146450946
2023-11-11 00:00:00+00:00,0.5,4,0.8047189562170501,positive,1.7285854397146598
2023-11-13 00:00:00+00:00,-0.75,8,-1.6479184330021646,negative,-0.9470330735760446
2023-11-14 00:00:00+00:00,-0.5714285714285714,14,-1.5474572577726913,negative,-0.8098014405101689
2023-11-15 00:00:00+00:00,-0.6666666666666666,9,-1.5350567286626973,negative,-0.778224292222165
2023-11-16 00:00:00+00:00,-1.0,3,-1.3862943611198906,negative,-0.616715718462435
2023-11-17 00:00:00+00:00,-0.1,10,-0.23978952727983707,negative,0.7152740913250382
2023-11-18 00:00:00+00:00,-1.0,2,-1.0986122886681098,negative,-0.286493271499072
2023-11-19 00:00:00+00:00,-1.0,1,-0.6931471805599453,negative,0.17882365222132818
2023-11-20 00:00:00+00:00,-0.375,8,-0.8239592165010823,negative,0.023489964451680313
2023-11-21 00:00:00+00:00,-1.0,5,-1.791759469228055,negative,-1.1178471609981417
2023-11-22 00:00:00+00:00,-0.5714285714285714,14,-1.5474572577726913,negative,-0.8572399606762123
2023-11-23 00:00:00+00:00,0.3333333333333333,3,0.46209812037329684,positive,1.5372707727620452
2023-11-24 00:00:00+00:00,-0.875,8,-1.922571505169192,negative,-1.3099832396002353
2023-11-25 00:00:00+00:00,-1.0,2,-1.0986122886681098,negative,-0.3253184122000327
2023-11-26 00:00:00+00:00,0.3333333333333333,6,0.648636716351771,positive,1.7481393718063238
2023-11-27 00:00:00+00:00,-0.7142857142857143,7,-1.4853153869141684,negative,-0.7800562195346504
2023-11-28 00:00:00+00:00,-0.7142857142857143,7,-1.4853153869141684,negative,-0.7855204592681839
2023-11-29 00:00:00+00:00,-0.2727272727272727,11,-0.6777018135785455,negative,0.20545804267187143
2023-11-30 00:00:00+00:00,0.0,6,0.0,negative,1.0046850379243253
2023-12-01 00:00:00+00:00,-0.36363636363636365,11,-0.9036024181047274,negative,-0.08616423700767742
2023-12-02 00:00:00+00:00,-1.0,3,-1.3862943611198906,negative,-0.655756018266067
2023-12-03 00:00:00+00:00,-0.8333333333333334,12,-2.137457797884614,negative,-1.506721628920372
2023-12-04 00:00:00+00:00,-0.375,8,-0.8239592165010823,negative,0.07260786404307847
2023-12-05 00:00:00+00:00,-0.25,8,-0.5493061443340549,negative,0.39511451734084413
2023-12-06 00:00:00+00:00,-0.2857142857142857,7,-0.5941261547656673,negative,0.33683714555815647
2023-12-07 00:00:00+00:00,-0.8461538461538461,13,-2.2330485096744495,negative,-1.5612070708989974
2023-12-08 00:00:00+00:00,-1.0,4,-1.6094379124341003,negative,-0.8133891215109736
2023-12-09 00:00:00+00:00,-1.0,1,-0.6931471805599453,negative,0.25959607871592905
2023-12-10 00:00:00+00:00,-1.0,4,-1.6094379124341003,negative,-0.8088347108753055
2023-12-11 00:00:00+00:00,-0.8571428571428571,14,-2.321185886659037,negative,-1.5736519072874677
2023-12-12 00:00:00+00:00,-0.5333333333333333,15,-1.4787139851945499,negative,-0.6242791098632864
2023-12-13 00:00:00+00:00,-0.4666666666666667,15,-1.2938747370452313,negative,-0.387969627078938
2023-12-14 00:00:00+00:00,-0.4444444444444444,9,-1.023371152441798,negative,-0.08923011022211878
2023-12-15 00:00:00+00:00,-0.42857142857142855,7,-0.891189232148501,negative,0.07831393586729007
2023-12-16 00:00:00+00:00,-0.75,12,-1.9237120180961527,negative,-1.151818067101336
2023-12-16 13:00:00+00:00,-0.5,2,-0.5493061443340549,negative,0.46354946391834057
2023-12-16 14:00:00+00:00,-0.2,5,-0.358351893845611,negative,0.7043645240257417
2023-12-16 15:00:00+00:00,-0.3333333333333333,3,-0.46209812037329684,negative,0.5932885126616249
2023-12-16 17:00:00+00:00,-1.0,1,-0.6931471805599453,negative,0.31704118551527344
2023-12-16 20:00:00+00:00,0.0,2,0.0,negative,1.1312815640564948
2023-12-16 22:00:00+00:00,-1.0,1,-0.6931471805599453,negative,0.3125103328206801
