date,open,high,low,close,adj close,volume,daily_sentiment,weighted_sentiment_rolling_z_score,economic_state,anomaly_type,anomaly_persistent
2020-07-02,44.02000045776367,44.959999084472656,43.810001373291016,44.459999084472656,44.459999084472656,282000,positive,1.140443549310714,Recession,neutral,0
2020-07-01,44.09000015258789,44.20000076293945,43.45000076293945,43.47000122070313,43.47000122070313,437300,negative,-0.4381082154851787,Recession,neutral,0
2020-06-30,42.97000122070313,44.43999862670898,42.81999969482422,44.2400016784668,44.2400016784668,835100,negative,-0.3431311794491151,Recession,neutral,0
2020-06-29,42.52999877929688,43.36999893188477,42.09999847412109,42.88999938964844,42.88999938964844,475800,negative,-0.5666208172778836,Recession,neutral,0
2020-06-26,43.59999847412109,43.63000106811523,42.0099983215332,42.18000030517578,42.18000030517578,1300300,no_news,0.0,Recession,neutral,0
2020-06-25,42.7599983215332,43.86999893188477,42.2400016784668,43.84000015258789,43.84000015258789,534000,negative,-2.094322922983918,Recession,neutral,0
2020-06-24,43.209999084472656,43.540000915527344,42.20000076293945,43.02999877929688,43.02999877929688,791700,negative,-0.0632567872704867,Recession,neutral,0
2020-06-23,43.02999877929688,43.58000183105469,42.61000061035156,43.34999847412109,43.34999847412109,481200,negative,-0.2465274486025534,Recession,neutral,0
2020-06-22,41.09000015258789,42.47999954223633,40.65999984741211,42.45000076293945,42.45000076293945,553200,negative,-0.5618205919125494,Recession,neutral,0
2020-06-19,43.0099983215332,43.540000915527344,42.060001373291016,42.5,42.5,1066500,negative,0.6573904351393951,Recession,neutral,0
2020-06-18,42.59000015258789,43.02999877929688,42.45000076293945,42.81999969482422,42.81999969482422,304900,positive,2.340204865855245,Recession,neutral,0
2020-06-17,42.81999969482422,43.22000122070313,42.040000915527344,42.61999893188477,42.61999893188477,368900,negative,0.2127871758332294,Recession,neutral,0
2020-06-16,41.83000183105469,42.72999954223633,41.400001525878906,42.27000045776367,42.27000045776367,459500,negative,-1.1272390004341537,Recession,neutral,0
2020-06-15,38.83000183105469,40.75,38.15999984741211,40.43999862670898,40.43999862670898,446600,negative,-1.7173579971769886,Recession,neutral,0
2020-06-12,40.38000106811523,41.04999923706055,38.54999923706055,39.72999954223633,39.72999954223633,312500,negative,-0.5588946831959245,Recession,neutral,0
2020-06-11,42.38000106811523,42.52000045776367,39.11000061035156,39.11999893188477,39.11999893188477,518700,positive,1.947243853411856,Recession,neutral,0
2020-06-10,43.75,44.52000045776367,43.70000076293945,43.9900016784668,43.9900016784668,596700,positive,1.2839520047434383,Recession,neutral,1
2020-06-09,42.86000061035156,43.84999847412109,41.900001525878906,43.58000183105469,43.58000183105469,353300,negative,-0.3309137642056012,Recession,neutral,1
2020-06-08,43.959999084472656,44.09000015258789,43.02999877929688,43.54999923706055,43.54999923706055,438000,negative,-0.9791478656905656,Recession,neutral,1
2020-06-05,43.84999847412109,44.86000061035156,43.52000045776367,43.72000122070313,43.72000122070313,439600,negative,-0.9436632254207296,Recession,neutral,1
2020-06-04,41.45000076293945,43.65999984741211,41.43999862670898,43.02000045776367,43.02000045776367,397300,positive,1.027820694219322,Recession,price_dislocation,1
2020-06-03,41.91999816894531,43.02000045776367,41.59999847412109,42.5,42.5,388200,negative,-0.5938686085894511,Recession,uncertainty_spike,1
2020-06-02,41.11000061035156,41.22000122070313,39.63000106811523,41.060001373291016,41.060001373291016,391900,negative,-0.6143050716269419,Recession,price_dislocation,1
2020-06-01,40.09999847412109,41.27000045776367,39.81999969482422,40.84999847412109,40.84999847412109,345000,negative,-0.83856765490635,Recession,price_dislocation,1
2020-05-29,40.06999969482422,40.63000106811523,39.54999923706055,39.97000122070313,39.97000122070313,680500,positive,1.1154024630909294,Recession,price_dislocation,0
2020-05-28,42.18999862670898,42.22000122070313,39.790000915527344,40.08000183105469,40.08000183105469,534400,negative,-1.6041516066216903,Recession,price_dislocation,0
2020-05-27,41.63000106811523,42.09000015258789,39.88000106811523,41.97999954223633,41.97999954223633,457800,positive,1.087717125845157,Recession,price_dislocation,0
2020-05-26,42.4900016784668,42.72000122070313,41.09000015258789,41.22999954223633,41.22999954223633,441100,negative,-0.3101310432567617,Recession,price_dislocation,0
2020-05-22,40.560001373291016,41.310001373291016,39.95000076293945,40.97999954223633,40.97999954223633,269300,negative,-0.0879183456031176,Recession,price_dislocation,0
2020-05-21,40.13000106811523,40.68000030517578,39.63999938964844,40.22999954223633,40.22999954223633,380700,negative,-0.3512438427920091,Recession,neutral,0
2020-05-20,40.0,41.18000030517578,39.68999862670898,40.61999893188477,40.61999893188477,539700,negative,-2.142522239618587,Recession,neutral,0
2020-05-19,38.7599983215332,40.36000061035156,38.61999893188477,39.2400016784668,39.2400016784668,351200,negative,0.0542189630466752,Recession,neutral,0
2020-05-18,40.7599983215332,40.7599983215332,38.29999923706055,39.09000015258789,39.09000015258789,510000,negative,-1.338899800809782,Recession,neutral,0
2020-05-15,37.91999816894531,38.20000076293945,37.02999877929688,37.540000915527344,37.540000915527344,421800,negative,0.3476667581310951,Recession,neutral,0
2020-05-14,37.88000106811523,38.7599983215332,36.97000122070313,38.72999954223633,38.72999954223633,619900,negative,-0.3124714790408007,Recession,neutral,0
2020-05-13,38.88999938964844,39.43000030517578,37.68000030517578,38.61999893188477,38.61999893188477,816200,positive,0.7393861851290964,Recession,neutral,0
2020-05-12,39.36999893188477,40.15999984741211,38.27000045776367,39.18999862670898,39.18999862670898,858200,negative,-0.9404667651683146,Recession,neutral,0
2020-05-11,38.75,39.63999938964844,38.16999816894531,39.09999847412109,39.09999847412109,558800,negative,-0.1967955470049062,Recession,neutral,0
2020-05-08,38.61999893188477,39.54999923706055,38.61999893188477,39.18999862670898,39.18999862670898,537100,negative,-0.1443776132097274,Recession,no_anomaly,0
2020-05-07,38.2400016784668,38.2400016784668,37.38000106811523,38.0,38.0,407300,positive,0.8203157278979002,Recession,no_anomaly,0
2020-05-06,36.63999938964844,37.27000045776367,36.25,36.93999862670898,36.93999862670898,432300,negative,0.302340275872038,Recession,no_anomaly,0
2020-05-05,36.11000061035156,37.27000045776367,36.11000061035156,36.45000076293945,36.45000076293945,545400,negative,0.324691960938773,Recession,no_anomaly,0
2020-05-04,34.650001525878906,35.61000061035156,34.22999954223633,35.29999923706055,35.29999923706055,761400,negative,0.4974148312793626,Recession,neutral,0
2020-05-01,36.20000076293945,37.34000015258789,34.47999954223633,35.18000030517578,35.18000030517578,1157300,negative,-0.949405165058993,Recession,neutral,0
2020-04-30,40.02999877929688,41.13000106811523,38.22000122070313,38.4900016784668,38.4900016784668,926500,negative,-0.9582636380514216,Recession,neutral,0
2020-04-29,39.11999893188477,42.5,38.02000045776367,41.58000183105469,41.58000183105469,1072100,negative,-0.6812003561269866,Recession,neutral,0
2020-04-28,37.43000030517578,38.7599983215332,37.15999984741211,37.88999938964844,37.88999938964844,973500,negative,-0.8875200715199583,Recession,neutral,0
2020-04-27,35.40999984741211,36.77999877929688,35.33000183105469,36.459999084472656,36.459999084472656,778100,no_news,0.0,Recession,neutral,0
2020-04-24,34.22999954223633,34.93000030517578,33.900001525878906,34.880001068115234,34.880001068115234,243300,no_news,0.0,Recession,neutral,0
2020-04-23,34.52000045776367,35.110000610351555,33.939998626708984,34.380001068115234,34.380001068115234,366700,negative,-1.5882022151155386,Recession,neutral,0
2020-04-22,34.27000045776367,34.84000015258789,33.61999893188477,34.580001831054695,34.580001831054695,490700,negative,-0.0486020003911506,Recession,neutral,0
2020-04-21,33.310001373291016,33.84999847412109,32.740001678466804,33.040000915527344,33.040000915527344,575000,negative,-1.2143143548811617,Recession,neutral,0
2020-04-20,33.75,34.77000045776367,33.400001525878906,33.889999389648445,33.889999389648445,369800,negative,-1.3659308462880366,Recession,neutral,0
2020-04-17,34.189998626708984,34.560001373291016,33.389999389648445,33.950000762939446,33.950000762939446,411700,negative,-1.3558432340615612,Recession,neutral,0
2020-04-16,32.799999237060554,33.900001525878906,32.560001373291016,33.639999389648445,33.639999389648445,665700,negative,-0.2501217775046133,Recession,neutral,0
2020-04-15,33.459999084472656,33.81999969482422,32.09999847412109,32.290000915527344,32.290000915527344,505800,negative,-0.5274392281932669,Recession,neutral,0
2020-04-14,31.85000038146973,34.860000610351555,31.85000038146973,34.720001220703125,34.720001220703125,1912800,positive,0.4512473355075223,Recession,neutral,0
2020-04-13,30.54999923706055,30.940000534057614,29.81999969482422,30.60000038146973,30.60000038146973,439300,negative,-0.8100816832882636,Recession,neutral,0
2020-04-09,32.0,32.43000030517578,30.21999931335449,30.5,30.5,1119600,negative,0.1734371938544721,Recession,neutral,0
2020-04-08,31.209999084472656,31.78000068664551,30.459999084472656,31.6200008392334,31.6200008392334,553200,negative,-0.4384889615752556,Recession,neutral,0
2020-04-07,32.549999237060554,32.880001068115234,30.29999923706055,30.5,30.5,934600,negative,-0.1310987788560241,Recession,neutral,0
2020-04-06,28.25,31.1200008392334,28.21999931335449,30.81999969482422,30.81999969482422,575300,positive,1.9236424248997284,Recession,neutral,0
2020-04-03,28.90999984741211,29.26000022888184,26.21999931335449,26.540000915527344,26.540000915527344,877900,negative,-1.4833586488901198,Recession,neutral,0
2020-04-02,28.8799991607666,30.39999961853028,28.70000076293945,29.13999938964844,29.13999938964844,673800,positive,1.5691700676802094,Recession,neutral,0
2020-04-01,29.459999084472656,30.6200008392334,28.68000030517578,29.21999931335449,29.21999931335449,650600,negative,0.3262449104783982,Recession,neutral,0
2020-03-31,30.75,31.420000076293945,29.920000076293945,30.5,30.5,3305900,negative,0.0469725478538631,Not Recession,neutral,0
2020-03-30,30.0,31.030000686645508,29.530000686645508,30.530000686645508,30.530000686645508,718900,no_news,0.0,Not Recession,neutral,0
2020-03-27,29.290000915527344,29.950000762939453,28.26000022888184,29.51000022888184,29.51000022888184,497900,negative,0.3609964997816123,Not Recession,neutral,0
2020-03-26,28.709999084472656,31.059999465942383,28.15999984741211,30.780000686645508,30.780000686645508,547200,negative,-0.0074945340450036,Not Recession,neutral,0
2020-03-25,27.989999771118164,29.479999542236328,27.09000015258789,28.34000015258789,28.34000015258789,811800,positive,0.5770839531008959,Not Recession,neutral,0
2020-03-24,25.26000022888184,28.71999931335449,24.76000022888184,28.170000076293945,28.170000076293945,851800,negative,-1.2260043621888137,Not Recession,neutral,0
2020-03-23,23.540000915527344,24.13999938964844,22.26000022888184,23.920000076293945,23.920000076293945,722200,negative,-0.6315518980052054,Not Recession,neutral,0
2020-03-20,23.40999984741211,25.049999237060547,22.6299991607666,23.0,23.0,1293400,positive,0.8091686601820441,Not Recession,neutral,0
2020-03-19,22.600000381469727,23.850000381469727,21.63999938964844,22.8799991607666,22.8799991607666,869900,no_news,0.0,Not Recession,neutral,0
2020-03-18,23.96999931335449,24.57999992370605,21.190000534057617,22.690000534057617,22.690000534057617,730400,positive,1.1410371319459185,Not Recession,neutral,0
2020-03-17,25.229999542236328,27.0,24.18000030517578,25.799999237060547,25.799999237060547,668600,positive,1.471447985836372,Not Recession,neutral,0
2020-03-16,25.21999931335449,28.61000061035156,24.3799991607666,24.71999931335449,24.71999931335449,724000,positive,2.3906214135215293,Not Recession,neutral,0
2020-03-13,29.450000762939453,30.15999984741211,26.299999237060547,28.63999938964844,28.63999938964844,735600,negative,0.2161609679246379,Not Recession,neutral,0
2020-03-12,28.5,30.459999084472656,27.81999969482422,28.049999237060547,28.049999237060547,764600,negative,-1.576456986417537,Not Recession,neutral,0
2020-03-11,30.8700008392334,31.64999961853028,29.65999984741211,30.799999237060547,30.799999237060547,816100,negative,0.0878143276343478,Not Recession,neutral,1
2020-03-10,32.029998779296875,32.380001068115234,30.559999465942383,32.0,32.0,625400,negative,-0.2458655550573978,Not Recession,neutral,1
2020-03-09,31.479999542236328,32.25,30.13999938964844,30.700000762939453,30.700000762939453,501700,positive,0.8467249080957188,Not Recession,neutral,1
2020-03-06,33.5099983215332,34.27000045776367,32.91999816894531,33.75,33.75,307800,negative,-0.7045439749180183,Not Recession,neutral,1
2020-03-05,34.77000045776367,35.470001220703125,34.0,34.68000030517578,34.68000030517578,302800,positive,1.8689672790737335,Not Recession,price_dislocation,1
2020-03-04,34.63999938964844,35.93000030517578,33.90999984741211,35.84000015258789,35.7400016784668,349500,positive,2.059490380604288,Not Recession,price_dislocation,1
2020-03-03,35.279998779296875,36.09999847412109,33.439998626708984,33.91999816894531,33.82535552978516,357400,negative,0.739363548202719,Not Recession,price_dislocation,1
2020-03-02,34.90999984741211,35.06999969482422,33.56999969482422,35.0099983215332,34.912315368652344,355500,negative,-0.0468905101566656,Not Recession,price_dislocation,1
2020-02-28,32.45000076293945,34.970001220703125,32.2599983215332,34.5099983215332,34.41371154785156,561700,positive,1.6676292756169109,Not Recession,uncertainty_spike,1
2020-02-27,33.779998779296875,35.0099983215332,33.08000183105469,33.939998626708984,33.84530258178711,568200,negative,-0.2199115542619778,Not Recession,uncertainty_spike,1
2020-02-26,35.43000030517578,36.0,34.81999969482422,34.959999084472656,34.86245346069336,274400,negative,-2.3268697766648407,Not Recession,uncertainty_spike,1
2020-02-25,37.22999954223633,37.22999954223633,34.810001373291016,35.02000045776367,34.92229080200195,351900,negative,-0.2931247546552785,Not Recession,price_dislocation,1
2020-02-24,36.400001525878906,37.150001525878906,36.0099983215332,36.72999954223633,36.62751770019531,292700,negative,-0.7666020194859582,Not Recession,uncertainty_spike,1
2020-02-21,39.52000045776367,39.68000030517578,37.900001525878906,38.18999862670898,38.08344268798828,278800,positive,0.7418747361811463,Not Recession,price_dislocation,1
2020-02-20,41.02000045776367,41.02000045776367,39.09999847412109,39.68999862670898,39.57925796508789,247500,negative,-0.3596307518991334,Not Recession,price_dislocation,0
2020-02-19,40.70000076293945,41.810001373291016,40.70000076293945,41.22999954223633,41.11495971679688,217300,positive,0.6223669009899301,Not Recession,price_dislocation,0
2020-02-18,40.59999847412109,41.02000045776367,39.95000076293945,40.380001068115234,40.267333984375,178700,positive,0.9700909700985187,Not Recession,price_dislocation,0
2020-02-14,42.61000061035156,42.61000061035156,41.02000045776367,41.310001373291016,41.19474029541016,387400,positive,1.6698866368682928,Not Recession,uncertainty_spike,0
2020-02-13,42.4900016784668,42.84999847412109,42.040000915527344,42.52999877929688,42.41133499145508,224600,negative,-0.8256340261074937,Not Recession,neutral,0
2020-02-12,43.25,43.25,42.34000015258789,42.470001220703125,42.351505279541016,410800,negative,-0.799676448910132,Not Recession,neutral,0
2020-02-11,42.18000030517578,43.380001068115234,41.83000183105469,42.400001525878906,42.281700134277344,447500,negative,0.4203201407043295,Not Recession,neutral,0
2020-02-10,38.869998931884766,41.970001220703125,38.790000915527344,41.93000030517578,41.81300735473633,405300,negative,-0.4615317379955866,Not Recession,neutral,0
2020-02-07,38.84000015258789,40.91999816894531,38.5,39.16999816894531,39.06070709228516,624500,negative,0.4374722245865304,Not Recession,neutral,0
2020-02-06,40.02999877929688,40.56999969482422,39.43999862670898,40.54999923706055,40.436859130859375,450900,no_news,0.0,Not Recession,no_anomaly,0
2020-02-05,39.79999923706055,39.79999923706055,39.09999847412109,39.72999954223633,39.61914825439453,216100,negative,-0.7808684296853042,Not Recession,no_anomaly,0
2020-02-04,39.45000076293945,39.790000915527344,38.959999084472656,39.04999923706055,38.941043853759766,255800,negative,0.4143602299492175,Not Recession,no_anomaly,0
2020-02-03,38.130001068115234,38.880001068115234,38.130001068115234,38.560001373291016,38.45241165161133,413300,no_news,0.0,Not Recession,no_anomaly,0
2020-01-31,38.40999984741211,38.54999923706055,37.88999938964844,38.08000183105469,37.973751068115234,533600,negative,-1.1286639634519449,Not Recession,no_anomaly,0
2020-01-30,38.72999954223633,39.09999847412109,38.29999923706055,38.86000061035156,38.7515754699707,498100,negative,-1.22034884965776,Not Recession,no_anomaly,0
2020-01-29,39.58000183105469,39.58000183105469,38.33000183105469,38.470001220703125,38.36266326904297,494000,no_news,0.0,Not Recession,no_anomaly,0
2020-01-28,39.43000030517578,39.709999084472656,38.77999877929688,39.58000183105469,39.46956634521485,525300,negative,-1.8108612849535075,Not Recession,no_anomaly,0
2020-01-27,39.70000076293945,39.70000076293945,38.810001373291016,39.0,38.89118576049805,525600,no_news,0.0,Not Recession,no_anomaly,0
2020-01-24,42.119998931884766,42.29999923706055,40.59999847412109,40.88999938964844,40.775909423828125,386800,negative,-0.4378552366369796,Not Recession,no_anomaly,0
2020-01-23,42.34000015258789,42.34000015258789,41.040000915527344,41.79999923706055,41.683372497558594,727400,negative,-0.9063489107262834,Not Recession,no_anomaly,0
2020-01-22,43.220001220703125,43.33000183105469,42.2400016784668,42.33000183105469,42.21189498901367,315600,negative,-0.4705219778656139,Not Recession,no_anomaly,0
2020-01-21,43.560001373291016,43.59000015258789,42.66999816894531,42.83000183105469,42.71049880981445,350100,negative,-0.9557050317430704,Not Recession,no_anomaly,0
2020-01-17,44.540000915527344,44.54999923706055,43.310001373291016,43.61000061035156,43.48832321166992,549200,negative,-1.0347885394314005,Not Recession,no_anomaly,0
2020-01-16,43.65999984741211,44.5,43.59999847412109,44.13999938964844,44.01684188842773,618600,negative,-0.5725895595336002,Not Recession,no_anomaly,0
2020-01-15,42.43999862670898,43.220001220703125,42.29999923706055,43.09000015258789,42.96977233886719,382900,negative,-0.587572833596947,Not Recession,no_anomaly,0
2020-01-14,42.43999862670898,43.310001373291016,41.880001068115234,42.63999938964844,42.521026611328125,297200,positive,1.0358068973600467,Not Recession,no_anomaly,0
2020-01-13,41.34999847412109,42.18000030517578,41.310001373291016,42.150001525878906,42.03239822387695,306700,positive,1.0699781817874745,Not Recession,no_anomaly,0
2020-01-10,42.209999084472656,42.209999084472656,41.04999923706055,41.27999877929688,41.16482162475586,254700,negative,-1.0576157902364054,Not Recession,no_anomaly,0
2020-01-09,41.81999969482422,42.75,41.61000061035156,42.130001068115234,42.012451171875,575600,no_news,0.0,Not Recession,no_anomaly,0
2020-01-08,41.27999877929688,41.7599983215332,41.11000061035156,41.41999816894531,41.3044319152832,339300,no_news,0.0,Not Recession,no_anomaly,0
2020-01-07,40.77000045776367,41.59999847412109,40.47999954223633,41.33000183105469,41.21468353271485,207600,positive,1.3713723825832362,Not Recession,no_anomaly,0
2020-01-06,42.09999847412109,42.13999938964844,40.310001373291016,40.65999984741211,40.54655075073242,558100,negative,-1.406632959604751,Not Recession,no_anomaly,0
2020-01-03,42.04999923706055,42.970001220703125,41.900001525878906,42.63999938964844,42.521026611328125,427500,no_news,0.0,Not Recession,no_anomaly,0
2020-01-02,42.52999877929688,42.90999984741211,42.27000045776367,42.900001525878906,42.780303955078125,318300,no_news,0.0,Not Recession,no_anomaly,0
2019-12-31,41.77999877929688,42.20000076293945,41.45000076293945,41.959999084472656,41.84292602539063,482600,no_news,0.0,Not Recession,no_anomaly,0
2019-12-30,42.150001525878906,42.52999877929688,41.34999847412109,42.09999847412109,41.9825325012207,282300,positive,1.1067736293086283,Not Recession,no_anomaly,0
2019-12-27,42.58000183105469,42.58000183105469,41.650001525878906,42.060001373291016,41.94264602661133,406900,no_news,0.0,Not Recession,no_anomaly,0
2019-12-26,42.77999877929688,42.77999877929688,42.209999084472656,42.2599983215332,42.142086029052734,279000,no_news,0.0,Not Recession,no_anomaly,0
2019-12-24,43.060001373291016,43.060001373291016,42.119998931884766,42.47999954223633,42.361473083496094,109100,no_news,0.0,Not Recession,no_anomaly,0
2019-12-23,42.38999938964844,43.119998931884766,41.95000076293945,42.84000015258789,42.7204704284668,477300,negative,-0.5679442905457832,Not Recession,no_anomaly,0
2019-12-20,43.02999877929688,43.33000183105469,42.290000915527344,42.43000030517578,42.311614990234375,1014300,positive,1.141673556423001,Not Recession,no_anomaly,0
2019-12-19,42.540000915527344,42.959999084472656,42.2599983215332,42.900001525878906,42.780303955078125,433900,no_news,0.0,Not Recession,no_anomaly,0
2019-12-18,43.52999877929688,43.68000030517578,42.47999954223633,42.619998931884766,42.50108337402344,686900,negative,-0.5379744607446199,Not Recession,no_anomaly,0
2019-12-17,40.43999862670898,44.33000183105469,40.09000015258789,43.47999954223633,43.35868453979492,1073800,negative,-0.5260873787853745,Not Recession,no_anomaly,0
2019-12-16,42.68000030517578,42.84000015258789,39.86000061035156,39.869998931884766,39.75875473022461,766000,no_news,0.0,Not Recession,no_anomaly,0
2019-12-13,42.2599983215332,43.11000061035156,41.869998931884766,42.2599983215332,42.142086029052734,397600,no_news,0.0,Not Recession,no_anomaly,0
2019-12-12,41.5099983215332,42.58000183105469,41.13999938964844,42.380001068115234,42.26175308227539,347700,negative,-0.5144147862965599,Not Recession,no_anomaly,0
2019-12-11,40.97999954223633,41.810001373291016,40.84000015258789,41.63999938964844,41.52381896972656,235900,no_news,0.0,Not Recession,no_anomaly,0
2019-12-10,40.810001373291016,41.18999862670898,40.27000045776367,40.68999862670898,40.57646560668945,331700,no_news,0.0,Not Recession,no_anomaly,0
2019-12-09,40.959999084472656,41.2599983215332,39.5099983215332,40.630001068115234,40.51663589477539,830500,positive,1.6774372025854214,Not Recession,no_anomaly,0
2019-12-06,41.52999877929688,42.130001068115234,41.08000183105469,41.13999938964844,41.02521133422852,436000,negative,0.3763659836554613,Not Recession,no_anomaly,0
2019-12-05,41.16999816894531,41.310001373291016,40.630001068115234,40.93000030517578,40.815799713134766,275300,no_news,0.0,Not Recession,no_anomaly,0
2019-12-04,40.970001220703125,41.310001373291016,40.4900016784668,40.97999954223633,40.76593780517578,495400,no_news,0.0,Not Recession,no_anomaly,0
2019-12-03,40.560001373291016,41.15999984741211,40.0099983215332,40.369998931884766,40.15912628173828,549600,negative,0.3576769309230054,Not Recession,no_anomaly,0
2019-12-02,44.400001525878906,44.540000915527344,41.2599983215332,41.61000061035156,41.39265060424805,878100,no_news,0.0,Not Recession,no_anomaly,0
2019-11-29,45.060001373291016,45.63999938964844,44.70000076293945,44.77000045776367,44.53614044189453,167000,no_news,0.0,Not Recession,no_anomaly,0
2019-11-27,44.90999984741211,45.66999816894531,44.41999816894531,45.5099983215332,45.272274017333984,367500,negative,-0.9881950950101888,Not Recession,neutral,0
2019-11-26,44.61000061035156,45.150001525878906,44.400001525878906,44.619998931884766,44.38692474365234,362800,positive,1.1474090246706476,Not Recession,neutral,0
2019-11-25,43.5,45.060001373291016,43.2599983215332,44.90999984741211,44.675411224365234,518600,negative,-0.9838431857201404,Not Recession,neutral,0
2019-11-22,43.75,43.810001373291016,42.83000183105469,43.310001373291016,43.08376693725586,343000,negative,0.2987055299608612,Not Recession,no_anomaly,0
2019-11-21,44.97999954223633,45.0,43.06999969482422,43.619998931884766,43.39214706420898,590000,no_news,0.0,Not Recession,no_anomaly,0
2019-11-20,44.95000076293945,45.77000045776367,44.34999847412109,45.2400016784668,45.00368881225586,1197500,negative,-1.011408647755058,Not Recession,no_anomaly,0
2019-11-19,45.11000061035156,45.900001525878906,44.90999984741211,45.2400016784668,45.00368881225586,823500,negative,-1.6625510991521415,Not Recession,no_anomaly,0
2019-11-18,46.58000183105469,46.720001220703125,45.02999877929688,45.150001525878906,44.91415786743164,844400,negative,-0.2829816437151929,Not Recession,no_anomaly,0
2019-11-15,47.4900016784668,47.66999816894531,46.84999847412109,46.90999984741211,46.66496276855469,680100,positive,0.7743441915652313,Not Recession,no_anomaly,0
2019-11-14,46.880001068115234,47.4900016784668,46.77999877929688,47.08000183105469,46.83407974243164,325000,no_news,0.0,Not Recession,no_anomaly,0
2019-11-13,46.58000183105469,47.59000015258789,46.34000015258789,47.09000015258789,46.84402084350586,368000,no_news,0.0,Not Recession,no_anomaly,0
2019-11-12,47.310001373291016,47.66999816894531,46.790000915527344,47.0,46.754493713378906,464400,no_news,0.0,Not Recession,no_anomaly,0
2019-11-11,46.18999862670898,47.75,45.81999969482422,47.0099983215332,46.76443862915039,572800,negative,-1.3348553073283067,Not Recession,no_anomaly,0
2019-11-08,47.27999877929688,48.22999954223633,45.0,46.810001373291016,46.56548690795898,781900,negative,-0.5521809519255217,Not Recession,no_anomaly,0
2019-11-07,44.9900016784668,50.34999847412109,44.9900016784668,48.04999923706055,47.79900741577149,1343100,no_news,0.0,Not Recession,no_anomaly,0
2019-11-06,44.7400016784668,44.959999084472656,43.45000076293945,44.68999862670898,44.45655822753906,563700,positive,1.0755252583762884,Not Recession,no_anomaly,0
2019-11-05,44.52999877929688,44.90999984741211,43.900001525878906,44.56999969482422,44.33718490600586,436600,no_news,0.0,Not Recession,no_anomaly,0
2019-11-04,43.810001373291016,44.880001068115234,43.310001373291016,44.43999862670898,44.20786285400391,746800,positive,2.210527425942707,Not Recession,no_anomaly,0
2019-11-01,42.81999969482422,43.38999938964844,42.59000015258789,43.0,42.775386810302734,763200,positive,0.8465745944510039,Not Recession,no_anomaly,0
2019-10-31,43.25,43.25,42.13999938964844,42.470001220703125,42.24815368652344,467700,no_news,0.0,Not Recession,no_anomaly,0
2019-10-30,43.709999084472656,43.709999084472656,43.02000045776367,43.38999938964844,43.16334915161133,309600,no_news,0.0,Not Recession,no_anomaly,0
2019-10-29,44.20000076293945,44.33000183105469,43.650001525878906,43.7400016784668,43.51152420043945,314700,positive,1.6470206922263213,Not Recession,no_anomaly,0
2019-10-28,43.66999816894531,44.93999862670898,42.79999923706055,44.0,43.770164489746094,384300,no_news,0.0,Not Recession,no_anomaly,0
2019-10-25,42.380001068115234,43.84000015258789,41.880001068115234,43.27999877929688,43.05392074584961,485300,no_news,0.0,Not Recession,no_anomaly,0
2019-10-24,40.59999847412109,42.59000015258789,40.560001373291016,42.41999816894531,42.19841384887695,295600,no_news,0.0,Not Recession,no_anomaly,0
2019-10-23,40.0099983215332,40.61000061035156,39.77000045776367,39.91999816894531,39.71147537231445,408300,no_news,0.0,Not Recession,no_anomaly,0
2019-10-22,40.04999923706055,40.88999938964844,39.81999969482422,40.40999984741211,40.19891357421875,393200,no_news,0.0,Not Recession,no_anomaly,0
2019-10-21,40.0,40.79999923706055,39.880001068115234,40.09000015258789,39.88058853149414,248000,no_news,0.0,Not Recession,no_anomaly,0
2019-10-18,39.56999969482422,40.0,39.119998931884766,39.7599983215332,39.55231094360352,267300,negative,-1.009630616658081,Not Recession,no_anomaly,0
2019-10-17,38.68999862670898,39.77999877929688,38.560001373291016,39.77999877929688,39.57220458984375,394600,no_news,0.0,Not Recession,no_anomaly,0
2019-10-16,37.88999938964844,38.77000045776367,37.5099983215332,38.060001373291016,37.86119079589844,292600,negative,-0.5412326154664509,Not Recession,no_anomaly,0
2019-10-15,38.25,38.91999816894531,37.9900016784668,38.13999938964844,37.94077301025391,261400,positive,1.1633873651612268,Not Recession,no_anomaly,0
2019-10-14,37.27000045776367,38.22999954223633,37.27000045776367,38.150001525878906,37.950721740722656,200800,no_news,0.0,Not Recession,no_anomaly,0
2019-10-11,36.95000076293945,37.900001525878906,36.7400016784668,37.5099983215332,37.31406021118164,430400,no_news,0.0,Not Recession,no_anomaly,0
2019-10-10,36.130001068115234,36.400001525878906,35.7400016784668,35.95000076293945,35.76221466064453,365100,no_news,0.0,Not Recession,no_anomaly,0
2019-10-09,35.9900016784668,36.25,35.59000015258789,35.95000076293945,35.76221466064453,388800,negative,-0.5481222778338155,Not Recession,no_anomaly,0
2019-10-08,37.0099983215332,37.790000915527344,35.31999969482422,35.4900016784668,35.30461502075195,354200,positive,1.18817241275529,Not Recession,no_anomaly,0
2019-10-07,37.58000183105469,38.02999877929688,37.209999084472656,37.56999969482422,37.37375259399414,327300,no_news,0.0,Not Recession,no_anomaly,0
2019-10-04,36.68999862670898,37.68999862670898,35.970001220703125,37.619998931884766,37.42348861694336,255200,no_news,0.0,Not Recession,no_anomaly,0
2019-10-03,35.59000015258789,36.54999923706055,34.77000045776367,36.5099983215332,36.31928634643555,234100,no_news,0.0,Not Recession,no_anomaly,0
2019-10-02,35.869998931884766,35.900001525878906,35.16999816894531,35.599998474121094,35.414039611816406,339600,no_news,0.0,Not Recession,no_anomaly,0
2019-10-01,37.209999084472656,37.75,36.040000915527344,36.209999084472656,36.02085494995117,406900,no_news,0.0,Not Recession,no_anomaly,0
2019-09-30,37.22999954223633,37.400001525878906,36.61000061035156,37.02999877929688,36.836570739746094,363000,positive,1.18817241275529,Not Recession,no_anomaly,0
2019-09-27,37.77000045776367,37.77000045776367,36.34999847412109,36.900001525878906,36.707252502441406,659500,positive,1.2255319095519834,Not Recession,no_anomaly,0
2019-09-26,37.90999984741211,38.119998931884766,37.43000030517578,37.720001220703125,37.52296829223633,214800,no_news,0.0,Not Recession,no_anomaly,0
2019-09-25,36.43000030517578,37.869998931884766,36.119998931884766,37.68999862670898,37.49312210083008,402900,no_news,0.0,Not Recession,no_anomaly,0
2019-09-24,38.45000076293945,38.650001525878906,36.470001220703125,36.630001068115234,36.43865966796875,482300,no_news,0.0,Not Recession,no_anomaly,0
2019-09-23,38.43000030517578,39.02999877929688,37.7400016784668,38.47999954223633,38.27899932861328,359000,negative,-1.014745140623388,Not Recession,no_anomaly,0
2019-09-20,39.45000076293945,39.7400016784668,38.5099983215332,39.400001525878906,39.19419097900391,941300,negative,-0.5284841876698023,Not Recession,no_anomaly,0
2019-09-19,39.650001525878906,40.09999847412109,39.40999984741211,39.4900016784668,39.28372573852539,535200,no_news,0.0,Not Recession,no_anomaly,0
2019-09-18,38.5099983215332,39.380001068115234,38.2599983215332,39.34000015258789,39.13450622558594,348700,negative,-1.0623640899831872,Not Recession,no_anomaly,0
2019-09-17,37.83000183105469,38.43000030517578,36.619998931884766,38.40999984741211,38.20936584472656,488300,no_news,0.0,Not Recession,no_anomaly,0
2019-09-16,37.86000061035156,38.61000061035156,37.41999816894531,37.75,37.55281066894531,464800,negative,-1.0786837591126552,Not Recession,no_anomaly,0
2019-09-13,39.220001220703125,39.369998931884766,38.27999877929688,38.29999923706055,38.09993743896485,537300,no_news,0.0,Not Recession,no_anomaly,0
2019-09-12,37.880001068115234,39.34999847412109,37.29999923706055,39.060001373291016,38.8559684753418,448900,no_news,0.0,Not Recession,no_anomaly,0
2019-09-11,37.810001373291016,38.45000076293945,37.0099983215332,37.47999954223633,37.28422164916992,458400,no_news,0.0,Not Recession,no_anomaly,0
2019-09-10,35.540000915527344,37.720001220703125,35.209999084472656,37.709999084472656,37.51301574707031,388200,no_news,0.0,Not Recession,no_anomaly,0
2019-09-09,35.16999816894531,35.72999954223633,34.619998931884766,35.720001220703125,35.53341293334961,267700,no_news,0.0,Not Recession,no_anomaly,0
2019-09-06,35.369998931884766,35.599998474121094,34.630001068115234,35.040000915527344,34.85696792602539,267100,positive,1.7505117786958098,Not Recession,no_anomaly,0
2019-09-05,35.02000045776367,36.25,35.02000045776367,35.220001220703125,35.03602600097656,375500,no_news,0.0,Not Recession,no_anomaly,0
2019-09-04,34.040000915527344,34.83000183105469,33.7599983215332,34.34000015258789,34.0611457824707,484500,negative,-1.9580928977272607,Not Recession,no_anomaly,0
2019-09-03,33.369998931884766,33.880001068115234,33.04999923706055,33.4900016784668,33.21805191040039,890500,no_news,0.0,Not Recession,no_anomaly,0
2019-08-30,32.54999923706055,33.38999938964844,32.54999923706055,33.33000183105469,33.059349060058594,494300,negative,-0.381505427797096,Not Recession,no_anomaly,0
2019-08-29,31.46999931335449,32.97999954223633,31.440000534057617,32.79999923706055,32.53364944458008,382400,no_news,0.0,Not Recession,no_anomaly,0
2019-08-28,30.82999992370605,31.1299991607666,30.479999542236328,30.93000030517578,30.67883682250977,219200,negative,-1.1405850138201814,Not Recession,no_anomaly,0
2019-08-27,31.459999084472656,31.6299991607666,30.57999992370605,30.979999542236328,30.728429794311523,354000,no_news,0.0,Not Recession,no_anomaly,0
2019-08-26,31.09000015258789,31.3799991607666,30.56999969482422,31.030000686645508,30.778026580810547,386700,negative,-0.6264573215075429,Not Recession,no_anomaly,0
2019-08-23,31.229999542236328,31.6299991607666,29.90999984741211,30.920000076293945,30.66891860961914,898500,no_news,0.0,Not Recession,no_anomaly,0
2019-08-22,32.099998474121094,32.38999938964844,31.57999992370605,32.189998626708984,31.92860221862793,284200,no_news,0.0,Not Recession,no_anomaly,0
2019-08-21,31.780000686645508,32.150001525878906,31.31999969482422,32.029998779296875,31.76990509033203,250200,no_news,0.0,Not Recession,no_anomaly,0
2019-08-20,31.309999465942383,31.6299991607666,31.01000022888184,31.309999465942383,31.05574989318848,259100,negative,-0.6308247609315981,Not Recession,no_anomaly,0
2019-08-19,31.90999984741211,32.11000061035156,31.489999771118164,31.51000022888184,31.254127502441406,246100,positive,1.2256147618769309,Not Recession,no_anomaly,0
2019-08-16,30.3799991607666,31.420000076293945,30.309999465942383,31.239999771118164,30.98631858825684,276600,positive,1.2691921260017045,Not Recession,no_anomaly,0
2019-08-15,30.270000457763672,30.51000022888184,29.920000076293945,30.350000381469727,30.103546142578125,331700,negative,0.3199511876194477,Not Recession,no_anomaly,0
2019-08-14,30.6200008392334,30.989999771118164,30.030000686645508,30.18000030517578,29.934925079345703,281000,no_news,0.0,Not Recession,no_anomaly,0
2019-08-13,30.799999237060547,32.220001220703125,30.75,31.63999938964844,31.383071899414062,219800,no_news,0.0,Not Recession,no_anomaly,0
2019-08-12,31.170000076293945,31.309999465942383,30.549999237060547,31.020000457763672,30.76810646057129,280600,no_news,0.0,Not Recession,no_anomaly,0
2019-08-09,32.099998474121094,32.220001220703125,30.25,31.59000015258789,31.333478927612305,377600,positive,0.9527784798742854,Not Recession,no_anomaly,0
2019-08-08,31.5,32.38999938964844,31.190000534057617,32.36000061035156,32.097225189208984,547500,no_news,0.0,Not Recession,no_anomaly,0
2019-08-07,31.57999992370605,32.09000015258789,31.0,31.209999084472656,30.956562042236328,425500,no_news,0.0,Not Recession,no_anomaly,0
2019-08-06,31.89999961853028,32.95000076293945,31.540000915527344,32.189998626708984,31.92860221862793,574800,no_news,0.0,Not Recession,no_anomaly,0
2019-08-05,31.56999969482422,31.920000076293945,30.770000457763672,31.6200008392334,31.36323356628418,835500,negative,-1.1590522172748283,Not Recession,no_anomaly,0
2019-08-02,36.16999816894531,36.25,32.40999984741211,32.689998626708984,32.42454528808594,1423600,no_news,0.0,Not Recession,no_anomaly,0
2019-08-01,38.59999847412109,39.97999954223633,37.4900016784668,37.77999877929688,37.47321319580078,707700,negative,-0.6340957586477205,Not Recession,no_anomaly,0
2019-07-31,40.65999984741211,40.66999816894531,38.68000030517578,38.79999923706055,38.48492813110352,817000,no_news,0.0,Not Recession,no_anomaly,0
2019-07-30,40.77999877929688,41.29999923706055,39.65999984741211,40.54999923706055,40.22071838378906,530700,no_news,0.0,Not Recession,no_anomaly,0
2019-07-29,41.56999969482422,41.59000015258789,40.5099983215332,41.41999816894531,41.08364868164063,291800,no_news,0.0,Not Recession,no_anomaly,0
2019-07-26,41.2400016784668,41.77000045776367,40.81999969482422,41.5099983215332,41.17292404174805,333100,no_news,0.0,Not Recession,no_anomaly,0
2019-07-25,41.7400016784668,42.0,40.880001068115234,40.970001220703125,40.63731002807617,273700,negative,-0.6411048857710001,Not Recession,no_anomaly,0
2019-07-24,41.22999954223633,42.25,41.22999954223633,41.75,41.41097259521485,530000,no_news,0.0,Not Recession,no_anomaly,0
2019-07-23,40.56999969482422,41.15999984741211,39.93000030517578,41.150001525878906,40.81584930419922,303300,negative,-0.6589850445693247,Not Recession,no_anomaly,0
2019-07-22,39.77000045776367,40.59999847412109,39.400001525878906,40.09000015258789,39.76445388793945,261500,no_news,0.0,Not Recession,no_anomaly,0
2019-07-19,39.900001525878906,40.5,39.380001068115234,39.43999862670898,39.11973190307617,437500,no_news,0.0,Not Recession,no_anomaly,0
2019-07-18,39.0,40.290000915527344,39.0,39.95000076293945,39.62559127807617,386700,no_news,0.0,Not Recession,no_anomaly,0
2019-07-17,39.40999984741211,39.900001525878906,38.869998931884766,38.91999816894531,38.60395050048828,473700,no_news,0.0,Not Recession,no_anomaly,0
2019-07-16,38.9900016784668,39.68999862670898,38.41999816894531,39.310001373291016,38.99078750610352,461900,no_news,0.0,Not Recession,no_anomaly,0
2019-07-15,39.68000030517578,39.83000183105469,38.79999923706055,39.06999969482422,38.75273513793945,309100,no_news,0.0,Not Recession,no_anomaly,0
2019-07-12,38.40999984741211,39.630001068115234,38.27999877929688,39.5,39.17924118041992,231000,no_news,0.0,Not Recession,no_anomaly,0
2019-07-11,38.970001220703125,39.02000045776367,37.560001373291016,38.25,37.939395904541016,318100,positive,1.2740549314713772,Not Recession,no_anomaly,0
2019-07-10,38.650001525878906,39.61000061035156,38.45000076293945,38.95000076293945,38.63370895385742,480900,no_news,0.0,Not Recession,no_anomaly,0
2019-07-09,37.650001525878906,38.09000015258789,37.380001068115234,38.09000015258789,37.78069305419922,511300,no_news,0.0,Not Recession,no_anomaly,0
2019-07-08,39.209999084472656,39.209999084472656,37.880001068115234,38.02999877929688,37.72118377685547,431400,no_news,0.0,Not Recession,no_anomaly,0
2019-07-05,39.18999862670898,39.58000183105469,38.869998931884766,39.560001373291016,39.23876190185547,225800,positive,1.3072012518142369,Not Recession,no_anomaly,0
2019-07-03,38.93999862670898,39.95000076293945,38.43000030517578,39.59999847412109,39.2784309387207,408900,positive,1.278334858166229,Not Recession,no_anomaly,0
2019-07-02,39.95000076293945,40.0,38.31999969482422,38.81999969482422,38.504764556884766,468200,no_news,0.0,Not Recession,no_anomaly,0
2019-07-01,39.68000030517578,40.630001068115234,39.34999847412109,39.91999816894531,39.59583282470703,386900,no_news,0.0,Not Recession,no_anomaly,0
2019-06-28,38.869998931884766,39.63999938964844,38.68000030517578,38.75,38.435333251953125,1328500,negative,-0.6360926572436951,Not Recession,no_anomaly,0
2019-06-27,37.63999938964844,38.7599983215332,37.63999938964844,38.63999938964844,38.32622528076172,594100,no_news,0.0,Not Recession,no_anomaly,0
2019-06-26,37.209999084472656,37.68000030517578,36.84999847412109,37.38999938964844,37.08637619018555,473600,no_news,0.0,Not Recession,no_anomaly,0
2019-06-25,39.02999877929688,39.459999084472656,36.58000183105469,36.63999938964844,36.34246826171875,500800,negative,-0.6614057874853341,Not Recession,no_anomaly,0
2019-06-24,39.02999877929688,39.29999923706055,38.650001525878906,38.959999084472656,38.64362716674805,368600,no_news,0.0,Not Recession,no_anomaly,0
2019-06-21,39.20000076293945,39.459999084472656,38.650001525878906,38.68000030517578,38.36590576171875,1138700,no_news,0.0,Not Recession,no_anomaly,0
2019-06-20,39.63999938964844,39.88999938964844,39.119998931884766,39.54999923706055,39.22883605957031,532600,negative,0.2199753523432066,Not Recession,no_anomaly,0
2019-06-19,39.59000015258789,39.619998931884766,38.290000915527344,38.79999923706055,38.48492813110352,523600,negative,0.2199753523432066,Not Recession,no_anomaly,0
2019-06-18,38.560001373291016,40.40999984741211,38.130001068115234,39.560001373291016,39.23876190185547,617900,negative,-0.6917602056361912,Not Recession,no_anomaly,0
2019-06-17,38.65999984741211,39.22999954223633,38.13999938964844,38.16999816894531,37.86004257202149,471500,negative,0.1683868128742637,Not Recession,no_anomaly,0
2019-06-14,38.790000915527344,38.97999954223633,37.959999084472656,38.45000076293945,38.13777160644531,374500,no_news,0.0,Not Recession,no_anomaly,0
2019-06-13,39.22999954223633,39.72999954223633,38.72999954223633,39.369998931884766,39.05030059814453,301600,no_news,0.0,Not Recession,no_anomaly,0
2019-06-12,39.720001220703125,39.77999877929688,38.40999984741211,39.02000045776367,38.70314025878906,390600,negative,-1.1848857361614324,Not Recession,no_anomaly,0
2019-06-11,41.77999877929688,42.09000015258789,39.83000183105469,39.959999084472656,39.6355094909668,442100,positive,1.0458592637007516,Not Recession,no_anomaly,0
2019-06-10,40.22999954223633,42.16999816894531,40.09999847412109,41.09999847412109,40.76625061035156,445900,negative,-0.6652910256311814,Not Recession,no_anomaly,0
2019-06-07,40.06999969482422,40.77999877929688,39.52000045776367,39.58000183105469,39.25859451293945,417800,negative,-0.6822226571748872,Not Recession,no_anomaly,0
2019-06-06,38.18000030517578,40.310001373291016,38.130001068115234,40.0,39.67518615722656,901400,no_news,0.0,Not Recession,no_anomaly,0
2019-06-05,37.95000076293945,38.52000045776367,37.34999847412109,38.45000076293945,38.03858184814453,494000,negative,-0.4173083282298593,Not Recession,no_anomaly,0
2019-06-04,36.47999954223633,37.75,35.83000183105469,37.68000030517578,37.27682113647461,306800,negative,-1.209040276230804,Not Recession,no_anomaly,0
2019-06-03,35.52000045776367,36.290000915527344,35.08000183105469,35.77000045776367,35.38726043701172,485400,negative,-1.2331037032354368,Not Recession,no_anomaly,0
2019-05-31,36.790000915527344,36.790000915527344,35.38999938964844,35.4900016784668,35.11025619506836,626300,negative,-1.2728766543296983,Not Recession,no_anomaly,0
2019-05-30,36.4900016784668,37.36000061035156,36.369998931884766,37.27000045776367,36.87120819091797,627600,negative,-0.5820931459307335,Not Recession,no_anomaly,0
2019-05-29,35.45000076293945,36.90999984741211,35.369998931884766,36.59999847412109,36.2083740234375,526800,no_news,0.0,Not Recession,no_anomaly,0
2019-05-28,35.4900016784668,36.38999938964844,35.38999938964844,35.91999816894531,35.535648345947266,418500,negative,-0.7823487451128125,Not Recession,no_anomaly,0
2019-05-24,34.79999923706055,35.400001525878906,34.61000061035156,35.220001220703125,34.84314727783203,306400,positive,1.0168549050218136,Not Recession,no_anomaly,0
2019-05-23,35.279998779296875,35.279998779296875,33.90999984741211,34.560001373291016,34.19020462036133,442900,no_news,0.0,Not Recession,no_anomaly,0
2019-05-22,35.25,35.900001525878906,34.93000030517578,35.880001068115234,35.4960823059082,321300,no_news,0.0,Not Recession,no_anomaly,0
2019-05-21,35.7400016784668,35.90999984741211,35.220001220703125,35.75,35.367469787597656,403200,no_news,0.0,Not Recession,no_anomaly,0
2019-05-20,36.5,37.09000015258789,34.68000030517578,35.06999969482422,34.69474792480469,550200,negative,-0.7592945140211839,Not Recession,no_anomaly,0
2019-05-17,37.630001068115234,38.220001220703125,36.880001068115234,37.43000030517578,37.02949523925781,509100,positive,1.9210419138185264,Not Recession,no_anomaly,0
2019-05-16,38.2599983215332,38.63999938964844,37.540000915527344,37.95000076293945,37.54393768310547,316600,positive,0.8108184262155026,Not Recession,no_anomaly,0
2019-05-15,36.970001220703125,38.810001373291016,36.900001525878906,38.27000045776367,37.86050796508789,325300,negative,0.2182750649685424,Not Recession,no_anomaly,0
2019-05-14,37.2599983215332,37.93999862670898,37.02000045776367,37.5,37.09874725341797,305300,negative,-1.227359114612338,Not Recession,no_anomaly,0
2019-05-13,37.65999984741211,37.66999816894531,36.52999877929688,36.79999923706055,36.4062385559082,418500,no_news,0.0,Not Recession,no_anomaly,0
2019-05-10,37.93999862670898,39.08000183105469,37.38999938964844,38.93000030517578,38.51344680786133,432600,positive,1.092438421979318,Not Recession,no_anomaly,0
2019-05-09,37.61000061035156,38.40999984741211,37.11000061035156,38.34000015258789,37.92975997924805,604800,negative,-1.6320805811281085,Not Recession,no_anomaly,0
2019-05-08,39.91999816894531,40.18999862670898,38.27999877929688,38.36000061035156,37.94954681396485,668000,negative,-2.010815586737769,Not Recession,no_anomaly,0
2019-05-07,39.06999969482422,40.209999084472656,38.59999847412109,39.91999816894531,39.49285125732422,887300,negative,-0.8227408339782519,Not Recession,no_anomaly,0
2019-05-06,37.18999862670898,39.9900016784668,36.95000076293945,39.77000045776367,39.34446334838867,1053200,positive,1.1048319217338194,Not Recession,no_anomaly,0
2019-05-03,37.75,39.130001068115234,37.5,39.08000183105469,38.661842346191406,619800,positive,1.000205718244089,Not Recession,no_anomaly,0
2019-05-02,38.060001373291016,38.34999847412109,37.0,37.84999847412109,37.44500350952149,622500,no_news,0.0,Not Recession,no_anomaly,0
2019-05-01,36.93000030517578,39.369998931884766,36.90999984741211,38.040000915527344,37.63296890258789,1773700,negative,-0.8384156545685021,Not Recession,no_anomaly,0
2019-04-30,34.099998474121094,37.630001068115234,34.08000183105469,37.5099983215332,37.10863876342773,1920500,positive,1.9701791962955135,Not Recession,no_anomaly,0
2019-04-29,31.59000015258789,32.61000061035156,31.479999542236328,32.36000061035156,32.01374816894531,971300,negative,-0.8100839240208854,Not Recession,no_anomaly,0
2019-04-26,31.700000762939453,31.790000915527344,31.13999938964844,31.65999984741211,31.32123565673828,428600,negative,-0.8372095260978009,Not Recession,no_anomaly,0
2019-04-25,32.58000183105469,32.58000183105469,31.530000686645508,32.04999923706055,31.707061767578125,498900,no_news,0.0,Not Recession,no_anomaly,0
2019-04-24,31.90999984741211,32.68000030517578,31.809999465942383,32.29999923706055,31.95438575744629,490600,no_news,0.0,Not Recession,no_anomaly,0
2019-04-23,31.75,31.950000762939453,31.559999465942383,31.770000457763672,31.4300594329834,593400,no_news,0.0,Not Recession,no_anomaly,0
2019-04-22,31.530000686645508,31.729999542236328,31.26000022888184,31.63999938964844,31.30145072937012,251400,positive,1.0695129816875129,Not Recession,no_anomaly,0
2019-04-18,31.86000061035156,32.400001525878906,31.520000457763672,31.700000762939453,31.360809326171875,343900,negative,0.1485657567583739,Not Recession,no_anomaly,0
2019-04-17,32.15999984741211,32.18000030517578,31.520000457763672,31.809999465942383,31.46963119506836,400800,negative,0.1312951740945021,Not Recession,no_anomaly,0
2019-04-16,31.1200008392334,31.979999542236328,31.1200008392334,31.790000915527344,31.449846267700195,395400,no_news,0.0,Not Recession,no_anomaly,0
2019-04-15,31.36000061035156,31.57999992370605,30.549999237060547,30.959999084472656,30.628725051879883,236000,no_news,0.0,Not Recession,no_anomaly,0
2019-04-12,31.520000457763672,31.57999992370605,31.15999984741211,31.31999969482422,30.9848747253418,272600,negative,-1.7395242557136732,Not Recession,no_anomaly,0
2019-04-11,31.540000915527344,31.600000381469727,31.1200008392334,31.229999542236328,30.89583778381348,211000,positive,1.096126601141226,Not Recession,no_anomaly,0
2019-04-10,31.39999961853028,31.600000381469727,31.170000076293945,31.46999931335449,31.13326644897461,511200,negative,-0.3946318216113878,Not Recession,no_anomaly,0
2019-04-09,31.25,31.59000015258789,31.049999237060547,31.3700008392334,31.03433990478516,325200,negative,0.1727753739276624,Not Recession,no_anomaly,0
2019-04-08,31.38999938964844,31.479999542236328,30.34000015258789,31.450000762939453,31.11348342895508,415500,negative,0.1850122092417004,Not Recession,no_anomaly,0
2019-04-05,31.0,31.76000022888184,30.979999542236328,31.56999969482422,31.23219871520996,672800,no_news,0.0,Not Recession,no_anomaly,0
2019-04-04,30.3799991607666,30.979999542236328,30.229999542236328,30.950000762939453,30.618831634521484,438100,no_news,0.0,Not Recession,no_anomaly,0
2019-04-03,30.059999465942383,30.93000030517578,29.8799991607666,30.3799991607666,30.054931640625,552800,negative,0.1528266639126536,Not Recession,no_anomaly,0
2019-04-02,29.950000762939453,30.030000686645508,29.43000030517578,29.530000686645508,29.21402740478516,283200,no_news,0.0,Not Recession,no_anomaly,0
2019-04-01,29.739999771118164,30.1299991607666,29.420000076293945,29.959999084472656,29.639423370361328,302700,negative,-0.786352442792756,Not Recession,no_anomaly,0
2019-03-29,29.34000015258789,29.71999931335449,29.26000022888184,29.32999992370605,29.01616668701172,456100,negative,-1.3373124070229097,Not Recession,no_anomaly,0
2019-03-28,28.850000381469727,29.280000686645508,28.43000030517578,28.959999084472656,28.650123596191406,745000,negative,-1.3827239744618731,Not Recession,no_anomaly,0
2019-03-27,29.09000015258789,29.34000015258789,28.43000030517578,28.850000381469727,28.541305541992188,444000,no_news,0.0,Not Recession,no_anomaly,0
2019-03-26,29.239999771118164,29.71999931335449,29.06999969482422,29.18000030517578,28.86777114868164,434100,negative,0.0804635253827554,Not Recession,no_anomaly,0
2019-03-25,29.350000381469727,29.59000015258789,28.63999938964844,28.979999542236328,28.66991233825684,419500,positive,0.7320681515462761,Not Recession,no_anomaly,0
2019-03-22,30.780000686645508,30.989999771118164,29.309999465942383,29.51000022888184,29.194242477416992,648800,negative,0.1212594483562451,Not Recession,no_anomaly,0
2019-03-21,29.559999465942383,31.21999931335449,29.309999465942383,31.020000457763672,30.68808555603028,712800,no_news,0.0,Not Recession,no_anomaly,0
2019-03-20,30.07999992370605,30.299999237060547,29.3799991607666,29.57999992370605,29.263490676879883,504700,no_news,0.0,Not Recession,no_anomaly,0
2019-03-19,30.190000534057617,30.520000457763672,29.75,30.100000381469727,29.77792930603028,547800,negative,-0.5933912547795211,Not Recession,no_anomaly,0
2019-03-18,30.51000022888184,30.82999992370605,29.59000015258789,30.01000022888184,29.68889236450196,1058500,positive,0.7155246080324046,Not Recession,no_anomaly,0
2019-03-15,30.489999771118164,31.530000686645508,30.350000381469727,30.6200008392334,30.29236602783203,1194500,negative,-0.8042368918075082,Not Recession,no_anomaly,0
2019-03-14,30.1299991607666,30.68000030517578,30.1200008392334,30.280000686645508,29.956005096435547,1088100,no_news,0.0,Not Recession,no_anomaly,0
2019-03-13,30.940000534057617,30.940000534057617,30.049999237060547,30.09000015258789,29.768035888671875,451300,positive,0.9800813971263588,Not Recession,no_anomaly,0
2019-03-12,31.700000762939453,31.700000762939453,30.59000015258789,30.690000534057617,30.36161422729492,557200,negative,0.1130216596782251,Not Recession,no_anomaly,0
2019-03-11,30.670000076293945,31.56999969482422,30.46999931335449,31.540000915527344,31.20252227783203,784800,negative,-0.8956009687955492,Not Recession,no_anomaly,0
2019-03-08,30.81999969482422,31.38999938964844,30.3799991607666,30.51000022888184,30.18354225158692,824800,negative,0.118527354369237,Not Recession,no_anomaly,0
2019-03-07,32.439998626708984,32.790000915527344,30.96999931335449,31.309999465942383,30.9749813079834,1465400,negative,-0.4641984995986747,Not Recession,no_anomaly,0
2019-03-06,32.900001525878906,33.099998474121094,31.940000534057617,32.560001373291016,32.211605072021484,1633000,negative,0.1122818762341572,Not Recession,no_anomaly,0
2019-03-05,32.63999938964844,33.16999816894531,32.63999938964844,32.959999084472656,32.60732650756836,766100,negative,-1.2911678544109908,Not Recession,no_anomaly,0
2019-03-04,32.130001068115234,32.63999938964844,31.959999084472656,32.61000061035156,32.26107406616211,797800,negative,0.1114953982187922,Not Recession,no_anomaly,0
2019-03-01,32.380001068115234,32.709999084472656,31.88999938964844,32.040000915527344,31.69717025756836,536600,positive,1.514602515555893,Not Recession,no_anomaly,0
2019-02-28,32.2599983215332,32.31999969482422,31.709999084472656,32.11000061035156,31.76642417907715,504900,positive,1.5458579467157976,Not Recession,no_anomaly,0
2019-02-27,32.560001373291016,32.560001373291016,31.86000061035156,32.439998626708984,31.99396133422852,305200,positive,1.100422501583849,Not Recession,no_anomaly,0
2019-02-26,33.029998779296875,33.22999954223633,32.47999954223633,32.68000030517578,32.23065948486328,466400,no_news,0.0,Not Recession,no_anomaly,0
2019-02-25,33.349998474121094,33.36000061035156,32.810001373291016,33.060001373291016,32.605430603027344,683300,positive,1.977649123848103,Not Recession,no_anomaly,0
2019-02-22,33.45000076293945,33.59000015258789,32.75,32.939998626708984,32.487083435058594,537900,positive,2.157451904670543,Not Recession,no_anomaly,0
2019-02-21,33.7599983215332,33.86000061035156,33.20000076293945,33.27000045776367,32.81254577636719,531600,no_news,0.0,Not Recession,no_anomaly,0
2019-02-20,33.33000183105469,33.84000015258789,32.970001220703125,33.75,33.28594970703125,619600,negative,0.2969596738247186,Not Recession,no_anomaly,0
2019-02-19,32.83000183105469,33.61000061035156,32.75,33.5,33.03938293457031,800200,no_news,0.0,Not Recession,no_anomaly,0
2019-02-15,32.34000015258789,32.97999954223633,31.88999938964844,32.959999084472656,32.50680923461914,591700,negative,-1.21192421935232,Not Recession,no_anomaly,0
2019-02-14,31.34000015258789,32.2599983215332,31.040000915527344,32.20000076293945,31.757259368896484,566500,negative,0.2902176268867055,Not Recession,no_anomaly,0
2019-02-13,30.950000762939453,31.51000022888184,30.64999961853028,31.5,31.06688690185547,485000,negative,-1.405291921447142,Not Recession,no_anomaly,0
2019-02-12,30.09000015258789,30.65999984741211,29.88999938964844,30.59000015258789,30.169397354125977,360600,negative,0.2511394284835243,Not Recession,no_anomaly,0
2019-02-11,29.84000015258789,30.1200008392334,29.290000915527344,29.76000022888184,29.35080909729004,447800,no_news,0.0,Not Recession,no_anomaly,0
2019-02-08,29.59000015258789,30.280000686645508,28.790000915527344,29.76000022888184,29.35080909729004,911000,positive,1.2323227942248205,Not Recession,no_anomaly,0
2019-02-07,30.790000915527344,31.6200008392334,29.850000381469727,30.14999961853028,29.735445022583008,1094700,negative,-0.7112833111673317,Not Recession,no_anomaly,0
2019-02-06,32.5,33.4900016784668,31.690000534057617,31.709999084472656,31.27399635314941,1465100,no_news,0.0,Not Recession,no_anomaly,0
2019-02-05,31.36000061035156,31.780000686645508,31.0,31.38999938964844,30.95839500427246,414200,no_news,0.0,Not Recession,no_anomaly,0
2019-02-04,30.790000915527344,31.440000534057617,30.3799991607666,31.43000030517578,30.997846603393555,436000,no_news,0.0,Not Recession,no_anomaly,0
2019-02-01,31.020000457763672,31.270000457763672,30.43000030517578,30.89999961853028,30.475133895874023,542200,no_news,0.0,Not Recession,no_anomaly,0
2019-01-31,30.65999984741211,31.280000686645508,30.489999771118164,31.1299991607666,30.70196914672852,431700,negative,-0.5305149900217563,Not Recession,no_anomaly,0
2019-01-30,30.0,30.920000076293945,29.770000457763672,30.799999237060547,30.37650680541992,432400,negative,0.2425629171055946,Not Recession,no_anomaly,0
2019-01-29,30.280000686645508,30.350000381469727,29.38999938964844,29.56999969482422,29.16342163085937,314200,no_news,0.0,Not Recession,no_anomaly,0
2019-01-28,29.479999542236328,30.459999084472656,29.049999237060547,30.280000686645508,29.86366081237793,381800,no_news,0.0,Not Recession,no_anomaly,0
2019-01-25,29.65999984741211,30.88999938964844,29.46999931335449,30.489999771118164,30.070772171020508,703600,negative,-0.7390722496077045,Not Recession,no_anomaly,0
2019-01-24,28.280000686645508,30.350000381469727,28.280000686645508,29.540000915527344,29.133834838867188,656400,no_news,0.0,Not Recession,no_anomaly,0
2019-01-23,28.049999237060547,28.170000076293945,27.459999084472656,27.770000457763672,27.388172149658203,477000,negative,0.2486556417683336,Not Recession,no_anomaly,0
2019-01-22,28.8700008392334,28.8700008392334,27.190000534057617,27.780000686645508,27.398033142089844,791800,negative,-1.298281251587355,Not Recession,no_anomaly,0
2019-01-18,27.799999237060547,29.239999771118164,27.709999084472656,29.06999969482422,28.67029571533203,753600,no_news,0.0,Not Recession,no_anomaly,0
2019-01-17,27.14999961853028,28.059999465942383,27.1299991607666,27.790000915527344,27.40789604187012,392500,negative,-1.763758829041551,Not Recession,no_anomaly,0
2019-01-16,27.46999931335449,27.920000076293945,27.21999931335449,27.26000022888184,26.88518142700196,282100,negative,-1.1534809160739856,Not Recession,no_anomaly,0
2019-01-15,27.540000915527344,27.75,27.21999931335449,27.350000381469727,26.97394371032715,311600,negative,0.1554491410422643,Not Recession,no_anomaly,0
2019-01-14,27.790000915527344,28.059999465942383,27.059999465942383,27.459999084472656,27.08243179321289,396700,positive,1.1763875785388116,Not Recession,no_anomaly,0
2019-01-11,28.299999237060547,28.82999992370605,28.0,28.07999992370605,27.693906784057617,600300,no_news,0.0,Not Recession,no_anomaly,0
2019-01-10,26.75,28.450000762939453,25.670000076293945,28.3700008392334,27.979921340942383,605500,negative,0.1712986413040723,Not Recession,no_anomaly,0
2019-01-09,26.440000534057617,27.739999771118164,26.440000534057617,26.940000534057617,26.5695858001709,701800,negative,-0.6129479325204277,Not Recession,no_anomaly,0
2019-01-08,26.5,26.690000534057617,25.729999542236328,26.21999931335449,25.85948181152344,418500,negative,-0.426710854617146,Not Recession,no_anomaly,0
2019-01-07,25.84000015258789,26.59000015258789,25.56999969482422,26.309999465942383,25.94824409484864,599600,positive,0.8834194199675591,Not Recession,no_anomaly,0
2019-01-04,24.82999992370605,25.88999938964844,24.82999992370605,25.76000022888184,25.405807495117188,748100,negative,0.1514616117077911,Not Recession,no_anomaly,0
2019-01-03,25.559999465942383,25.780000686645508,24.14999961853028,24.3799991607666,24.04478073120117,738500,positive,2.071016091154783,Not Recession,no_anomaly,0
2019-01-02,25.709999084472656,26.65999984741211,25.709999084472656,26.100000381469727,25.74113273620605,379900,no_news,0.0,Not Recession,no_anomaly,0
2018-12-31,26.18000030517578,26.530000686645508,25.770000457763672,26.18000030517578,25.820032119750977,458400,no_news,0.0,Not Recession,no_anomaly,0
2018-12-28,25.950000762939453,26.670000076293945,25.57999992370605,25.93000030517578,25.573471069335938,504300,no_news,0.0,Not Recession,no_anomaly,0
2018-12-27,24.64999961853028,25.86000061035156,24.6299991607666,25.850000381469727,25.494571685791016,616100,positive,1.1976148739649533,Not Recession,no_anomaly,0
2018-12-26,23.440000534057617,25.280000686645508,23.170000076293945,25.21999931335449,24.87322998046875,615700,positive,1.2289565187169902,Not Recession,no_anomaly,0
2018-12-24,23.770000457763672,24.1299991607666,23.020000457763672,23.21999931335449,22.90073013305664,354300,no_news,0.0,Not Recession,neutral,0
2018-12-21,24.75,24.75,23.31999969482422,24.040000915527344,23.709457397460938,1448000,no_news,0.0,Not Recession,neutral,0
2018-12-20,24.89999961853028,25.38999938964844,23.940000534057617,24.43000030517578,24.09409713745117,831900,no_news,0.0,Not Recession,neutral,0
2018-12-19,25.559999465942383,26.14999961853028,24.38999938964844,24.89999961853028,24.55763435363769,1228400,no_news,0.0,Not Recession,neutral,0
2018-12-18,25.93000030517578,26.57999992370605,25.56999969482422,25.739999771118164,25.38608169555664,720400,negative,-1.774025774762119,Not Recession,neutral,0
2018-12-17,26.350000381469727,26.56999969482422,25.520000457763672,25.75,25.39594268798828,735700,positive,0.9255173345428012,Not Recession,neutral,0
2018-12-14,26.780000686645508,27.170000076293945,26.059999465942383,26.26000022888184,25.89893341064453,620700,negative,-0.8082632318298899,Not Recession,neutral,0
2018-12-13,27.709999084472656,28.01000022888184,26.850000381469727,27.030000686645508,26.65834617614746,536500,no_news,0.0,Not Recession,neutral,0
2018-12-12,27.63999938964844,28.1200008392334,26.709999084472656,27.540000915527344,27.161333084106445,488200,no_news,0.0,Not Recession,neutral,0
2018-12-11,27.100000381469727,27.75,26.799999237060547,27.209999084472656,26.83587074279785,580900,negative,-0.8171952192251001,Not Recession,neutral,0
2018-12-10,26.40999984741211,26.940000534057617,25.850000381469727,26.729999542236328,26.36247062683105,656000,positive,1.291326234808438,Not Recession,neutral,1
2018-12-07,27.520000457763672,27.809999465942383,26.3700008392334,26.3700008392334,26.00742149353028,501500,negative,-0.8363662335078974,Not Recession,neutral,1
2018-12-06,27.59000015258789,27.809999465942383,26.770000457763672,27.600000381469727,27.220508575439453,695500,no_news,0.0,Not Recession,neutral,1
2018-12-04,30.059999465942383,30.15999984741211,27.729999542236328,28.170000076293945,27.684045791625977,732400,negative,-0.7817626889229484,Not Recession,neutral,1
2018-12-03,31.020000457763672,31.34000015258789,29.790000915527344,30.36000061035156,29.836265563964844,585100,negative,-0.5837384543682023,Not Recession,price_dislocation,1
2018-11-30,30.71999931335449,31.25,30.09000015258789,30.36000061035156,29.836265563964844,1175600,no_news,0.0,Not Recession,price_dislocation,1
2018-11-29,30.14999961853028,30.959999084472656,29.770000457763672,30.71999931335449,30.1900577545166,948700,positive,2.040471398203318,Not Recession,price_dislocation,0
2018-11-28,28.46999931335449,30.299999237060547,28.290000915527344,30.14999961853028,29.6298885345459,1313800,no_news,0.0,Not Recession,price_dislocation,0
2018-11-27,27.0,28.5,26.84000015258789,28.479999542236328,27.98869705200196,964900,positive,2.4285145878874865,Not Recession,uncertainty_spike,0
2018-11-26,25.950000762939453,27.3700008392334,25.68000030517578,27.36000061035156,26.88801956176757,1110900,negative,0.2869896692735711,Not Recession,price_dislocation,0
2018-11-23,24.809999465942383,26.350000381469727,24.709999084472656,25.670000076293945,25.2271728515625,795900,negative,0.2554749522941587,Not Recession,price_dislocation,0
2018-11-21,25.51000022888184,26.38999938964844,24.6200008392334,24.729999542236328,24.30338859558105,1442800,negative,-1.4803718177669551,Not Recession,neutral,0
2018-11-20,24.01000022888184,27.63999938964844,23.57999992370605,25.479999542236328,25.040451049804688,1998200,negative,-1.5388014177505411,Not Recession,neutral,0
2018-11-19,28.850000381469727,28.989999771118164,26.709999084472656,27.239999771118164,26.77009010314941,830800,negative,-0.3375707347059283,Not Recession,neutral,0
2018-11-16,28.63999938964844,29.25,27.790000915527344,28.809999465942383,28.31300544738769,1126600,negative,-0.4021813466554011,Not Recession,neutral,0
2018-11-15,28.43000030517578,29.670000076293945,28.06999969482422,29.38999938964844,28.882997512817383,531000,positive,0.8434084806733877,Not Recession,neutral,0
2018-11-14,29.459999084472656,29.670000076293945,28.51000022888184,28.6200008392334,28.12628173828125,464300,positive,1.9483601456391944,Not Recession,neutral,0
2018-11-13,28.81999969482422,29.600000381469727,28.31999969482422,28.989999771118164,28.48990249633789,548200,negative,0.2354954440000296,Not Recession,neutral,0
2018-11-12,29.75,29.75,27.690000534057617,28.59000015258789,28.096803665161133,1119400,negative,-1.1558311932340746,Not Recession,neutral,0
2018-11-09,30.61000061035156,30.61000061035156,29.34000015258789,29.90999984741211,29.39402961730957,495300,negative,-1.4648631031996593,Not Recession,neutral,0
2018-11-08,32.0,32.099998474121094,30.71999931335449,30.799999237060547,30.268674850463867,534800,negative,0.2363199976543921,Not Recession,neutral,0
2018-11-07,32.349998474121094,32.880001068115234,31.88999938964844,32.29999923706055,31.7427978515625,654700,negative,-0.6350297041656389,Not Recession,neutral,0
2018-11-06,31.790000915527344,32.54999923706055,30.780000686645508,32.38999938964844,31.831249237060547,496800,positive,0.8062404709364966,Not Recession,neutral,0
2018-11-05,32.90999984741211,33.16999816894531,31.290000915527344,31.96999931335449,31.41849136352539,452600,negative,-0.2797062230254149,Not Recession,neutral,0
2018-11-02,32.560001373291016,33.150001525878906,32.279998779296875,33.02000045776367,32.45038604736328,480000,negative,-0.8662721577707553,Not Recession,neutral,1
2018-11-01,31.25,32.90999984741211,30.8799991607666,32.47999954223633,31.919692993164062,462400,no_news,0.0,Not Recession,neutral,1
2018-10-31,30.76000022888184,31.350000381469727,30.3799991607666,31.030000686645508,30.49470901489257,424300,no_news,0.0,Not Recession,neutral,1
2018-10-30,29.18000030517578,30.56999969482422,28.920000076293945,30.190000534057617,29.6692008972168,430600,positive,1.0802468973493058,Not Recession,neutral,1
2018-10-29,30.46999931335449,31.190000534057617,28.690000534057617,29.25,28.74541473388672,349400,no_news,0.0,Not Recession,price_dislocation,1
2018-10-26,29.64999961853028,30.709999084472656,29.049999237060547,29.71999931335449,29.20730972290039,595900,no_news,0.0,Not Recession,price_dislocation,1
2018-10-25,29.780000686645508,30.63999938964844,29.549999237060547,30.36000061035156,29.836265563964844,615700,negative,-0.822437000579476,Not Recession,uncertainty_spike,1
2018-10-24,30.530000686645508,31.34000015258789,29.6299991607666,29.63999938964844,29.128686904907227,688400,no_news,0.0,Not Recession,price_dislocation,1
2018-10-23,30.18000030517578,31.38999938964844,29.31999969482422,30.850000381469727,30.317813873291016,514100,no_news,0.0,Not Recession,uncertainty_spike,0
2018-10-22,30.89999961853028,31.06999969482422,30.280000686645508,30.86000061035156,30.32763862609864,258700,no_news,0.0,Not Recession,price_dislocation,0
2018-10-19,32.09000015258789,32.41999816894531,30.530000686645508,30.700000762939453,30.17040061950684,461500,negative,-1.5936728947039014,Not Recession,price_dislocation,0
2018-10-18,32.060001373291016,32.529998779296875,31.290000915527344,32.11000061035156,31.556081771850582,749600,positive,1.9231167256565864,Not Recession,price_dislocation,0
2018-10-17,31.46999931335449,32.4900016784668,31.46999931335449,32.16999816894531,31.615039825439453,1110200,no_news,0.0,Not Recession,price_dislocation,0
2018-10-16,30.549999237060547,31.01000022888184,30.11000061035156,30.799999237060547,30.268674850463867,561300,negative,-0.5859543500850216,Not Recession,neutral,0
2018-10-15,30.3700008392334,30.43000030517578,29.71999931335449,29.950000762939453,29.43334007263184,454400,negative,-0.834705110280131,Not Recession,neutral,0
2018-10-12,30.780000686645508,30.799999237060547,29.690000534057617,30.270000457763672,29.74781608581543,634200,negative,-0.4665035438334934,Not Recession,neutral,0
2018-10-11,30.5,31.440000534057617,29.729999542236328,29.809999465942383,29.295753479003903,959900,no_news,0.0,Not Recession,neutral,0
2018-10-10,31.770000457763672,31.790000915527344,30.239999771118164,30.420000076293945,29.89522933959961,725800,negative,-0.8395153073305902,Not Recession,neutral,0
2018-10-09,31.850000381469727,32.16999816894531,31.32999992370605,32.08000183105469,31.52659797668457,614300,negative,0.2140524894055883,Not Recession,neutral,0
2018-10-08,32.84000015258789,33.06999969482422,31.479999542236328,32.029998779296875,31.477458953857425,639800,positive,1.0309228190712727,Not Recession,neutral,0
2018-10-05,34.72999954223633,35.09000015258789,32.540000915527344,33.0,32.430721282958984,802400,negative,0.2683375063468294,Not Recession,neutral,0
2018-10-04,35.18000030517578,35.18000030517578,33.75,34.66999816894531,34.07191467285156,597100,negative,0.2908883803463672,Not Recession,neutral,0
2018-10-03,35.0,35.779998779296875,34.77000045776367,35.290000915527344,34.68122100830078,538500,negative,-0.3364297401136714,Not Recession,neutral,0
2018-10-02,34.18000030517578,35.02000045776367,34.13999938964844,34.720001220703125,34.121055603027344,663800,positive,0.8827544929422579,Not Recession,neutral,0
2018-10-01,35.5099983215332,35.939998626708984,34.18000030517578,34.470001220703125,33.875370025634766,592500,no_news,0.0,Not Recession,neutral,0
2018-09-28,34.41999816894531,35.15999984741211,34.06999969482422,35.029998779296875,34.42570495605469,621500,negative,0.3530227823132257,Not Recession,neutral,0
2018-09-27,33.83000183105469,34.849998474121094,33.65999984741211,34.529998779296875,33.934329986572266,670100,negative,-0.2509737956806676,Not Recession,neutral,0
2018-09-26,33.63999938964844,34.77000045776367,33.060001373291016,33.790000915527344,33.20709991455078,1136900,negative,-0.2452042978422732,Not Recession,neutral,0
2018-09-25,34.13999938964844,34.13999938964844,32.119998931884766,32.13999938964844,31.58555793762207,876900,positive,0.94765566052022,Not Recession,no_anomaly,0
2018-09-24,34.060001373291016,34.470001220703125,33.52000045776367,34.13999938964844,33.55105972290039,477500,positive,1.280155470690414,Not Recession,no_anomaly,0
2018-09-21,34.41999816894531,35.08000183105469,34.18000030517578,34.220001220703125,33.62968063354492,1093600,negative,-0.5076450263313528,Not Recession,no_anomaly,0
2018-09-20,34.849998474121094,35.29999923706055,34.11000061035156,34.560001373291016,33.963809967041016,612900,negative,-0.3209557885597503,Not Recession,no_anomaly,0
2018-09-19,35.279998779296875,35.86000061035156,34.5099983215332,34.65999984741211,34.06208801269531,527500,no_news,0.0,Not Recession,no_anomaly,0
2018-09-18,34.849998474121094,35.33000183105469,34.45000076293945,35.279998779296875,34.67139434814453,714700,no_news,0.0,Not Recession,no_anomaly,0
2018-09-17,34.790000915527344,35.2400016784668,34.08000183105469,34.68000030517578,34.081748962402344,449700,positive,1.280155470690414,Not Recession,no_anomaly,0
2018-09-14,34.959999084472656,35.65999984741211,34.349998474121094,34.91999816894531,34.317596435546875,841800,negative,-0.530615927278172,Not Recession,no_anomaly,0
2018-09-13,34.040000915527344,35.29999923706055,33.91999816894531,34.91999816894531,34.317596435546875,1005700,no_news,0.0,Not Recession,no_anomaly,0
2018-09-12,35.189998626708984,35.189998626708984,33.68000030517578,33.720001220703125,33.1383056640625,955300,positive,1.2878734834373995,Not Recession,no_anomaly,0
2018-09-11,35.720001220703125,36.0099983215332,35.290000915527344,35.540000915527344,34.92691421508789,474200,negative,-0.2046849113595479,Not Recession,no_anomaly,0
2018-09-10,36.470001220703125,37.220001220703125,35.54999923706055,35.86000061035156,35.24138641357422,545800,positive,1.3232971809306386,Not Recession,no_anomaly,0
2018-09-07,36.290000915527344,37.310001373291016,35.869998931884766,36.11000061035156,35.48707580566406,806900,positive,1.9055417098883076,Not Recession,no_anomaly,0
2018-09-06,38.790000915527344,38.790000915527344,36.18999862670898,36.22999954223633,35.605003356933594,858900,negative,-1.160144382565619,Not Recession,no_anomaly,0
2018-09-05,38.9900016784668,39.41999816894531,38.34000015258789,38.869998931884766,38.1011848449707,863300,no_news,0.0,Not Recession,no_anomaly,0
2018-09-04,39.68000030517578,39.68000030517578,38.470001220703125,38.9900016784668,38.21881866455078,698400,no_news,0.0,Not Recession,no_anomaly,0
2018-08-31,38.18000030517578,39.59000015258789,38.02999877929688,39.40999984741211,38.63050842285156,761600,no_news,0.0,Not Recession,no_anomaly,0
2018-08-30,38.81999969482422,39.27000045776367,38.290000915527344,39.0099983215332,38.2384147644043,624700,no_news,0.0,Not Recession,no_anomaly,0
2018-08-29,39.63999938964844,39.70000076293945,37.63999938964844,38.59999847412109,37.83652877807617,1983800,negative,-0.2558671955591845,Not Recession,no_anomaly,0
2018-08-28,35.619998931884766,39.75,34.95000076293945,39.59999847412109,38.81674575805664,8346200,negative,0.5166804644480897,Not Recession,no_anomaly,0
2018-08-27,29.780000686645508,30.3799991607666,29.71999931335449,30.25,29.651683807373047,263600,negative,-0.3528288406519546,Not Recession,no_anomaly,0
2018-08-24,29.6299991607666,30.049999237060547,29.239999771118164,29.64999961853028,29.063552856445312,230400,no_news,0.0,Not Recession,no_anomaly,0
2018-08-23,29.549999237060547,29.65999984741211,29.200000762939453,29.38999938964844,28.808692932128903,223100,negative,0.5373154994423541,Not Recession,no_anomaly,0
2018-08-22,29.209999084472656,29.64999961853028,29.049999237060547,29.549999237060547,28.96552848815918,241700,negative,0.5189413472160297,Not Recession,no_anomaly,0
2018-08-21,28.809999465942383,29.43000030517578,28.700000762939453,29.299999237060547,28.72047233581543,380000,negative,-0.0926583934761424,Not Recession,no_anomaly,0
2018-08-20,29.100000381469727,29.100000381469727,28.549999237060547,28.709999084472656,28.14214134216309,437300,negative,-0.7289328557531549,Not Recession,no_anomaly,0
2018-08-17,28.84000015258789,29.100000381469727,28.239999771118164,29.040000915527344,28.46561622619629,608900,negative,-0.4443338631769344,Not Recession,no_anomaly,0
2018-08-16,29.3799991607666,29.51000022888184,28.950000762939453,28.959999084472656,28.38719749450684,542100,negative,0.4612283324857348,Not Recession,no_anomaly,0
2018-08-15,29.43000030517578,29.65999984741211,28.90999984741211,29.1299991607666,28.553834915161133,387400,negative,-0.9896969542657174,Not Recession,no_anomaly,0
2018-08-14,29.920000076293945,30.489999771118164,29.32999992370605,29.549999237060547,28.96552848815918,446400,negative,-0.4681235669615173,Not Recession,no_anomaly,0
2018-08-13,29.979999542236328,30.200000762939453,29.6200008392334,29.65999984741211,29.073354721069336,383000,negative,0.4250015237455931,Not Recession,no_anomaly,0
2018-08-10,29.56999969482422,30.209999084472656,29.38999938964844,29.950000762939453,29.35761833190918,546300,positive,1.282491487117693,Not Recession,no_anomaly,0
2018-08-09,29.82999992370605,30.229999542236328,29.14999961853028,29.979999542236328,29.387022018432617,567400,negative,0.3899687753861313,Not Recession,no_anomaly,0
2018-08-08,29.350000381469727,29.88999938964844,28.84000015258789,29.81999969482422,29.230186462402344,699700,positive,1.3240422722098046,Not Recession,no_anomaly,0
2018-08-07,29.39999961853028,30.420000076293945,28.26000022888184,29.5,28.916519165039062,1900200,positive,1.593059964454189,Not Recession,no_anomaly,0
2018-08-06,31.850000381469727,32.2599983215332,31.43000030517578,31.549999237060547,30.92597007751465,786000,negative,0.4507667829471759,Not Recession,no_anomaly,0
2018-08-03,31.440000534057617,31.959999084472656,30.86000061035156,31.790000915527344,31.161226272583008,983700,no_news,0.0,Not Recession,no_anomaly,0
2018-08-02,30.3700008392334,31.31999969482422,30.3700008392334,31.299999237060547,30.68091583251953,389900,positive,1.0683629979533351,Not Recession,no_anomaly,0
2018-08-01,30.549999237060547,30.920000076293945,30.239999771118164,30.61000061035156,30.00456428527832,296600,negative,0.4926195043300305,Not Recession,no_anomaly,0
2018-07-31,30.40999984741211,31.09000015258789,30.290000915527344,30.57999992370605,29.97515869140625,466900,negative,0.4926195043300305,Not Recession,no_anomaly,0
2018-07-30,31.190000534057617,31.239999771118164,30.1299991607666,30.209999084472656,29.612472534179688,392600,no_news,0.0,Not Recession,no_anomaly,0
2018-07-27,31.0,31.549999237060547,30.530000686645508,31.06999969482422,30.455463409423828,580800,no_news,0.0,Not Recession,no_anomaly,0
2018-07-26,30.0,30.89999961853028,29.799999237060547,30.57999992370605,29.97515869140625,575400,negative,-0.4014087418539914,Not Recession,no_anomaly,0
2018-07-25,30.61000061035156,30.86000061035156,29.6299991607666,30.100000381469727,29.50465202331543,729900,no_news,0.0,Not Recession,no_anomaly,0
2018-07-24,31.93000030517578,32.18000030517578,30.600000381469727,30.6299991607666,30.024168014526367,497000,no_news,0.0,Not Recession,no_anomaly,0
2018-07-23,31.96999931335449,32.0099983215332,30.90999984741211,31.559999465942383,30.93577003479004,637500,no_news,0.0,Not Recession,no_anomaly,0
2018-07-20,32.380001068115234,32.380001068115234,31.84000015258789,32.11000061035156,31.474897384643555,582800,positive,1.4087967445890976,Not Recession,no_anomaly,0
2018-07-19,32.709999084472656,32.709999084472656,32.0,32.43000030517578,31.78856468200684,564600,negative,-0.392158297573203,Not Recession,no_anomaly,0
2018-07-18,32.88999938964844,33.150001525878906,32.540000915527344,32.7599983215332,32.112037658691406,645200,negative,-2.0734284495141786,Not Recession,no_anomaly,0
2018-07-17,31.979999542236328,32.59000015258789,31.979999542236328,32.41999816894531,31.77876281738281,573500,negative,0.5234664801728623,Not Recession,no_anomaly,0
2018-07-16,32.20000076293945,32.400001525878906,31.93000030517578,32.150001525878906,31.51410675048828,410000,negative,-0.1298018236289752,Not Recession,no_anomaly,0
2018-07-13,32.72999954223633,32.970001220703125,32.02000045776367,32.20000076293945,31.5631103515625,729700,negative,0.5187877210239284,Not Recession,no_anomaly,0
2018-07-12,32.189998626708984,32.849998474121094,32.15999984741211,32.5,31.8571834564209,731800,no_news,0.0,Not Recession,no_anomaly,0
2018-07-11,34.91999816894531,35.06999969482422,31.940000534057617,32.08000183105469,31.44548988342285,2107100,no_news,0.0,Not Recession,no_anomaly,0
2018-07-10,35.27000045776367,35.58000183105469,35.0,35.36000061035156,34.660614013671875,581900,no_news,0.0,Not Recession,no_anomaly,0
2018-07-09,34.84000015258789,35.189998626708984,34.34000015258789,35.18000030517578,34.48417282104492,499000,no_news,0.0,Not Recession,no_anomaly,0
2018-07-06,33.720001220703125,34.5,33.40999984741211,34.40999984741211,33.72939682006836,515700,negative,-0.3927993546308756,Not Recession,no_anomaly,0
2018-07-05,33.099998474121094,33.83000183105469,33.099998474121094,33.70000076293945,33.033447265625,780800,no_news,0.0,Not Recession,no_anomaly,0
2018-07-03,33.349998474121094,33.720001220703125,32.720001220703125,32.7400016784668,32.09243392944336,226600,no_news,0.0,Not Recession,no_anomaly,0
2018-07-02,32.18000030517578,33.29999923706055,31.93000030517578,33.279998779296875,32.62174987792969,457400,positive,1.449393643224748,Not Recession,no_anomaly,0
2018-06-29,32.380001068115234,32.9900016784668,32.349998474121094,32.619998931884766,31.97480583190918,1136300,negative,0.5612672123391682,Not Recession,no_anomaly,0
2018-06-28,31.950000762939453,32.290000915527344,31.25,31.989999771118164,31.357267379760746,650200,negative,-0.171927494537159,Not Recession,no_anomaly,0
2018-06-27,32.81999969482422,33.189998626708984,31.940000534057617,32.02000045776367,31.386674880981445,804000,negative,-0.9253376280317718,Not Recession,no_anomaly,0
2018-06-26,32.529998779296875,33.09000015258789,32.29999923706055,32.65999984741211,32.014015197753906,507000,negative,-0.954909128334452,Not Recession,no_anomaly,0
2018-06-25,33.470001220703125,33.59000015258789,31.76000022888184,32.31999969482422,31.680742263793945,787200,positive,1.5037486933613546,Not Recession,no_anomaly,0
2018-06-22,34.45000076293945,34.459999084472656,33.33000183105469,33.689998626708984,33.02363967895508,1000400,negative,-0.9405994630978128,Not Recession,no_anomaly,0
2018-06-21,35.22999954223633,35.369998931884766,34.279998779296875,34.439998626708984,33.75880813598633,498600,no_news,0.0,Not Recession,no_anomaly,0
2018-06-20,35.040000915527344,35.52000045776367,34.59000015258789,35.02000045776367,34.32734298706055,604900,no_news,0.0,Not Recession,no_anomaly,0
2018-06-19,34.59000015258789,34.93000030517578,33.630001068115234,34.810001373291016,34.121490478515625,696500,positive,1.5644745189915603,Not Recession,no_anomaly,0
2018-06-18,36.18000030517578,36.33000183105469,33.849998474121094,35.04999923706055,34.356746673583984,1082200,no_news,0.0,Not Recession,no_anomaly,0
2018-06-15,34.56999969482422,36.45000076293945,34.5,36.36000061035156,35.64083480834961,2446600,negative,-0.7107790375388615,Not Recession,no_anomaly,0
2018-06-14,33.630001068115234,35.0,33.630001068115234,34.689998626708984,34.00386047363281,981400,positive,2.133255939129341,Not Recession,no_anomaly,0
2018-06-13,32.5099983215332,33.81999969482422,32.5099983215332,33.459999084472656,32.79819107055664,792800,negative,-1.3967683196987497,Not Recession,no_anomaly,0
2018-06-12,32.06999969482422,33.060001373291016,31.520000457763672,32.41999816894531,31.77876281738281,512200,negative,-1.0186848822754762,Not Recession,no_anomaly,0
2018-06-11,31.57999992370605,31.979999542236328,31.07999992370605,31.920000076293945,31.288652420043945,663200,negative,-0.4041344841888502,Not Recession,no_anomaly,0
2018-06-08,31.63999938964844,31.81999969482422,30.84000015258789,31.57999992370605,30.95537757873535,958200,no_news,0.0,Not Recession,no_anomaly,0
2018-06-07,33.36000061035156,33.36000061035156,31.46999931335449,31.920000076293945,31.288652420043945,840500,negative,-1.142236422351183,Not Recession,no_anomaly,0
2018-06-06,33.689998626708984,33.7599983215332,33.27000045776367,33.63999938964844,32.974632263183594,421900,negative,-0.2408235508497965,Not Recession,no_anomaly,0
2018-06-05,33.349998474121094,33.88999938964844,33.029998779296875,33.63999938964844,32.974632263183594,578400,no_news,0.0,Not Recession,no_anomaly,0
2018-06-04,33.709999084472656,33.939998626708984,33.09000015258789,33.25,32.59235000610352,527400,no_news,0.0,Not Recession,no_anomaly,0
2018-06-01,33.099998474121094,33.59000015258789,32.90999984741211,33.540000915527344,32.876609802246094,784500,negative,-1.4346474542131766,Not Recession,no_anomaly,0
2018-05-31,32.650001525878906,33.099998474121094,32.599998474121094,32.68000030517578,32.033626556396484,811500,no_news,0.0,Not Recession,no_anomaly,0
2018-05-30,32.34000015258789,33.470001220703125,32.220001220703125,32.709999084472656,31.96500968933105,970700,negative,-1.4907231459747994,Not Recession,no_anomaly,0
2018-05-29,31.739999771118164,32.41999816894531,31.64999961853028,32.22999954223633,31.49593734741211,671600,no_news,0.0,Not Recession,no_anomaly,0
2018-05-25,31.1299991607666,32.11000061035156,31.01000022888184,31.8799991607666,31.15390968322754,638100,no_news,0.0,Not Recession,no_anomaly,0
2018-05-24,30.68000030517578,31.229999542236328,30.5,31.190000534057617,30.479625701904297,549400,no_news,0.0,Not Recession,no_anomaly,0
2018-05-23,29.64999961853028,30.600000381469727,29.530000686645508,30.59000015258789,29.89328956604004,664800,negative,-0.5569568449249401,Not Recession,no_anomaly,0
2018-05-22,29.850000381469727,30.63999938964844,29.799999237060547,29.809999465942383,29.13105201721192,553400,positive,1.9851863648541608,Not Recession,no_anomaly,0
2018-05-21,29.40999984741211,29.790000915527344,29.06999969482422,29.709999084472656,29.0333309173584,597700,negative,-1.4673784885842982,Not Recession,no_anomaly,0
2018-05-18,29.290000915527344,29.3700008392334,28.729999542236328,29.020000457763672,28.35904884338379,627000,negative,-0.5241937843363875,Not Recession,no_anomaly,0
2018-05-17,29.65999984741211,30.1200008392334,29.31999969482422,29.700000762939453,29.02356338500977,554300,negative,-0.3332074120495392,Not Recession,no_anomaly,0
2018-05-16,29.100000381469727,29.8799991607666,29.0,29.690000534057617,29.01378631591797,431500,no_news,0.0,Not Recession,no_anomaly,0
2018-05-15,29.15999984741211,29.239999771118164,28.790000915527344,29.0,28.339500427246094,480900,no_news,0.0,Not Recession,no_anomaly,0
2018-05-14,29.809999465942383,30.350000381469727,29.309999465942383,29.43000030517578,28.75971031188965,611800,positive,1.4488347625472382,Not Recession,no_anomaly,0
2018-05-11,29.950000762939453,30.07999992370605,29.21999931335449,29.559999465942383,28.88674545288086,612600,positive,1.2942049683908503,Not Recession,no_anomaly,0
2018-05-10,29.71999931335449,30.100000381469727,29.690000534057617,29.979999542236328,29.297182083129883,406900,negative,-1.0886516041170748,Not Recession,no_anomaly,0
2018-05-09,29.0,29.68000030517578,28.709999084472656,29.63999938964844,28.96492385864257,674500,negative,0.4826323618455178,Not Recession,no_anomaly,0
2018-05-08,28.13999938964844,28.93000030517578,28.059999465942383,28.89999961853028,28.24178123474121,513700,negative,-0.6606322979679892,Not Recession,no_anomaly,0
2018-05-07,28.0,28.38999938964844,27.770000457763672,28.26000022888184,27.616355895996094,432500,negative,0.1722687144910351,Not Recession,no_anomaly,0
2018-05-04,26.959999084472656,28.26000022888184,26.71999931335449,27.989999771118164,27.35250663757324,598300,no_news,0.0,Not Recession,no_anomaly,0
2018-05-03,26.88999938964844,27.15999984741211,26.25,27.09000015258789,26.47300338745117,966000,no_news,0.0,Not Recession,no_anomaly,0
2018-05-02,26.920000076293945,27.709999084472656,25.950000762939453,26.959999084472656,26.34596443176269,1047700,negative,-0.838317155662031,Not Recession,no_anomaly,0
2018-05-01,24.81999969482422,25.770000457763672,24.549999237060547,25.65999984741211,25.075572967529297,494700,negative,-0.5270389935299301,Not Recession,no_anomaly,0
2018-04-30,25.1200008392334,25.489999771118164,24.809999465942383,24.8799991607666,24.313337326049805,814800,negative,-0.5511200493754291,Not Recession,no_anomaly,0
2018-04-27,26.15999984741211,26.270000457763672,25.07999992370605,25.190000534057617,24.61627960205078,437100,no_news,0.0,Not Recession,no_anomaly,0
2018-04-26,25.809999465942383,26.200000762939453,25.700000762939453,26.020000457763672,25.42737579345703,263000,negative,-1.5290741549560127,Not Recession,no_anomaly,0
2018-04-25,25.57999992370605,25.850000381469727,25.09000015258789,25.540000915527344,24.958309173583984,417100,negative,-0.5634075248791113,Not Recession,no_anomaly,0
2018-04-24,25.86000061035156,26.100000381469727,25.13999938964844,25.56999969482422,24.98762321472168,517900,negative,-0.9050482690831312,Not Recession,no_anomaly,0
2018-04-23,26.0,26.280000686645508,25.540000915527344,25.65999984741211,25.075572967529297,369800,positive,1.2451934880375917,Not Recession,no_anomaly,0
2018-04-20,25.89999961853028,26.39999961853028,25.81999969482422,25.90999984741211,25.31987762451172,409500,negative,-0.2091561751673569,Not Recession,no_anomaly,0
2018-04-19,27.51000022888184,27.600000381469727,25.89999961853028,26.020000457763672,25.42737579345703,582200,positive,1.505101800506932,Not Recession,no_anomaly,0
2018-04-18,28.0,28.0,27.38999938964844,27.84000015258789,27.205921173095703,439600,negative,0.5061998454264082,Not Recession,no_anomaly,0
2018-04-17,28.0,28.56999969482422,27.979999542236328,28.229999542236328,27.58703994750977,566200,negative,0.5061998454264082,Not Recession,no_anomaly,0
2018-04-16,27.780000686645508,27.959999084472656,27.530000686645508,27.84000015258789,27.205921173095703,448100,no_news,0.0,Not Recession,no_anomaly,0
2018-04-13,27.420000076293945,27.670000076293945,26.90999984741211,27.5,26.873668670654297,519400,negative,-0.1718387020922757,Not Recession,no_anomaly,0
2018-04-12,26.89999961853028,27.36000061035156,26.790000915527344,27.13999938964844,26.52186393737793,517500,negative,-0.203181639271226,Not Recession,no_anomaly,0
2018-04-11,26.540000915527344,27.309999465942383,26.540000915527344,26.71999931335449,26.111433029174805,521300,positive,1.472229767835657,Not Recession,no_anomaly,0
2018-04-10,26.26000022888184,27.06999969482422,26.06999969482422,26.82999992370605,26.21892738342285,420000,no_news,0.0,Not Recession,no_anomaly,0
2018-04-09,26.0,26.729999542236328,25.670000076293945,25.690000534057617,25.10489082336425,486100,positive,2.1116754638638517,Not Recession,no_anomaly,0
2018-04-06,25.89999961853028,26.350000381469727,25.61000061035156,25.700000762939453,25.11466217041016,579800,no_news,0.0,Not Recession,no_anomaly,0
2018-04-05,26.76000022888184,26.76000022888184,25.86000061035156,26.21999931335449,25.62281990051269,396400,no_news,0.0,Not Recession,no_anomaly,0
2018-04-04,25.6200008392334,26.530000686645508,24.51000022888184,26.39999961853028,25.79871940612793,511600,positive,1.553201563093891,Not Recession,no_anomaly,0
2018-04-03,26.200000762939453,26.38999938964844,25.75,26.280000686645508,25.681455612182617,370300,no_news,0.0,Not Recession,no_anomaly,0
2018-04-02,26.959999084472656,27.18000030517578,25.46999931335449,25.8700008392334,25.280792236328125,458200,no_news,0.0,Not Recession,no_anomaly,0
2018-03-29,26.729999542236328,27.57999992370605,26.31999969482422,27.07999992370605,26.46323204040528,558400,negative,-0.1665271782919145,Not Recession,no_anomaly,0
2018-03-28,27.489999771118164,27.64999961853028,26.34000015258789,26.56999969482422,25.964847564697266,536600,positive,1.5850005715461186,Not Recession,no_anomaly,0
2018-03-27,29.229999542236328,29.229999542236328,27.350000381469727,27.57999992370605,26.95184326171875,561100,negative,-1.151939344380367,Not Recession,no_anomaly,0
2018-03-26,28.420000076293945,29.1299991607666,27.5,29.09000015258789,28.427453994750977,702700,negative,-0.3090455546322659,Not Recession,no_anomaly,0
2018-03-23,29.229999542236328,29.63999938964844,27.780000686645508,27.780000686645508,27.147289276123047,733700,no_news,0.0,Not Recession,no_anomaly,0
2018-03-22,29.75,30.11000061035156,28.96999931335449,29.049999237060547,28.388362884521484,524700,no_news,0.0,Not Recession,no_anomaly,0
2018-03-21,29.32999992370605,30.43000030517578,29.32999992370605,30.14999961853028,29.46331214904785,535900,negative,-0.5504751520470651,Not Recession,no_anomaly,0
2018-03-20,29.14999961853028,29.530000686645508,28.780000686645508,29.39999961853028,28.73039054870605,491900,no_news,0.0,Not Recession,no_anomaly,0
2018-03-19,29.34000015258789,29.34000015258789,28.38999938964844,29.209999084472656,28.54471778869629,437300,negative,0.4979864040678108,Not Recession,no_anomaly,0
2018-03-16,29.690000534057617,29.780000686645508,29.39999961853028,29.51000022888184,28.83788681030273,1015700,negative,-0.8819731121178309,Not Recession,no_anomaly,0
2018-03-15,29.489999771118164,29.709999084472656,29.18000030517578,29.540000915527344,28.86720466613769,507000,negative,0.4281493704297691,Not Recession,no_anomaly,0
2018-03-14,29.38999938964844,29.61000061035156,28.86000061035156,29.299999237060547,28.632667541503903,587200,no_news,0.0,Not Recession,no_anomaly,0
2018-03-13,29.56999969482422,29.93000030517578,29.030000686645508,29.1299991607666,28.46653938293457,417500,no_news,0.0,Not Recession,neutral,0
2018-03-12,29.209999084472656,29.6299991607666,29.0,29.420000076293945,28.74993705749512,893400,negative,-0.5589672611972334,Not Recession,neutral,0
2018-03-09,28.56999969482422,29.049999237060547,28.51000022888184,28.950000762939453,28.29064178466797,669100,negative,-0.3474526459355335,Not Recession,neutral,0
2018-03-08,28.280000686645508,28.540000915527344,27.790000915527344,28.21999931335449,27.5772647857666,760600,no_news,0.0,Not Recession,neutral,0
2018-03-07,27.739999771118164,28.25,27.709999084472656,28.200000762939453,27.55772590637207,908800,no_news,0.0,Not Recession,neutral,0
2018-03-06,27.479999542236328,28.200000762939453,27.46999931335449,28.030000686645508,27.3915958404541,987300,no_news,0.0,Not Recession,neutral,0
2018-03-05,27.13999938964844,27.790000915527344,26.799999237060547,27.3799991607666,26.756397247314453,735400,negative,-0.5432243334988113,Not Recession,neutral,0
2018-03-02,26.200000762939453,27.350000381469727,25.39999961853028,27.239999771118164,26.619590759277344,453000,positive,1.226621821274438,Not Recession,no_anomaly,0
2018-03-01,26.739999771118164,27.020000457763672,26.09000015258789,26.520000457763672,25.915985107421875,759500,no_news,0.0,Not Recession,no_anomaly,0
2018-02-28,27.25,27.43000030517578,26.709999084472656,26.709999084472656,26.003936767578125,462700,no_news,0.0,Not Recession,no_anomaly,0
2018-02-27,27.450000762939453,27.780000686645508,27.0,27.0,26.28627014160156,462100,negative,-1.851727124082444,Not Recession,no_anomaly,0
2018-02-26,27.350000381469727,27.61000061035156,26.979999542236328,27.549999237060547,26.82173156738281,384300,negative,-0.7942295096351728,Not Recession,no_anomaly,0
2018-02-23,26.459999084472656,27.1299991607666,26.40999984741211,27.07999992370605,26.36415672302246,509000,no_news,0.0,Not Recession,no_anomaly,0
2018-02-22,26.63999938964844,26.63999938964844,25.76000022888184,26.350000381469727,25.653451919555664,471400,negative,0.3699992459576079,Not Recession,neutral,0
2018-02-21,26.61000061035156,26.959999084472656,26.39999961853028,26.51000022888184,25.809226989746094,751300,negative,-0.5879486640074502,Not Recession,neutral,0
2018-02-20,26.020000457763672,27.059999465942383,25.799999237060547,26.6299991607666,25.926050186157227,772300,no_news,0.0,Not Recession,neutral,0
2018-02-16,26.450000762939453,26.799999237060547,26.030000686645508,26.11000061035156,25.419801712036133,828300,negative,-0.6121976996553009,Not Recession,neutral,0
2018-02-15,26.049999237060547,26.65999984741211,25.51000022888184,26.59000015258789,25.887107849121094,909900,negative,-0.2054378106788423,Not Recession,neutral,0
2018-02-14,24.270000457763672,25.86000061035156,24.270000457763672,25.729999542236328,25.049842834472656,802600,negative,0.3477741016266655,Not Recession,neutral,0
2018-02-13,24.15999984741211,24.75,24.0,24.6200008392334,23.96918678283692,1261900,no_news,0.0,Not Recession,neutral,0
2018-02-12,24.09000015258789,24.530000686645508,23.350000381469727,24.39999961853028,23.755001068115234,1300100,no_news,0.0,Not Recession,neutral,0
2018-02-09,23.71999931335449,24.13999938964844,22.8700008392334,23.809999465942383,23.18059730529785,1127200,no_news,0.0,Not Recession,neutral,0
2018-02-08,24.489999771118164,24.489999771118164,23.239999771118164,23.299999237060547,22.68407821655273,1587900,negative,-1.1007838325657415,Not Recession,neutral,0
2018-02-07,24.959999084472656,25.420000076293945,24.459999084472656,24.5,23.852357864379883,1262800,negative,-0.5121992454023638,Not Recession,neutral,0
2018-02-06,24.26000022888184,25.809999465942383,24.0,25.25,24.58253288269043,1896500,positive,1.243939140548056,Not Recession,neutral,0
2018-02-05,26.38999938964844,26.89999961853028,24.989999771118164,25.0,24.339141845703125,1589400,no_news,0.0,Not Recession,neutral,1
2018-02-02,29.36000061035156,29.40999984741211,23.850000381469727,26.940000534057617,26.22786331176757,4967300,negative,-0.2394575562951529,Not Recession,neutral,1
2018-02-01,27.6200008392334,28.61000061035156,27.6200008392334,28.56999969482422,27.81476783752441,1604900,negative,-0.23405982667056,Not Recession,neutral,1
2018-01-31,28.729999542236328,29.07999992370605,27.790000915527344,27.89999961853028,27.16247940063477,800600,positive,1.2490285149905944,Not Recession,neutral,1
2018-01-30,28.39999961853028,28.850000381469727,27.59000015258789,28.36000061035156,27.610322952270508,748000,negative,-1.7455169802609385,Not Recession,price_dislocation,1
2018-01-29,29.18000030517578,29.18000030517578,28.739999771118164,28.93000030517578,28.165252685546875,691900,negative,-0.5834187180500042,Not Recession,price_dislocation,1
2018-01-26,29.200000762939453,29.270000457763672,28.799999237060547,29.270000457763672,28.49626541137696,605400,negative,-1.1199002796321016,Not Recession,price_dislocation,1
2018-01-25,29.5,29.700000762939453,28.690000534057617,28.850000381469727,28.08736991882324,1284800,positive,1.1680588614146996,Not Recession,neutral,0
2018-01-24,29.40999984741211,29.479999542236328,28.440000534057617,28.920000076293945,28.15551948547364,1240600,no_news,0.0,Not Recession,neutral,0
2018-01-23,29.25,29.559999465942383,28.989999771118164,29.530000686645508,28.74939346313477,1078400,no_news,0.0,Not Recession,neutral,0
2018-01-22,28.89999961853028,29.26000022888184,28.3799991607666,29.239999771118164,28.467060089111328,1148500,no_news,0.0,Not Recession,neutral,0
2018-01-19,27.600000381469727,28.82999992370605,27.600000381469727,28.81999969482422,28.05815887451172,1130700,positive,1.2085303898895827,Not Recession,neutral,0
2018-01-18,27.01000022888184,27.530000686645508,26.950000762939453,27.51000022888184,26.78278923034668,610800,negative,0.3416947931442595,Not Recession,neutral,0
2018-01-17,26.600000381469727,27.1299991607666,26.43000030517578,27.100000381469727,26.383628845214844,665900,no_news,0.0,Not Recession,neutral,0
2018-01-16,26.270000457763672,26.63999938964844,25.8700008392334,26.1299991607666,25.439268112182617,937000,positive,1.2503872971681849,Not Recession,neutral,0
2018-01-12,25.739999771118164,26.07999992370605,25.540000915527344,26.020000457763672,25.332178115844727,600200,no_news,0.0,Not Recession,neutral,0
2018-01-11,25.21999931335449,25.82999992370605,24.920000076293945,25.65999984741211,24.981693267822266,603800,negative,-1.0970672605297491,Not Recession,no_anomaly,0
2018-01-10,26.14999961853028,26.14999961853028,24.299999237060547,25.229999542236328,24.563060760498047,690400,negative,-1.7542935756198332,Not Recession,no_anomaly,0
2018-01-09,26.100000381469727,26.32999992370605,25.31999969482422,25.6299991607666,24.952486038208008,973300,no_news,0.0,Not Recession,no_anomaly,0
2018-01-08,26.01000022888184,26.3799991607666,25.6299991607666,26.07999992370605,25.39059257507324,766000,negative,0.2953199451436633,Not Recession,neutral,0
2018-01-05,25.549999237060547,26.290000915527344,25.40999984741211,26.1200008392334,25.429536819458008,954300,no_news,0.0,Not Recession,neutral,0
2018-01-04,25.0,25.46999931335449,24.729999542236328,25.3799991607666,24.709095001220703,733800,no_news,0.0,Not Recession,price_dislocation,0
2018-01-03,24.770000457763672,24.989999771118164,24.51000022888184,24.809999465942383,24.154165267944336,545600,no_news,0.0,Not Recession,price_dislocation,0
2018-01-02,24.020000457763672,24.729999542236328,23.8799991607666,24.6200008392334,23.96918678283692,870200,negative,0.2852034981918897,Not Recession,price_dislocation,0
2017-12-29,24.209999084472656,24.799999237060547,23.82999992370605,23.850000381469727,23.21954345703125,742700,negative,0.2994467301418789,Not Recession,price_dislocation,0
2017-12-28,24.170000076293945,24.229999542236328,23.8799991607666,24.14999961853028,23.511608123779297,627500,no_news,0.0,Not Recession,neutral,0
2017-12-27,23.799999237060547,24.290000915527344,23.690000534057617,23.989999771118164,23.35583877563477,362000,negative,-1.1191137742375497,Not Recession,neutral,0
2017-12-26,24.229999542236328,24.280000686645508,23.43000030517578,23.780000686645508,23.15138816833496,601500,negative,-0.6089654969203229,Not Recession,neutral,0
2017-12-22,24.540000915527344,24.540000915527344,24.040000915527344,24.39999961853028,23.755001068115234,793300,positive,1.1927002172500605,Not Recession,neutral,0
2017-12-21,25.0,25.020000457763672,24.43000030517578,24.450000762939453,23.80367851257324,734400,no_news,0.0,Not Recession,no_anomaly,0
2017-12-20,25.11000061035156,25.200000762939453,24.64999961853028,24.68000030517578,24.02760124206543,625300,negative,-1.1442665797171951,Not Recession,no_anomaly,0
2017-12-19,25.040000915527344,25.559999465942383,24.790000915527344,24.81999969482422,24.16390037536621,927100,negative,-0.4703636114581441,Not Recession,no_anomaly,0
2017-12-18,25.11000061035156,25.270000457763672,24.850000381469727,25.059999465942383,24.39755249023437,864600,negative,-0.3120669597211432,Not Recession,no_anomaly,0
2017-12-15,24.25,25.049999237060547,24.0,24.989999771118164,24.329404830932617,2363200,negative,0.1957665636543832,Not Recession,no_anomaly,0
2017-12-14,23.799999237060547,24.68000030517578,23.799999237060547,24.18000030517578,23.54081916809082,1006800,positive,0.8795505835016392,Not Recession,no_anomaly,0
2017-12-13,23.780000686645508,24.38999938964844,23.56999969482422,23.790000915527344,23.1611270904541,1152700,no_news,0.0,Not Recession,no_anomaly,0
2017-12-12,24.100000381469727,24.559999465942383,23.59000015258789,23.65999984741211,23.03456115722656,1066100,negative,-1.1713511349240953,Not Recession,no_anomaly,0
2017-12-11,24.420000076293945,24.86000061035156,23.5,24.07999992370605,23.44346237182617,1215000,no_news,0.0,Not Recession,no_anomaly,0
2017-12-08,24.1299991607666,24.61000061035156,24.100000381469727,24.39999961853028,23.755001068115234,1657000,no_news,0.0,Not Recession,no_anomaly,0
2017-12-07,23.31999969482422,23.920000076293945,23.299999237060547,23.88999938964844,23.25848197937012,1051600,negative,-0.6680980833877461,Not Recession,no_anomaly,0
2017-12-06,22.81999969482422,23.239999771118164,22.46999931335449,23.14999961853028,22.538042068481445,1336800,negative,-0.4895662221516886,Not Recession,no_anomaly,0
2017-12-05,22.479999542236328,23.8799991607666,22.290000915527344,23.01000022888184,22.40174674987793,1225800,negative,-0.6505638394903692,Not Recession,no_anomaly,0
2017-12-04,24.18000030517578,24.459999084472656,22.290000915527344,22.540000915527344,21.944169998168945,1509800,no_news,0.0,Not Recession,no_anomaly,0
2017-12-01,24.700000762939453,24.700000762939453,21.75,23.809999465942383,23.18059730529785,3159500,no_news,0.0,Not Recession,no_anomaly,0
2017-11-30,24.920000076293945,25.309999465942383,24.559999465942383,24.88999938964844,24.232046127319336,941300,negative,-0.6498690688741601,Not Recession,no_anomaly,0
2017-11-29,27.559999465942383,27.84000015258789,24.450000762939453,24.6200008392334,23.871826171875,1741300,negative,-0.6662944528092527,Not Recession,no_anomaly,0
2017-11-28,27.68000030517578,27.920000076293945,27.100000381469727,27.549999237060547,26.71278953552246,698700,negative,0.1996444171391145,Not Recession,no_anomaly,0
2017-11-27,28.01000022888184,28.020000457763672,27.420000076293945,27.5,26.66430854797364,1081800,negative,0.1996444171391145,Not Recession,no_anomaly,0
2017-11-24,28.229999542236328,28.65999984741211,28.18000030517578,28.440000534057617,27.575746536254883,307400,no_news,0.0,Not Recession,no_anomaly,0
2017-11-22,28.790000915527344,28.979999542236328,27.809999465942383,28.020000457763672,27.16850852966309,648800,no_news,0.0,Not Recession,no_anomaly,0
2017-11-21,27.63999938964844,28.959999084472656,27.63999938964844,28.90999984741211,28.03145980834961,1102800,no_news,0.0,Not Recession,no_anomaly,0
2017-11-20,27.5,27.90999984741211,27.280000686645508,27.459999084472656,26.62552261352539,668700,negative,-0.6142815404065947,Not Recession,no_anomaly,0
2017-11-17,27.420000076293945,27.84000015258789,27.270000457763672,27.459999084472656,26.62552261352539,1048600,positive,1.537720042638021,Not Recession,no_anomaly,0
2017-11-16,25.89999961853028,27.61000061035156,25.850000381469727,27.32999992370605,26.499475479125977,1718900,no_news,0.0,Not Recession,neutral,1
2017-11-15,26.51000022888184,26.959999084472656,25.729999542236328,25.82999992370605,25.04505729675293,1084700,negative,-0.3739371793291427,Not Recession,no_anomaly,0
2017-11-14,26.68000030517578,27.32999992370605,26.309999465942383,27.01000022888184,26.18919944763184,1130000,negative,0.28178528904598,Not Recession,no_anomaly,0
2017-11-13,25.959999084472656,26.96999931335449,25.07999992370605,26.799999237060547,25.985578536987305,2666500,no_news,0.0,Not Recession,no_anomaly,0
2017-11-10,28.8700008392334,28.979999542236328,26.049999237060547,26.290000915527344,25.491079330444336,2336600,positive,1.1168025874359917,Not Recession,no_anomaly,0
2017-11-09,33.5,33.5,26.049999237060547,28.790000915527344,27.91510581970215,3671700,no_news,0.0,Not Recession,no_anomaly,0
2017-11-08,34.18000030517578,34.599998474121094,33.63999938964844,34.2599983215332,33.218875885009766,799700,negative,0.3295324916447634,Not Recession,no_anomaly,0
2017-11-07,33.81999969482422,34.22999954223633,33.599998474121094,33.900001525878906,32.86982345581055,628500,negative,0.3577170419415956,Not Recession,no_anomaly,0
2017-11-06,34.290000915527344,34.58000183105469,33.43000030517578,33.970001220703125,32.93769454956055,620900,positive,1.0026774979276756,Not Recession,no_anomaly,0
2017-11-03,33.86000061035156,34.380001068115234,33.650001525878906,34.09000015258789,33.054046630859375,808100,negative,-0.8553256799071215,Not Recession,no_anomaly,0
2017-11-02,32.939998626708984,33.790000915527344,32.130001068115234,33.650001525878906,32.627418518066406,776600,no_news,0.0,Not Recession,no_anomaly,0
2017-11-01,34.77000045776367,34.77000045776367,32.560001373291016,33.029998779296875,32.02625274658203,844000,positive,1.1830788201196143,Not Recession,no_anomaly,0
2017-10-31,33.70000076293945,34.540000915527344,33.52000045776367,34.38999938964844,33.344932556152344,806600,negative,-0.825183926192765,Not Recession,no_anomaly,0
2017-10-30,33.290000915527344,33.459999084472656,32.86000061035156,33.41999816894531,32.4044075012207,927700,no_news,0.0,Not Recession,no_anomaly,0
2017-10-27,33.16999816894531,33.36000061035156,31.86000061035156,33.349998474121094,32.33652877807617,631500,positive,1.2081008569152831,Not Recession,no_anomaly,0
2017-10-26,32.52000045776367,32.790000915527344,32.08000183105469,32.779998779296875,31.783849716186523,482100,no_news,0.0,Not Recession,no_anomaly,0
2017-10-25,32.38999938964844,32.630001068115234,31.57999992370605,32.4900016784668,31.502670288085938,536600,positive,1.247035209194224,Not Recession,no_anomaly,0
2017-10-24,32.5,32.83000183105469,32.29999923706055,32.54999923706055,31.56083869934082,380800,negative,-0.3162681359396822,Not Recession,no_anomaly,0
2017-10-23,32.31999969482422,32.5099983215332,32.0,32.34000015258789,31.357227325439453,367200,no_news,0.0,Not Recession,no_anomaly,0
2017-10-20,32.31999969482422,32.47999954223633,31.96999931335449,32.08000183105469,31.10512924194336,480400,negative,-0.4455252511457254,Not Recession,no_anomaly,0
2017-10-19,31.770000457763672,32.150001525878906,30.799999237060547,31.96999931335449,30.998470306396484,496000,negative,-0.599357287430991,Not Recession,no_anomaly,0
2017-10-18,32.630001068115234,32.689998626708984,31.36000061035156,32.09000015258789,31.114822387695312,591300,negative,0.4676498849061457,Not Recession,no_anomaly,0
2017-10-17,32.02000045776367,32.59000015258789,31.57999992370605,32.38999938964844,31.40571022033692,762400,no_news,0.0,Not Recession,no_anomaly,0
2017-10-16,31.799999237060547,31.940000534057617,31.299999237060547,31.90999984741211,30.94029426574707,418800,positive,1.7491952681844445,Not Recession,no_anomaly,0
2017-10-13,31.440000534057617,31.75,31.11000061035156,31.68000030517578,30.71728515625,524200,positive,1.3570365859521378,Not Recession,no_anomaly,0
2017-10-12,30.36000061035156,31.65999984741211,30.36000061035156,31.25,30.300352096557617,838700,negative,-0.7133719722665612,Not Recession,no_anomaly,0
2017-10-11,30.270000457763672,30.71999931335449,30.1200008392334,30.3700008392334,29.447093963623047,431400,negative,-0.511369978592137,Not Recession,no_anomaly,0
2017-10-10,30.6299991607666,30.6299991607666,29.6299991607666,30.18000030517578,29.26286506652832,339100,positive,1.2380673819605104,Not Recession,no_anomaly,0
2017-10-09,30.040000915527344,30.63999938964844,30.030000686645508,30.3799991607666,29.456787109375,527800,no_news,0.0,Not Recession,no_anomaly,0
2017-10-06,29.8799991607666,30.100000381469727,29.21999931335449,30.040000915527344,29.12712478637696,990900,negative,-0.2114363023091936,Not Recession,no_anomaly,0
2017-10-05,31.049999237060547,31.049999237060547,29.89999961853028,30.030000686645508,29.11742401123047,584000,no_news,0.0,Not Recession,no_anomaly,0
2017-10-04,30.440000534057617,31.170000076293945,30.440000534057617,30.959999084472656,30.019163131713867,699300,negative,0.6201199582556779,Not Recession,no_anomaly,0
2017-10-03,31.1299991607666,31.26000022888184,29.65999984741211,30.59000015258789,29.66040802001953,852100,negative,-1.2932161244685536,Not Recession,no_anomaly,0
2017-10-02,30.549999237060547,31.75,30.479999542236328,31.21999931335449,30.271265029907227,892000,negative,-0.7394787756830579,Not Recession,no_anomaly,0
2017-09-29,30.25,30.420000076293945,29.61000061035156,30.36000061035156,29.437397003173828,641000,no_news,0.0,Not Recession,no_anomaly,0
2017-09-28,29.299999237060547,30.170000076293945,29.0,30.06999969482422,29.15620803833008,543300,negative,-1.908981443534728,Not Recession,no_anomaly,0
2017-09-27,28.25,29.51000022888184,28.25,29.21999931335449,28.332040786743164,1100000,no_news,0.0,Not Recession,no_anomaly,0
2017-09-26,28.850000381469727,28.989999771118164,27.90999984741211,27.920000076293945,27.07154655456543,530700,no_news,0.0,Not Recession,no_anomaly,0
2017-09-25,29.030000686645508,29.049999237060547,28.309999465942383,28.6299991607666,27.759971618652344,781700,no_news,0.0,Not Recession,no_anomaly,0
2017-09-22,28.13999938964844,29.200000762939453,28.1299991607666,29.15999984741211,28.27386474609375,478600,positive,1.3813357270250153,Not Recession,no_anomaly,0
2017-09-21,28.299999237060547,28.56999969482422,27.850000381469727,28.309999465942383,27.44969367980957,656900,negative,-0.2813500947963949,Not Recession,no_anomaly,0
2017-09-20,28.989999771118164,28.989999771118164,28.18000030517578,28.34000015258789,27.4787826538086,580500,negative,-0.2862571357550689,Not Recession,no_anomaly,0
2017-09-19,28.739999771118164,29.31999969482422,28.549999237060547,28.89999961853028,28.021764755249023,884600,positive,1.4110559434188237,Not Recession,no_anomaly,0
2017-09-18,27.6299991607666,29.07999992370605,27.31999969482422,28.700000762939453,27.827844619750977,1101900,positive,1.9615278839820005,Not Recession,no_anomaly,0
2017-09-15,28.600000381469727,29.239999771118164,28.46999931335449,28.530000686645508,27.663009643554688,1327900,negative,0.690676670448927,Not Recession,no_anomaly,0
2017-09-14,27.6200008392334,28.979999542236328,27.549999237060547,28.59000015258789,27.72118759155273,1032100,negative,-0.1884228718549523,Not Recession,no_anomaly,0
2017-09-13,26.96999931335449,28.09000015258789,26.729999542236328,27.71999931335449,26.87762260437012,752500,no_news,0.0,Not Recession,no_anomaly,0
2017-09-12,26.979999542236328,26.979999542236328,26.280000686645508,26.81999969482422,26.004972457885746,413300,negative,-0.7026631385038535,Not Recession,no_anomaly,0
2017-09-11,26.26000022888184,26.989999771118164,26.229999542236328,26.84000015258789,26.02436637878418,448600,no_news,0.0,Not Recession,no_anomaly,0
2017-09-08,27.15999984741211,27.229999542236328,25.86000061035156,25.940000534057617,25.15171813964844,684300,negative,0.6677320037637509,Not Recession,no_anomaly,0
2017-09-07,25.86000061035156,27.34000015258789,25.670000076293945,27.229999542236328,26.40251541137696,801400,negative,0.6556659337209996,Not Recession,no_anomaly,0
2017-09-06,26.06999969482422,26.06999969482422,25.540000915527344,25.790000915527344,24.90931510925293,573100,negative,-1.0913063093877535,Not Recession,no_anomaly,0
2017-09-05,26.200000762939453,26.270000457763672,25.34000015258789,25.920000076293945,25.03487205505371,712800,no_news,0.0,Not Recession,no_anomaly,0
2017-09-01,26.13999938964844,26.39999961853028,26.020000457763672,26.34000015258789,25.440528869628903,352500,no_news,0.0,Not Recession,no_anomaly,0
2017-08-31,26.14999961853028,26.290000915527344,25.84000015258789,26.06999969482422,25.17975425720215,408400,no_news,0.0,Not Recession,no_anomaly,0
2017-08-30,25.59000015258789,26.11000061035156,25.549999237060547,26.01000022888184,25.12179946899414,398800,positive,2.411829253588587,Not Recession,no_anomaly,0
2017-08-29,24.780000686645508,25.549999237060547,24.739999771118164,25.459999084472656,24.5905818939209,456700,positive,1.263688623161817,Not Recession,no_anomaly,0
2017-08-28,24.850000381469727,25.270000457763672,24.700000762939453,25.200000762939453,24.33946228027344,438700,no_news,0.0,Not Recession,no_anomaly,0
2017-08-25,25.25,25.25,24.520000457763672,24.76000022888184,23.914485931396484,295500,no_news,0.0,Not Recession,no_anomaly,0
2017-08-24,25.3700008392334,25.450000762939453,24.86000061035156,25.06999969482422,24.21390151977539,261900,negative,-0.1988947130710652,Not Recession,no_anomaly,0
2017-08-23,25.18000030517578,25.420000076293945,24.920000076293945,25.26000022888184,24.39741516113281,378500,no_news,0.0,Not Recession,no_anomaly,0
2017-08-22,24.82999992370605,25.549999237060547,24.690000534057617,25.540000915527344,24.6678524017334,331900,negative,0.7477240222849081,Not Recession,no_anomaly,0
2017-08-21,24.920000076293945,24.920000076293945,24.190000534057617,24.540000915527344,23.70199966430664,452900,no_news,0.0,Not Recession,no_anomaly,0
2017-08-18,24.3700008392334,24.989999771118164,24.36000061035156,24.950000762939453,24.09799766540528,705800,negative,-0.1752600896117674,Not Recession,no_anomaly,0
2017-08-17,25.049999237060547,25.25,24.3799991607666,24.420000076293945,23.58609771728516,605500,negative,0.1165116225244487,Not Recession,no_anomaly,0
2017-08-16,25.21999931335449,25.520000457763672,24.84000015258789,25.25,24.387752532958984,368200,no_news,0.0,Not Recession,no_anomaly,0
2017-08-15,25.32999992370605,25.600000381469727,25.049999237060547,25.14999961853028,24.291168212890625,512200,no_news,0.0,Not Recession,no_anomaly,0
2017-08-14,25.13999938964844,25.40999984741211,24.790000915527344,25.25,24.387752532958984,508500,no_news,0.0,Not Recession,no_anomaly,0
2017-08-11,24.13999938964844,24.799999237060547,24.06999969482422,24.76000022888184,23.914485931396484,443800,positive,1.5530917847826051,Not Recession,no_anomaly,0
2017-08-10,24.600000381469727,24.75,23.89999961853028,23.979999542236328,23.161121368408203,541700,no_news,0.0,Not Recession,no_anomaly,0
2017-08-09,24.07999992370605,24.89999961853028,23.86000061035156,24.809999465942383,23.962778091430664,574000,no_news,0.0,Not Recession,no_anomaly,0
2017-08-08,24.93000030517578,24.989999771118164,24.239999771118164,24.5,23.66336250305176,747700,no_news,0.0,Not Recession,no_anomaly,0
2017-08-07,23.420000076293945,25.100000381469727,22.86000061035156,24.940000534057617,24.08833694458008,1209100,positive,2.520015246450422,Not Recession,no_anomaly,0
2017-08-04,22.71999931335449,23.040000915527344,22.39999961853028,22.600000381469727,21.8282470703125,942400,negative,-0.1052183358800609,Not Recession,no_anomaly,0
2017-08-03,23.65999984741211,24.38999938964844,22.6299991607666,22.71999931335449,21.94414710998535,1132400,negative,0.797621940655172,Not Recession,no_anomaly,0
2017-08-02,24.959999084472656,24.959999084472656,23.25,23.6200008392334,22.81341552734375,451500,positive,1.7645696446700887,Not Recession,no_anomaly,0
2017-08-01,24.65999984741211,24.809999465942383,24.32999992370605,24.71999931335449,23.875852584838867,486800,no_news,0.0,Not Recession,no_anomaly,0
2017-07-31,24.780000686645508,24.93000030517578,24.34000015258789,24.559999465942383,23.72131729125977,346800,no_news,0.0,Not Recession,no_anomaly,0
2017-07-28,25.309999465942383,25.51000022888184,24.729999542236328,24.799999237060547,23.95312118530273,423100,no_news,0.0,Not Recession,no_anomaly,0
2017-07-27,26.209999084472656,26.229999542236328,24.89999961853028,25.479999542236328,24.609901428222656,649100,no_news,0.0,Not Recession,no_anomaly,0
2017-07-26,26.0,26.3799991607666,25.76000022888184,26.01000022888184,25.12179946899414,334400,negative,-0.6577606600605725,Not Recession,no_anomaly,0
2017-07-25,25.89999961853028,26.0,25.40999984741211,25.81999969482422,24.93828582763672,387000,negative,-0.1003335185452886,Not Recession,no_anomaly,0
2017-07-24,25.68000030517578,25.989999771118164,25.59000015258789,25.8799991607666,24.996238708496094,324100,negative,-0.6816402972703227,Not Recession,no_anomaly,0
2017-07-21,25.84000015258789,26.049999237060547,25.530000686645508,25.68000030517578,24.803068161010746,444000,negative,-0.1587518073633514,Not Recession,no_anomaly,0
2017-07-20,25.799999237060547,25.89999961853028,25.200000762939453,25.81999969482422,24.93828582763672,446700,negative,0.8447816095026732,Not Recession,no_anomaly,0
2017-07-19,25.229999542236328,25.88999938964844,25.209999084472656,25.739999771118164,24.86102104187012,533400,negative,-1.0974053991700126,Not Recession,no_anomaly,0
2017-07-18,24.709999084472656,25.14999961853028,24.600000381469727,25.049999237060547,24.194583892822266,445900,negative,0.7833757715885147,Not Recession,no_anomaly,0
2017-07-17,24.790000915527344,24.96999931335449,24.420000076293945,24.88999938964844,24.0400447845459,467000,negative,-0.7003129994954145,Not Recession,no_anomaly,0
2017-07-14,24.799999237060547,25.040000915527344,24.479999542236328,24.8799991607666,24.030384063720703,437900,negative,-0.7204906255700034,Not Recession,no_anomaly,0
2017-07-13,24.799999237060547,25.0,24.309999465942383,24.780000686645508,23.93380355834961,700100,negative,-1.429083942252525,Not Recession,no_anomaly,0
2017-07-12,24.729999542236328,25.0,24.450000762939453,24.809999465942383,23.962778091430664,798500,negative,-0.1870759327840585,Not Recession,no_anomaly,0
2017-07-11,23.790000915527344,24.530000686645508,23.729999542236328,24.440000534057617,23.60541534423828,1050400,negative,-0.2017993220376145,Not Recession,no_anomaly,0
2017-07-10,23.229999542236328,23.81999969482422,22.959999084472656,23.68000030517578,22.87136459350586,840000,negative,-0.5910405488723983,Not Recession,no_anomaly,0
2017-07-07,22.5,23.280000686645508,22.5,23.200000762939453,22.40775489807129,734600,negative,-2.065559897122567,Not Recession,no_anomaly,0
2017-07-06,22.25,22.61000061035156,22.13999938964844,22.350000381469727,21.586782455444336,638700,negative,-1.4619479028193572,Not Recession,no_anomaly,0
2017-07-05,21.93000030517578,22.450000762939453,21.799999237060547,22.3700008392334,21.60610008239746,859700,negative,0.7074393548733049,Not Recession,no_anomaly,0
2017-07-03,21.850000381469727,22.26000022888184,21.690000534057617,21.780000686645508,21.036245346069336,637200,no_news,0.0,Not Recession,no_anomaly,0
2017-06-30,22.299999237060547,22.739999771118164,21.61000061035156,21.690000534057617,20.94932174682617,1515000,negative,-1.1911502119811952,Not Recession,no_anomaly,0
2017-06-29,23.690000534057617,23.940000534057617,21.709999084472656,22.190000534057617,21.432249069213867,1540300,negative,-0.3790087169551743,Not Recession,no_anomaly,0
2017-06-28,23.450000762939453,24.13999938964844,23.290000915527344,23.89999961853028,23.083852767944336,1332400,no_news,0.0,Not Recession,no_anomaly,0
2017-06-27,24.75,24.790000915527344,23.34000015258789,23.36000061035156,22.56229019165039,1202200,negative,0.724234705941492,Not Recession,no_anomaly,0
2017-06-26,25.440000534057617,25.63999938964844,24.76000022888184,24.81999969482422,23.9724349975586,423800,negative,-1.4782023258674195,Not Recession,no_anomaly,0
2017-06-23,24.89999961853028,25.36000061035156,24.61000061035156,25.209999084472656,24.34911727905273,3149400,no_news,0.0,Not Recession,no_anomaly,0
2017-06-22,25.229999542236328,25.36000061035156,24.6200008392334,24.88999938964844,24.0400447845459,404500,negative,-0.2330918277733183,Not Recession,no_anomaly,0
2017-06-21,25.040000915527344,25.770000457763672,25.040000915527344,25.31999969482422,24.455360412597656,447700,no_news,0.0,Not Recession,no_anomaly,0
2017-06-20,25.540000915527344,25.799999237060547,24.89999961853028,25.0,24.146289825439453,540300,no_news,0.0,Not Recession,no_anomaly,0
2017-06-19,25.18000030517578,25.84000015258789,25.11000061035156,25.479999542236328,24.609901428222656,701900,negative,-0.222511618654726,Not Recession,no_anomaly,0
2017-06-16,24.76000022888184,25.530000686645508,24.520000457763672,24.809999465942383,23.962778091430664,1170100,negative,0.6966099548513346,Not Recession,no_anomaly,0
2017-06-15,25.0,25.38999938964844,24.34000015258789,24.959999084472656,24.107654571533203,981900,negative,-0.23400082105331,Not Recession,no_anomaly,0
2017-06-14,26.86000061035156,27.1200008392334,25.15999984741211,25.6299991607666,24.75477600097656,704000,negative,-1.4848156622533182,Not Recession,no_anomaly,0
2017-06-13,26.790000915527344,27.64999961853028,26.46999931335449,26.850000381469727,25.93311882019043,593300,no_news,0.0,Not Recession,no_anomaly,0
2017-06-12,26.43000030517578,26.799999237060547,25.270000457763672,26.51000022888184,25.60472679138184,1233500,negative,-0.808625552654695,Not Recession,no_anomaly,0
2017-06-09,29.770000457763672,30.229999542236328,26.59000015258789,27.049999237060547,26.126283645629883,1395500,negative,-0.8117576030528586,Not Recession,no_anomaly,0
2017-06-08,28.89999961853028,29.63999938964844,28.700000762939453,29.600000381469727,28.58920669555664,541100,negative,-0.5855264668659619,Not Recession,no_anomaly,0
2017-06-07,28.57999992370605,29.0,28.479999542236328,28.81999969482422,27.835844039916992,484200,no_news,0.0,Not Recession,no_anomaly,0
2017-06-06,28.38999938964844,29.190000534057617,28.200000762939453,28.540000915527344,27.565404891967773,403800,no_news,0.0,Not Recession,no_anomaly,0
2017-06-05,28.209999084472656,28.850000381469727,28.040000915527344,28.46999931335449,27.49779510498047,424000,negative,-0.8227155986918981,Not Recession,no_anomaly,0
2017-06-02,27.989999771118164,28.479999542236328,27.690000534057617,28.13999938964844,27.17906188964844,447100,negative,-0.2991663852270543,Not Recession,no_anomaly,0
2017-06-01,27.709999084472656,28.0,27.290000915527344,27.989999771118164,27.03418731689453,353500,positive,2.2644532701249256,Not Recession,no_anomaly,0
2017-05-31,27.56999969482422,27.81999969482422,27.030000686645508,27.549999237060547,26.60921096801757,596600,no_news,0.0,Not Recession,no_anomaly,0
2017-05-30,27.75,27.88999938964844,27.26000022888184,27.600000381469727,26.56091690063477,401400,negative,0.63496757197336,Not Recession,no_anomaly,0
2017-05-26,27.34000015258789,27.75,27.100000381469727,27.71999931335449,26.676403045654297,452100,no_news,0.0,Not Recession,no_anomaly,0
2017-05-25,27.420000076293945,27.540000915527344,27.14999961853028,27.350000381469727,26.32033348083496,427400,negative,-0.3012435586133466,Not Recession,no_anomaly,0
2017-05-24,27.790000915527344,27.950000762939453,27.13999938964844,27.290000915527344,26.262592315673828,392300,no_news,0.0,Not Recession,no_anomaly,0
2017-05-23,27.68000030517578,27.82999992370605,27.01000022888184,27.57999992370605,26.541671752929688,336800,positive,1.6083802147523514,Not Recession,no_anomaly,0
2017-05-22,27.239999771118164,27.59000015258789,26.770000457763672,27.530000686645508,26.493555068969727,446000,negative,-1.2742111366546192,Not Recession,no_anomaly,0
2017-05-19,27.600000381469727,27.989999771118164,26.940000534057617,27.040000915527344,26.02200698852539,925300,negative,0.6770005686008996,Not Recession,no_anomaly,0
2017-05-18,26.65999984741211,27.450000762939453,25.100000381469727,27.34000015258789,26.31070709228516,1147500,no_news,0.0,Not Recession,no_anomaly,0
2017-05-17,28.39999961853028,28.540000915527344,26.65999984741211,26.709999084472656,25.70442581176757,973200,negative,0.0376746811826952,Not Recession,no_anomaly,0
2017-05-16,28.56999969482422,29.01000022888184,28.31999969482422,28.81999969482422,27.734987258911133,561500,negative,-1.25646039050154,Not Recession,no_anomaly,0
2017-05-15,27.940000534057617,28.670000076293945,27.90999984741211,28.34000015258789,27.27305793762207,508900,negative,-0.0715390010615727,Not Recession,no_anomaly,0
2017-05-12,27.600000381469727,28.0,27.290000915527344,27.690000534057617,26.64752960205078,428200,negative,-0.2975346617082997,Not Recession,no_anomaly,0
2017-05-11,27.6200008392334,27.88999938964844,27.32999992370605,27.64999961853028,26.609037399291992,550100,negative,-1.2564060308651468,Not Recession,no_anomaly,0
2017-05-10,26.790000915527344,27.950000762939453,26.56999969482422,27.709999084472656,26.666778564453125,1192900,negative,0.6537494374532719,Not Recession,no_anomaly,0
2017-05-09,25.84000015258789,27.09000015258789,25.61000061035156,26.670000076293945,25.665929794311523,860100,negative,-0.3022826107354904,Not Recession,no_anomaly,0
2017-05-08,26.1299991607666,26.450000762939453,25.8700008392334,25.920000076293945,24.94417190551757,543400,negative,0.653749437453272,Not Recession,no_anomaly,0
2017-05-05,26.46999931335449,26.600000381469727,25.8700008392334,26.299999237060547,25.309858322143555,491000,positive,1.1779510725060207,Not Recession,no_anomaly,0
2017-05-04,26.32999992370605,26.450000762939453,26.049999237060547,26.36000061035156,25.367605209350582,454300,negative,0.7082195184203389,Not Recession,no_anomaly,0
2017-05-03,25.84000015258789,26.3799991607666,25.38999938964844,26.280000686645508,25.29061508178711,1112400,negative,-0.2854496083358572,Not Recession,no_anomaly,0
2017-05-02,27.14999961853028,27.200000762939453,25.93000030517578,26.07999992370605,25.098142623901367,1194100,no_news,0.0,Not Recession,no_anomaly,0
2017-05-01,25.530000686645508,27.09000015258789,25.420000076293945,27.06999969482422,26.05086708068848,1282700,no_news,0.0,Not Recession,no_anomaly,0
2017-04-28,25.450000762939453,25.690000534057617,24.739999771118164,25.26000022888184,24.30901336669922,1201000,no_news,0.0,Not Recession,no_anomaly,0
2017-04-27,24.07999992370605,24.950000762939453,24.07999992370605,24.799999237060547,23.866334915161133,1089900,negative,0.0325540403278023,Not Recession,no_anomaly,0
2017-04-26,23.86000061035156,24.1299991607666,23.5,23.84000015258789,22.942476272583008,688900,negative,0.6623659641592561,Not Recession,no_anomaly,0
2017-04-25,23.780000686645508,23.989999771118164,23.420000076293945,23.8700008392334,22.971343994140625,513600,negative,-1.5619400722676209,Not Recession,no_anomaly,0
2017-04-24,23.5,23.6299991607666,23.049999237060547,23.540000915527344,22.653770446777344,687000,no_news,0.0,Not Recession,no_anomaly,0
2017-04-21,22.86000061035156,23.1200008392334,22.40999984741211,23.06999969482422,22.20146369934082,720000,negative,0.6517579317379132,Not Recession,no_anomaly,0
2017-04-20,22.479999542236328,22.950000762939453,22.34000015258789,22.940000534057617,22.076358795166016,490900,negative,0.6756769148641016,Not Recession,no_anomaly,0
2017-04-19,22.07999992370605,22.51000022888184,21.979999542236328,22.34000015258789,21.498947143554688,455700,positive,2.2479317200507025,Not Recession,no_anomaly,0
2017-04-18,21.459999084472656,21.8700008392334,21.459999084472656,21.809999465942383,20.988901138305664,288400,negative,-0.40993236305348,Not Recession,no_anomaly,0
2017-04-17,21.350000381469727,21.709999084472656,21.170000076293945,21.68000030517578,20.863794326782227,314800,negative,-0.2643287520678484,Not Recession,no_anomaly,0
2017-04-13,21.65999984741211,22.01000022888184,21.229999542236328,21.290000915527344,20.488475799560547,364800,positive,2.420370519131215,Not Recession,no_anomaly,0
2017-04-12,21.76000022888184,22.07999992370605,21.64999961853028,21.709999084472656,20.89266586303711,613900,negative,-0.3073314654520406,Not Recession,no_anomaly,0
2017-04-11,21.75,21.96999931335449,21.309999465942383,21.790000915527344,20.96965408325196,750900,negative,-0.8551058599642859,Not Recession,no_anomaly,0
2017-04-10,22.100000381469727,22.38999938964844,21.780000686645508,21.86000061035156,21.037017822265625,418600,negative,-0.3224756842826767,Not Recession,no_anomaly,0
2017-04-07,21.600000381469727,22.059999465942383,21.40999984741211,22.020000457763672,21.190994262695312,778500,negative,-0.3264225633489153,Not Recession,no_anomaly,0
2017-04-06,21.13999938964844,21.809999465942383,20.84000015258789,21.690000534057617,20.87341690063477,661900,no_news,0.0,Not Recession,no_anomaly,0
2017-04-05,21.90999984741211,22.020000457763672,21.030000686645508,21.13999938964844,20.34412384033203,688200,negative,0.5808103658253015,Not Recession,no_anomaly,0
2017-04-04,21.950000762939453,22.14999961853028,21.709999084472656,21.809999465942383,20.988901138305664,559200,positive,1.5314056439861043,Not Recession,no_anomaly,0
2017-04-03,22.549999237060547,22.809999465942383,21.950000762939453,21.950000762939453,21.123628616333008,592600,positive,1.589811237917114,Not Recession,no_anomaly,0
2017-03-31,22.25,22.559999465942383,22.0,22.39999961853028,21.55668830871582,956000,negative,-1.2777710872215158,Not Recession,no_anomaly,0
2017-03-30,21.21999931335449,22.209999084472656,21.21999931335449,22.15999984741211,21.32572364807129,817500,no_news,0.0,Not Recession,no_anomaly,0
2017-03-29,21.01000022888184,21.270000457763672,20.84000015258789,21.18000030517578,20.38261985778809,788400,negative,-1.609032040767974,Not Recession,no_anomaly,0
2017-03-28,21.43000030517578,21.540000915527344,21.059999465942383,21.07999992370605,20.28638458251953,467300,no_news,0.0,Not Recession,no_anomaly,0
2017-03-27,20.950000762939453,21.57999992370605,20.700000762939453,21.51000022888184,20.7001953125,525200,no_news,0.0,Not Recession,no_anomaly,0
2017-03-24,21.170000076293945,21.479999542236328,20.940000534057617,21.100000381469727,20.305627822875977,855000,negative,0.6033701465431048,Not Recession,no_anomaly,0
2017-03-23,21.0,21.21999931335449,20.729999542236328,20.989999771118164,20.19977378845215,860200,negative,0.5497650396676059,Not Recession,no_anomaly,0
2017-03-22,21.0,21.09000015258789,20.6299991607666,21.0,20.209392547607425,516300,no_news,0.0,Not Recession,no_anomaly,0
2017-03-21,21.959999084472656,22.100000381469727,21.0,21.030000686645508,20.23826789855957,435200,negative,-0.915669120040349,Not Recession,no_anomaly,0
2017-03-20,21.940000534057617,22.18000030517578,21.51000022888184,21.88999938964844,21.06588363647461,564300,negative,-1.8486625313371168,Not Recession,no_anomaly,0
2017-03-17,21.200000762939453,21.920000076293945,21.170000076293945,21.86000061035156,21.037017822265625,1017700,negative,-0.4172401230051026,Not Recession,no_anomaly,0
2017-03-16,21.059999465942383,21.3799991607666,20.89999961853028,21.270000457763672,20.4692325592041,377900,negative,-0.4172401230051027,Not Recession,no_anomaly,0
2017-03-15,20.81999969482422,21.07999992370605,20.739999771118164,20.979999542236328,20.190149307250977,543700,negative,-1.66353935302748,Not Recession,no_anomaly,0
2017-03-14,20.8799991607666,20.8799991607666,20.540000915527344,20.700000762939453,19.92068672180176,583600,negative,-0.4723691637133039,Not Recession,no_anomaly,0
2017-03-13,20.780000686645508,21.049999237060547,20.64999961853028,20.979999542236328,20.190149307250977,387300,negative,-0.4655589331863402,Not Recession,no_anomaly,0
2017-03-10,20.770000457763672,20.989999771118164,20.670000076293945,20.84000015258789,20.055418014526367,286400,negative,-0.7796723104477699,Not Recession,no_anomaly,0
2017-03-09,20.64999961853028,20.81999969482422,20.479999542236328,20.530000686645508,19.757089614868164,357400,no_news,0.0,Not Recession,no_anomaly,0
2017-03-08,20.780000686645508,20.96999931335449,20.63999938964844,20.63999938964844,19.86294746398925,328600,no_news,0.0,Not Recession,no_anomaly,0
2017-03-07,20.86000061035156,20.93000030517578,20.690000534057617,20.709999084472656,19.930307388305664,433000,negative,-1.0254469157411672,Not Recession,no_anomaly,0
2017-03-06,20.76000022888184,20.920000076293945,20.530000686645508,20.790000915527344,20.007301330566406,521900,positive,1.4194603889436948,Not Recession,no_anomaly,0
2017-03-03,21.1299991607666,21.270000457763672,20.790000915527344,20.89999961853028,20.113161087036133,549200,no_news,0.0,Not Recession,no_anomaly,0
2017-03-02,21.229999542236328,21.38999938964844,21.030000686645508,21.1200008392334,20.32487678527832,383300,negative,-0.4605220930674532,Not Recession,no_anomaly,0
2017-03-01,21.13999938964844,21.350000381469727,20.8700008392334,21.25,20.449981689453125,412500,negative,-0.5911167434332171,Not Recession,no_anomaly,0
2017-02-28,21.64999961853028,21.700000762939453,20.790000915527344,20.86000061035156,19.97843170166016,704100,negative,-1.0146650874641012,Not Recession,no_anomaly,0
2017-02-27,21.770000457763672,21.8799991607666,21.26000022888184,21.700000762939453,20.78293228149414,575600,negative,-0.9301719901077016,Not Recession,no_anomaly,0
2017-02-24,21.26000022888184,22.020000457763672,21.200000762939453,21.809999465942383,20.888282775878903,527000,no_news,0.0,Not Recession,no_anomaly,0
2017-02-23,21.75,21.75,21.21999931335449,21.5,20.59138298034668,419400,negative,-0.3018214434205112,Not Recession,no_anomaly,0
2017-02-22,21.59000015258789,21.770000457763672,21.450000762939453,21.729999542236328,20.81166076660156,272700,negative,-1.0304716638046234,Not Recession,no_anomaly,0
2017-02-21,21.440000534057617,21.93000030517578,21.420000076293945,21.64999961853028,20.735042572021484,499400,negative,0.3347998149097249,Not Recession,no_anomaly,0
2017-02-17,21.56999969482422,21.700000762939453,21.3700008392334,21.40999984741211,20.505186080932617,387300,positive,1.454144061980536,Not Recession,no_anomaly,0
2017-02-16,21.809999465942383,21.89999961853028,21.530000686645508,21.68000030517578,20.76377487182617,383600,negative,-0.8113784493827371,Not Recession,no_anomaly,0
2017-02-15,21.479999542236328,21.76000022888184,21.239999771118164,21.75,20.83081817626953,463600,negative,-0.1613442214109488,Not Recession,no_anomaly,0
2017-02-14,21.530000686645508,21.84000015258789,21.06999969482422,21.57999992370605,20.66800117492676,534900,negative,0.3468373363425957,Not Recession,no_anomaly,0
2017-02-13,20.950000762939453,21.770000457763672,20.93000030517578,21.489999771118164,20.581802368164062,790300,negative,-1.039854071223174,Not Recession,no_anomaly,0
2017-02-10,21.049999237060547,21.18000030517578,20.790000915527344,21.13999938964844,20.246597290039062,587600,negative,-1.029866235819841,Not Recession,no_anomaly,0
2017-02-09,20.68000030517578,20.979999542236328,20.549999237060547,20.950000762939453,20.064626693725582,591000,negative,-1.4484806013270588,Not Recession,no_anomaly,0
2017-02-08,20.959999084472656,20.989999771118164,20.3700008392334,20.670000076293945,19.796459197998047,516900,positive,1.1408009267730606,Not Recession,no_anomaly,0
2017-02-07,21.25,21.43000030517578,20.8700008392334,21.0,20.112510681152344,644800,no_news,0.0,Not Recession,no_anomaly,0
2017-02-06,20.770000457763672,21.200000762939453,20.46999931335449,21.01000022888184,20.122089385986328,961900,negative,-0.6072691266313351,Not Recession,no_anomaly,0
2017-02-03,19.96999931335449,20.88999938964844,19.96999931335449,20.75,19.87308120727539,1214500,negative,-0.6072691266313351,Not Recession,no_anomaly,0
2017-02-02,18.0,20.979999542236328,18.0,20.36000061035156,19.49956321716309,3728700,no_news,0.0,Not Recession,no_anomaly,0
2017-02-01,17.59000015258789,17.790000915527344,17.540000915527344,17.690000534057617,16.94239616394043,357700,negative,-0.6072691266313351,Not Recession,no_anomaly,0
2017-01-31,17.209999084472656,17.450000762939453,17.030000686645508,17.420000076293945,16.683807373046875,367700,no_news,0.0,Not Recession,no_anomaly,0
2017-01-30,17.579999923706055,17.579999923706055,17.010000228881836,17.209999084472656,16.482685089111328,362100,negative,0.2867633967682975,Not Recession,no_anomaly,0
2017-01-27,17.43000030517578,17.68000030517578,17.360000610351562,17.670000076293945,16.923242568969727,307900,negative,-0.8870831665560802,Not Recession,no_anomaly,0
2017-01-26,17.3700008392334,17.530000686645508,17.280000686645508,17.350000381469727,16.61676788330078,178500,negative,-0.6355884453167112,Not Recession,no_anomaly,0
2017-01-25,17.299999237060547,17.510000228881836,17.239999771118164,17.459999084472656,16.72211456298828,227500,no_news,0.0,Not Recession,no_anomaly,0
2017-01-24,16.950000762939453,17.290000915527344,16.8799991607666,17.239999771118164,16.511417388916016,295300,positive,1.0114159737830584,Not Recession,no_anomaly,0
2017-01-23,16.90999984741211,17.079999923706055,16.790000915527344,16.920000076293945,16.20493507385254,171400,negative,-0.4612218451611185,Not Recession,no_anomaly,0
2017-01-20,16.899999618530273,17.1299991607666,16.8799991607666,16.959999084472656,16.24325180053711,249800,no_news,0.0,Not Recession,no_anomaly,0
2017-01-19,17.290000915527344,17.350000381469727,16.81999969482422,16.860000610351562,16.147476196289062,241800,negative,0.1684177981846427,Not Recession,no_anomaly,0
2017-01-18,16.920000076293945,17.329999923706055,16.760000228881836,17.309999465942383,16.57845687866211,415200,negative,-0.498924679429589,Not Recession,no_anomaly,0
2017-01-17,17.25,17.25,16.739999771118164,16.889999389648438,16.176204681396484,372100,negative,0.1335823166778287,Not Recession,no_anomaly,0
2017-01-13,17.15999984741211,17.65999984741211,17.15999984741211,17.290000915527344,16.559303283691406,360000,no_news,0.0,Not Recession,no_anomaly,0
2017-01-12,17.399999618530273,17.399999618530273,16.90999984741211,17.1299991607666,16.406063079833984,222700,negative,-1.1715560370709128,Not Recession,no_anomaly,0
2017-01-11,17.3700008392334,17.489999771118164,17.100000381469727,17.43000030517578,16.693384170532227,360000,no_news,0.0,Not Recession,no_anomaly,0
2017-01-10,17.139999389648438,17.43000030517578,17.010000228881836,17.209999084472656,16.482685089111328,450300,no_news,0.0,Not Recession,no_anomaly,0
2017-01-09,17.200000762939453,17.43000030517578,16.940000534057617,16.979999542236328,16.262407302856445,694600,no_news,0.0,Not Recession,no_anomaly,0
2017-01-06,16.8799991607666,17.079999923706055,16.799999237060547,16.860000610351562,16.147476196289062,353100,negative,-0.6924452550986286,Not Recession,no_anomaly,0
2017-01-05,16.950000762939453,17.059999465942383,16.68000030517578,16.8700008392334,16.15704917907715,378100,no_news,0.0,Not Recession,no_anomaly,0
2017-01-04,16.709999084472656,16.989999771118164,16.510000228881836,16.940000534057617,16.224096298217773,462000,negative,0.0989885885478174,Not Recession,no_anomaly,0
2017-01-03,16.799999237060547,17.1200008392334,16.530000686645508,16.68000030517578,15.97508144378662,472500,positive,1.9750184261263504,Not Recession,no_anomaly,0
2016-12-30,17.31999969482422,17.360000610351562,17.049999237060547,17.06999969482422,16.348600387573242,292100,no_news,0.0,Not Recession,no_anomaly,0
2016-12-29,17.389999389648438,17.5,17.149999618530273,17.34000015258789,16.60719108581543,146600,negative,-0.7010671086595103,Not Recession,no_anomaly,0
2016-12-28,17.90999984741211,17.969999313354492,17.329999923706055,17.3799991607666,16.645498275756836,222500,positive,1.4321789336128592,Not Recession,no_anomaly,0
2016-12-27,17.780000686645508,17.979999542236328,17.59000015258789,17.799999237060547,17.047748565673828,263300,no_news,0.0,Not Recession,no_anomaly,0
2016-12-23,17.6200008392334,17.649999618530273,17.209999084472656,17.530000686645508,16.789159774780273,607600,negative,0.1565256106011819,Not Recession,no_anomaly,0
2016-12-22,16.799999237060547,17.6299991607666,16.719999313354492,17.440000534057617,16.702964782714844,1474700,negative,0.1466891977050178,Not Recession,no_anomaly,0
2016-12-21,16.700000762939453,16.940000534057617,16.670000076293945,16.790000915527344,16.08043670654297,156200,negative,0.1466891977050178,Not Recession,no_anomaly,0
2016-12-20,16.65999984741211,16.8799991607666,16.6299991607666,16.719999313354492,16.013391494750977,383400,negative,-1.1324582718210343,Not Recession,no_anomaly,0
2016-12-19,16.3799991607666,16.799999237060547,16.3799991607666,16.65999984741211,15.955927848815918,357900,positive,0.984758574355338,Not Recession,no_anomaly,0
2016-12-16,16.780000686645508,16.8799991607666,16.389999389648438,16.43000030517578,15.73564910888672,1379300,no_news,0.0,Not Recession,no_anomaly,0
2016-12-15,16.489999771118164,16.90999984741211,16.450000762939453,16.719999313354492,16.013391494750977,392900,no_news,0.0,Not Recession,no_anomaly,0
2016-12-14,16.479999542236328,16.790000915527344,16.3799991607666,16.489999771118164,15.793110847473145,223200,negative,-0.6185337070849101,Not Recession,no_anomaly,0
2016-12-13,16.690000534057617,16.81999969482422,16.420000076293945,16.59000015258789,15.888883590698242,317900,negative,-0.3356439690730582,Not Recession,no_anomaly,0
2016-12-12,16.8700008392334,16.8700008392334,16.420000076293945,16.6299991607666,15.927194595336914,254000,negative,0.1818904218448297,Not Recession,no_anomaly,0
2016-12-09,16.799999237060547,16.940000534057617,16.489999771118164,16.729999542236328,16.02297019958496,399500,no_news,0.0,Not Recession,no_anomaly,0
2016-12-08,16.649999618530273,17.010000228881836,16.510000228881836,16.920000076293945,16.20493507385254,362500,no_news,0.0,Not Recession,no_anomaly,0
2016-12-07,16.31999969482422,16.649999618530273,16.15999984741211,16.610000610351562,15.90804386138916,387900,no_news,0.0,Not Recession,no_anomaly,0
2016-12-06,16.18000030517578,16.479999542236328,16.030000686645508,16.440000534057617,15.745224952697754,476500,no_news,0.0,Not Recession,no_anomaly,0
2016-12-05,15.890000343322754,16.040000915527344,15.579999923706056,16.020000457763672,15.342976570129396,605800,no_news,0.0,Not Recession,no_anomaly,0
2016-12-02,15.420000076293944,15.949999809265137,15.34000015258789,15.699999809265137,15.036497116088867,869200,no_news,0.0,Not Recession,no_anomaly,0
2016-12-01,16.350000381469727,16.520000457763672,15.390000343322754,15.479999542236328,14.825796127319336,524300,no_news,0.0,Not Recession,no_anomaly,0
2016-11-30,16.739999771118164,16.739999771118164,16.299999237060547,16.299999237060547,15.611141204833984,497500,no_news,0.0,Not Recession,no_anomaly,0
2016-11-29,16.780000686645508,16.84000015258789,16.5,16.649999618530273,15.850573539733888,831300,negative,-1.0791896175479008,Not Recession,no_anomaly,0
2016-11-28,16.65999984741211,16.809999465942383,16.309999465942383,16.719999313354492,15.91721534729004,675600,no_news,0.0,Not Recession,no_anomaly,0
2016-11-25,16.639999389648438,16.809999465942383,16.229999542236328,16.65999984741211,15.86009693145752,226400,no_news,0.0,Not Recession,no_anomaly,0
2016-11-23,16.40999984741211,16.540000915527344,16.229999542236328,16.530000686645508,15.736340522766112,249200,no_news,0.0,Not Recession,no_anomaly,0
2016-11-22,16.3700008392334,16.56999969482422,16.299999237060547,16.459999084472656,15.669699668884276,324300,negative,-1.0944472396830056,Not Recession,no_anomaly,0
2016-11-21,15.949999809265137,16.239999771118164,15.59000015258789,16.239999771118164,15.460259437561035,632400,no_news,0.0,Not Recession,no_anomaly,0
2016-11-18,15.779999732971191,16.110000610351562,15.619999885559082,16.049999237060547,15.27938461303711,544000,positive,1.2672061068248697,Not Recession,no_anomaly,0
2016-11-17,15.510000228881836,15.800000190734863,15.4399995803833,15.770000457763672,15.01282787322998,460900,no_news,0.0,Not Recession,no_anomaly,0
2016-11-16,15.550000190734863,15.779999732971191,15.0600004196167,15.380000114440918,14.64155387878418,888000,no_news,0.0,Not Recession,no_anomaly,0
2016-11-15,15.40999984741211,15.649999618530272,15.25,15.5600004196167,14.812910079956056,609800,positive,1.7320489029919757,Not Recession,no_anomaly,0
2016-11-14,14.899999618530272,15.539999961853027,14.800000190734863,15.460000038146973,14.717713356018066,1127600,no_news,0.0,Not Recession,no_anomaly,0
2016-11-11,14.210000038146973,15.0,14.18000030517578,15.0,14.279799461364746,1397400,positive,0.896765976077888,Not Recession,no_anomaly,0
2016-11-10,15.25,15.25,14.140000343322754,14.18000030517578,13.499168395996094,898100,negative,-0.5718585811692325,Not Recession,no_anomaly,0
2016-11-09,13.350000381469728,13.989999771118164,13.220000267028809,13.93000030517578,13.2611722946167,405700,negative,-1.0453434893563185,Not Recession,no_anomaly,0
2016-11-08,13.449999809265137,13.640000343322754,13.329999923706056,13.539999961853027,12.889898300170898,139400,negative,-0.5755712035185596,Not Recession,no_anomaly,0
2016-11-07,13.06999969482422,13.5600004196167,12.949999809265137,13.520000457763672,12.87086009979248,554000,positive,1.0974806154842471,Not Recession,no_anomaly,0
2016-11-04,12.960000038146973,13.079999923706056,12.800000190734863,12.890000343322754,12.271105766296388,207900,negative,-0.5226805483605133,Not Recession,no_anomaly,0
2016-11-03,12.949999809265137,12.960000038146973,12.710000038146973,12.890000343322754,12.271105766296388,169200,negative,-0.8181810238927971,Not Recession,no_anomaly,0
2016-11-02,12.9399995803833,13.039999961853027,12.829999923706056,12.890000343322754,12.271105766296388,236100,no_news,0.0,Not Recession,no_anomaly,0
2016-11-01,12.989999771118164,13.109999656677246,12.800000190734863,12.899999618530272,12.28062629699707,224800,no_news,0.0,Not Recession,no_anomaly,0
2016-10-31,13.0,13.029999732971191,12.949999809265137,13.029999732971191,12.404382705688477,289400,negative,-0.525961984282991,Not Recession,no_anomaly,0
2016-10-28,13.270000457763672,13.31999969482422,12.960000038146973,13.0,12.375824928283691,151600,negative,-0.5510131634421785,Not Recession,no_anomaly,0
2016-10-27,13.260000228881836,13.399999618530272,13.210000038146973,13.210000038146973,12.5757417678833,212400,negative,-0.5510131634421785,Not Recession,no_anomaly,0
2016-10-26,13.279999732971191,13.399999618530272,13.100000381469728,13.109999656677246,12.48054313659668,178500,negative,-0.573809634438708,Not Recession,no_anomaly,0
2016-10-25,13.34000015258789,13.399999618530272,13.1899995803833,13.369999885559082,12.728060722351074,197900,negative,-1.3537536674760964,Not Recession,no_anomaly,0
2016-10-24,13.289999961853027,13.390000343322754,13.260000228881836,13.359999656677246,12.71854019165039,236700,no_news,0.0,Not Recession,no_anomaly,0
2016-10-21,13.0600004196167,13.1899995803833,12.970000267028809,13.149999618530272,12.518620491027832,280400,no_news,0.0,Not Recession,no_anomaly,0
2016-10-20,13.289999961853027,13.289999961853027,13.029999732971191,13.100000381469728,12.471025466918944,250200,no_news,0.0,Not Recession,no_anomaly,0
2016-10-19,13.25,13.4399995803833,13.18000030517578,13.289999961853027,12.651901245117188,165500,no_news,0.0,Not Recession,no_anomaly,0
2016-10-18,13.350000381469728,13.4399995803833,13.220000267028809,13.300000190734863,12.661421775817873,220700,no_news,0.0,Not Recession,no_anomaly,0
2016-10-17,13.359999656677246,13.489999771118164,13.270000457763672,13.289999961853027,12.651901245117188,147200,no_news,0.0,Not Recession,no_anomaly,0
2016-10-14,13.460000038146973,13.640000343322754,13.420000076293944,13.43000030517578,12.785181045532228,134900,no_news,0.0,Not Recession,no_anomaly,0
2016-10-13,13.359999656677246,13.510000228881836,13.1899995803833,13.350000381469728,12.709022521972656,302600,no_news,0.0,Not Recession,no_anomaly,0
2016-10-12,13.779999732971191,13.81999969482422,13.3100004196167,13.550000190734863,12.899417877197266,285200,no_news,0.0,Not Recession,no_anomaly,0
2016-10-11,13.739999771118164,13.739999771118164,13.220000267028809,13.260000228881836,12.623342514038086,120000,positive,0.9598561690136062,Not Recession,no_anomaly,0
2016-10-10,13.760000228881836,13.859999656677246,13.739999771118164,13.75,13.089815139770508,123300,positive,1.4527917913811976,Not Recession,no_anomaly,0
2016-10-07,13.75,13.75,13.529999732971191,13.649999618530272,12.994617462158203,197500,negative,-1.340154886223664,Not Recession,no_anomaly,0
2016-10-06,13.609999656677246,13.84000015258789,13.510000228881836,13.75,13.089815139770508,209900,no_news,0.0,Not Recession,no_anomaly,0
2016-10-05,13.529999732971191,13.75,13.359999656677246,13.59000015258789,12.937498092651367,192800,positive,1.4792081338146557,Not Recession,no_anomaly,0
2016-10-04,13.550000190734863,13.670000076293944,13.43000030517578,13.539999961853027,12.889898300170898,124500,positive,1.010746819686566,Not Recession,no_anomaly,0
2016-10-03,13.59000015258789,13.619999885559082,13.489999771118164,13.539999961853027,12.889898300170898,189200,positive,1.0972956913845868,Not Recession,no_anomaly,0
2016-09-30,13.5600004196167,13.649999618530272,13.4399995803833,13.609999656677246,12.956536293029783,380500,negative,0.3170421906135652,Not Recession,no_anomaly,0
2016-09-29,13.65999984741211,13.6899995803833,13.43000030517578,13.529999732971191,12.880379676818848,231000,no_news,0.0,Not Recession,no_anomaly,0
2016-09-28,13.449999809265137,13.710000038146973,13.449999809265137,13.670000076293944,13.013656616210938,456900,positive,1.6223146160929829,Not Recession,no_anomaly,0
2016-09-27,13.460000038146973,13.539999961853027,13.369999885559082,13.43000030517578,12.785181045532228,310100,negative,-0.9750237635357698,Not Recession,no_anomaly,0
2016-09-26,13.56999969482422,13.68000030517578,13.43000030517578,13.4399995803833,12.794699668884276,204500,negative,-0.5258111984103914,Not Recession,no_anomaly,0
2016-09-23,13.880000114440918,13.890000343322754,13.649999618530272,13.699999809265137,13.04221534729004,245000,negative,-0.2411040303203146,Not Recession,no_anomaly,0
2016-09-22,13.399999618530272,13.960000038146973,13.390000343322754,13.960000038146973,13.28973388671875,462000,positive,1.0690760543857762,Not Recession,no_anomaly,0
2016-09-21,13.050000190734863,13.369999885559082,13.050000190734863,13.279999732971191,12.642380714416504,464300,no_news,0.0,Not Recession,no_anomaly,0
2016-09-20,13.050000190734863,13.1899995803833,12.90999984741211,13.050000190734863,12.423425674438477,293900,no_news,0.0,Not Recession,no_anomaly,0
2016-09-19,12.8100004196167,13.050000190734863,12.8100004196167,12.979999542236328,12.356783866882324,218700,negative,-0.9693110681630897,Not Recession,no_anomaly,0
2016-09-16,12.850000381469728,12.850000381469728,12.5600004196167,12.779999732971191,12.166387557983398,661100,no_news,0.0,Not Recession,no_anomaly,0
2016-09-15,12.56999969482422,12.84000015258789,12.220000267028809,12.829999923706056,12.21398639678955,364900,positive,1.050475407704985,Not Recession,no_anomaly,0
2016-09-14,12.5,12.710000038146973,12.5,12.56999969482422,11.966472625732422,210100,negative,0.2859038732389387,Not Recession,no_anomaly,0
2016-09-13,12.399999618530272,12.510000228881836,12.270000457763672,12.350000381469728,11.757034301757812,159100,negative,-0.2543378704745551,Not Recession,no_anomaly,0
2016-09-12,12.3100004196167,12.5600004196167,12.050000190734863,12.5600004196167,11.956951141357422,192200,negative,0.2338043839232574,Not Recession,no_anomaly,0
2016-09-09,12.720000267028809,12.81999969482422,12.289999961853027,12.329999923706056,11.737993240356444,243800,negative,-0.515241038252734,Not Recession,no_anomaly,0
2016-09-08,12.850000381469728,12.869999885559082,12.710000038146973,12.779999732971191,12.166387557983398,172500,negative,-0.5289831105659734,Not Recession,no_anomaly,0
2016-09-07,12.68000030517578,12.920000076293944,12.640000343322754,12.90999984741211,12.290146827697754,194400,negative,-0.9787781664057964,Not Recession,no_anomaly,0
2016-09-06,12.760000228881836,12.859999656677246,12.640000343322754,12.720000267028809,12.109268188476562,94900,positive,1.7710949487488152,Not Recession,no_anomaly,0
2016-09-02,12.800000190734863,12.880000114440918,12.640000343322754,12.81999969482422,12.2044677734375,169100,no_news,0.0,Not Recession,no_anomaly,0
2016-09-01,12.609999656677246,12.770000457763672,12.520000457763672,12.770000457763672,12.156869888305664,142700,no_news,0.0,Not Recession,no_anomaly,0
2016-08-31,12.5600004196167,12.670000076293944,12.479999542236328,12.609999656677246,12.004549980163574,186800,positive,1.5312733740099138,Not Recession,no_anomaly,0
2016-08-30,12.649999618530272,12.890000343322754,12.600000381469728,12.699999809265137,11.995031356811523,108900,no_news,0.0,Not Recession,no_anomaly,0
2016-08-29,12.720000267028809,12.84000015258789,12.529999732971191,12.710000038146973,12.004475593566896,98100,no_news,0.0,Not Recession,no_anomaly,0
2016-08-26,12.779999732971191,12.869999885559082,12.640000343322754,12.739999771118164,12.03281021118164,125600,positive,1.1277860945365628,Not Recession,no_anomaly,0
2016-08-25,12.649999618530272,12.800000190734863,12.399999618530272,12.779999732971191,12.070589065551758,139500,negative,-0.4458599988858615,Not Recession,no_anomaly,0
2016-08-24,12.859999656677246,12.859999656677246,12.65999984741211,12.6899995803833,11.985583305358888,113700,no_news,0.0,Not Recession,no_anomaly,0
2016-08-23,12.869999885559082,12.979999542236328,12.800000190734863,12.829999923706056,12.117813110351562,99600,no_news,0.0,Not Recession,no_anomaly,0
2016-08-22,12.729999542236328,12.880000114440918,12.529999732971191,12.869999885559082,12.155593872070312,219200,no_news,0.0,Not Recession,no_anomaly,0
2016-08-19,12.380000114440918,12.949999809265137,12.380000114440918,12.8100004196167,12.09892463684082,336700,positive,1.6241505802006984,Not Recession,no_anomaly,0
2016-08-18,12.300000190734863,12.390000343322754,12.270000457763672,12.350000381469728,11.66446018218994,179000,positive,1.695476635710692,Not Recession,no_anomaly,0
2016-08-17,12.300000190734863,12.300000190734863,12.09000015258789,12.300000190734863,11.617233276367188,300200,negative,0.4460091744592538,Not Recession,no_anomaly,0
2016-08-16,12.460000038146973,12.489999771118164,12.289999961853027,12.300000190734863,11.617233276367188,148700,negative,0.4601306130010427,Not Recession,no_anomaly,0
2016-08-15,12.239999771118164,12.40999984741211,12.239999771118164,12.350000381469728,11.66446018218994,179600,negative,-0.3647698525026798,Not Recession,no_anomaly,0
2016-08-12,12.239999771118164,12.300000190734863,12.15999984741211,12.239999771118164,11.560564994812012,146200,no_news,0.0,Not Recession,no_anomaly,0
2016-08-11,12.260000228881836,12.329999923706056,12.15999984741211,12.25,11.570009231567385,178900,positive,1.3047402366110554,Not Recession,no_anomaly,0
2016-08-10,12.390000343322754,12.390000343322754,12.09000015258789,12.220000267028809,11.541675567626951,189600,positive,1.1604670205792738,Not Recession,no_anomaly,0
2016-08-09,12.470000267028809,12.539999961853027,12.229999542236328,12.34000015258789,11.65501308441162,267400,negative,-0.3209124378496045,Not Recession,no_anomaly,0
2016-08-08,12.5600004196167,12.609999656677246,12.470000267028809,12.529999732971191,11.834467887878418,159900,positive,1.3789662648633574,Not Recession,no_anomaly,0
2016-08-05,12.300000190734863,12.56999969482422,12.15999984741211,12.550000190734863,11.85335636138916,194100,no_news,0.0,Not Recession,no_anomaly,0
2016-08-04,12.289999961853027,12.380000114440918,12.25,12.270000457763672,11.588900566101074,106700,negative,-0.4445030112008165,Not Recession,no_anomaly,0
2016-08-03,12.220000267028809,12.380000114440918,12.149999618530272,12.34000015258789,11.65501308441162,267500,negative,-1.4482366187161106,Not Recession,no_anomaly,0
2016-08-02,12.399999618530272,12.479999542236328,12.25,12.260000228881836,11.579456329345703,308500,no_news,0.0,Not Recession,no_anomaly,0
2016-08-01,12.380000114440918,12.550000190734863,12.369999885559082,12.4399995803833,11.749463081359863,431800,positive,1.0961711886781544,Not Recession,no_anomaly,0
2016-07-29,13.199999809265137,13.199999809265137,12.420000076293944,12.529999732971191,11.834467887878418,599500,no_news,0.0,Not Recession,no_anomaly,0
2016-07-28,12.800000190734863,13.09000015258789,12.760000228881836,12.949999809265137,12.23115348815918,257100,no_news,0.0,Not Recession,no_anomaly,0
2016-07-27,12.949999809265137,12.970000267028809,12.770000457763672,12.960000038146973,12.240599632263184,314000,negative,0.5538943097482556,Not Recession,no_anomaly,0
2016-07-26,12.609999656677246,12.9399995803833,12.609999656677246,12.899999618530272,12.18392848968506,200600,negative,-0.8190960381376058,Not Recession,no_anomaly,0
2016-07-25,12.489999771118164,12.670000076293944,12.489999771118164,12.640000343322754,11.938358306884766,204400,negative,-1.1505897008128398,Not Recession,no_anomaly,0
2016-07-22,12.579999923706056,12.600000381469728,12.5,12.59000015258789,11.89113712310791,161500,negative,-0.3442490404009561,Not Recession,no_anomaly,0
2016-07-21,12.649999618530272,12.720000267028809,12.56999969482422,12.619999885559082,11.91947078704834,242800,no_news,0.0,Not Recession,no_anomaly,0
2016-07-20,12.270000457763672,12.699999809265137,12.229999542236328,12.65999984741211,11.957252502441406,337500,negative,-0.8321592723339437,Not Recession,no_anomaly,0
2016-07-19,12.170000076293944,12.420000076293944,12.09000015258789,12.199999809265137,11.522783279418944,486600,positive,1.344514240239861,Not Recession,no_anomaly,0
2016-07-18,12.15999984741211,12.3100004196167,12.100000381469728,12.170000076293944,11.494449615478516,313500,negative,-0.3162187451431822,Not Recession,no_anomaly,0
2016-07-15,12.15999984741211,12.15999984741211,12.0,12.109999656677246,11.43778133392334,347300,negative,-0.306429393932267,Not Recession,no_anomaly,0
2016-07-14,12.239999771118164,12.289999961853027,12.079999923706056,12.09000015258789,11.418892860412598,291600,no_news,0.0,Not Recession,no_anomaly,0
2016-07-13,12.18000030517578,12.199999809265137,12.029999732971191,12.100000381469728,11.428337097167969,386600,no_news,0.0,Not Recession,no_anomaly,0
2016-07-12,11.84000015258789,12.1899995803833,11.800000190734863,12.149999618530272,11.475561141967772,280400,negative,-0.804060304728975,Not Recession,no_anomaly,0
2016-07-11,11.59000015258789,11.81999969482422,11.579999923706056,11.789999961853027,11.135542869567873,317200,no_news,0.0,Not Recession,no_anomaly,0
2016-07-08,11.279999732971191,11.56999969482422,11.279999732971191,11.550000190734863,10.908865928649902,206200,no_news,0.0,Not Recession,no_anomaly,0
2016-07-07,11.079999923706056,11.260000228881836,10.9399995803833,11.149999618530272,10.531070709228516,319600,negative,-0.2988017294184401,Not Recession,no_anomaly,0
2016-07-06,10.979999542236328,11.109999656677246,10.81999969482422,11.050000190734863,10.436620712280272,185400,positive,1.3946626549796464,Not Recession,no_anomaly,0
2016-07-05,11.0600004196167,11.18000030517578,10.920000076293944,11.050000190734863,10.436620712280272,195900,negative,-0.2791460553322676,Not Recession,no_anomaly,0
2016-07-01,10.869999885559082,11.270000457763672,10.869999885559082,11.210000038146973,10.587738990783691,315600,negative,-0.7601317510300959,Not Recession,no_anomaly,0
2016-06-30,11.079999923706056,11.470000267028809,10.960000038146973,11.220000267028809,10.59718418121338,780400,negative,-0.0984180313983566,Not Recession,no_anomaly,0
2016-06-29,11.079999923706056,11.079999923706056,10.869999885559082,10.960000038146973,10.351616859436035,333300,negative,-0.2719259751864282,Not Recession,no_anomaly,0
2016-06-28,10.960000038146973,11.140000343322754,10.880000114440918,10.920000076293944,10.313837051391602,296400,no_news,0.0,Not Recession,no_anomaly,0
2016-06-27,11.260000228881836,11.31999969482422,10.800000190734863,10.84000015258789,10.238279342651367,358300,negative,-1.403052382402994,Not Recession,no_anomaly,0
2016-06-24,11.369999885559082,11.6899995803833,11.329999923706056,11.369999885559082,10.738859176635742,509100,positive,1.9168484274507884,Not Recession,no_anomaly,0
2016-06-23,11.779999732971191,11.979999542236328,11.68000030517578,11.899999618530272,11.2394380569458,278400,no_news,0.0,Not Recession,no_anomaly,0
2016-06-22,11.710000038146973,11.829999923706056,11.630000114440918,11.630000114440918,10.984426498413086,98100,negative,-1.4356440827731265,Not Recession,no_anomaly,0
2016-06-21,11.630000114440918,11.739999771118164,11.56999969482422,11.720000267028809,11.069430351257324,156100,positive,2.006471125719324,Not Recession,no_anomaly,0
2016-06-20,11.640000343322754,11.93000030517578,11.5600004196167,11.630000114440918,10.984426498413086,132700,negative,-0.2690796101176071,Not Recession,no_anomaly,0
2016-06-17,11.550000190734863,11.600000381469728,11.390000343322754,11.510000228881836,10.871087074279783,550600,no_news,0.0,Not Recession,no_anomaly,0
2016-06-16,11.390000343322754,11.600000381469728,11.289999961853027,11.579999923706056,10.93720245361328,324300,positive,1.5571151196546416,Not Recession,no_anomaly,0
2016-06-15,11.65999984741211,11.65999984741211,11.479999542236328,11.5,10.861642837524414,291200,no_news,0.0,Not Recession,no_anomaly,0
2016-06-14,11.470000267028809,11.670000076293944,11.369999885559082,11.579999923706056,10.93720245361328,357100,no_news,0.0,Not Recession,no_anomaly,0
2016-06-13,11.460000038146973,11.65999984741211,11.460000038146973,11.5,10.861642837524414,224900,no_news,0.0,Not Recession,no_anomaly,0
2016-06-10,11.56999969482422,11.65999984741211,11.140000343322754,11.600000381469728,10.956089973449709,239100,no_news,0.0,Not Recession,no_anomaly,0
2016-06-09,11.609999656677246,11.75,11.529999732971191,11.739999771118164,11.088318824768066,160800,negative,-0.2636410707886347,Not Recession,no_anomaly,0
2016-06-08,11.640000343322754,11.68000030517578,11.520000457763672,11.65999984741211,11.012760162353516,144900,positive,1.3716307936439862,Not Recession,no_anomaly,0
2016-06-07,11.649999618530272,11.729999542236328,11.449999809265137,11.649999618530272,11.003315925598145,324600,no_news,0.0,Not Recession,no_anomaly,0
2016-06-06,11.579999923706056,11.670000076293944,11.359999656677246,11.649999618530272,11.003315925598145,363300,no_news,0.0,Not Recession,no_anomaly,0
2016-06-03,11.710000038146973,11.710000038146973,11.420000076293944,11.529999732971191,10.889975547790527,561900,negative,-0.827717723769925,Not Recession,no_anomaly,0
2016-06-02,11.3100004196167,11.670000076293944,11.010000228881836,11.65999984741211,11.012760162353516,508000,negative,-0.841030675751378,Not Recession,no_anomaly,0
2016-06-01,10.720000267028809,11.270000457763672,10.720000267028809,11.260000228881836,10.634964942932127,628200,positive,1.4601070666459286,Not Recession,no_anomaly,0
2016-05-31,11.0,11.100000381469728,10.850000381469728,10.979999542236328,10.2760591506958,409900,no_news,0.0,Not Recession,no_anomaly,0
2016-05-27,10.90999984741211,11.0600004196167,10.859999656677246,11.039999961853027,10.3322114944458,210800,no_news,0.0,Not Recession,no_anomaly,0
2016-05-26,10.720000267028809,10.869999885559082,10.630000114440918,10.859999656677246,10.163752555847168,253200,negative,-0.3034824169414227,Not Recession,no_anomaly,0
2016-05-25,10.59000015258789,10.68000030517578,10.449999809265137,10.670000076293944,9.985931396484377,352800,negative,-0.6252677700798099,Not Recession,no_anomaly,0
2016-05-24,10.210000038146973,10.520000457763672,10.210000038146973,10.520000457763672,9.845547676086426,214000,negative,-0.8724944112311408,Not Recession,no_anomaly,0
2016-05-23,10.079999923706056,10.239999771118164,10.0,10.140000343322754,9.489911079406738,226200,negative,-0.0060641461368404,Not Recession,no_anomaly,0
2016-05-20,9.710000038146973,10.06999969482422,9.68000030517578,10.029999732971191,9.386962890625,330700,positive,1.4085068873150566,Not Recession,no_anomaly,0
2016-05-19,9.470000267028809,9.630000114440918,9.43000030517578,9.59000015258789,8.975174903869629,548800,no_news,0.0,Not Recession,no_anomaly,0
2016-05-18,9.130000114440918,9.510000228881836,9.130000114440918,9.510000228881836,8.90030288696289,308400,no_news,0.0,Not Recession,no_anomaly,0
2016-05-17,9.25,9.359999656677246,8.989999771118164,9.15999984741211,8.57274055480957,319500,positive,1.5510596048430614,Not Recession,no_anomaly,0
2016-05-16,9.25,9.369999885559082,9.199999809265137,9.229999542236328,8.638253211975098,242400,negative,-0.8928982791011795,Not Recession,no_anomaly,0
2016-05-13,9.239999771118164,9.31999969482422,9.149999618530272,9.229999542236328,8.638253211975098,158100,no_news,0.0,Not Recession,no_anomaly,0
2016-05-12,9.25,9.43000030517578,9.0600004196167,9.260000228881836,8.66633129119873,401200,no_news,0.0,Not Recession,no_anomaly,0
2016-05-11,9.4399995803833,9.470000267028809,9.25,9.260000228881836,8.66633129119873,259700,positive,1.998944246023788,Not Recession,no_anomaly,0
2016-05-10,9.34000015258789,9.479999542236328,9.25,9.470000267028809,8.862866401672363,235100,negative,-0.8713206157958467,Not Recession,no_anomaly,0
2016-05-09,9.329999923706056,9.56999969482422,9.260000228881836,9.34000015258789,8.74120044708252,220300,positive,1.967058955179176,Not Recession,no_anomaly,0
2016-05-06,9.359999656677246,9.40999984741211,9.229999542236328,9.329999923706056,8.731842994689941,219200,positive,1.1009320714817707,Not Recession,no_anomaly,0
2016-05-05,9.640000343322754,9.640000343322754,9.420000076293944,9.43000030517578,8.825430870056152,173700,positive,2.338097046468297,Not Recession,no_anomaly,0
2016-05-04,9.800000190734863,9.979999542236328,9.550000190734863,9.56999969482422,8.956454277038574,303500,negative,-0.8833318205454748,Not Recession,no_anomaly,0
2016-05-03,9.359999656677246,9.9399995803833,9.359999656677246,9.899999618530272,9.265297889709473,445200,negative,0.6074745868760283,Not Recession,no_anomaly,0
2016-05-02,9.5,9.539999961853027,9.289999961853027,9.479999542236328,8.872223854064941,572900,no_news,0.0,Not Recession,no_anomaly,0
2016-04-29,9.979999542236328,9.979999542236328,9.109999656677246,9.460000038146973,8.853506088256836,665100,no_news,0.0,Not Recession,no_anomaly,0
2016-04-28,10.15999984741211,10.34000015258789,9.779999732971191,9.880000114440918,9.246581077575684,230900,no_news,0.0,Not Recession,no_anomaly,0
2016-04-27,10.210000038146973,10.4399995803833,10.0600004196167,10.199999809265137,9.546066284179688,186200,no_news,0.0,Not Recession,no_anomaly,0
2016-04-26,10.039999961853027,10.220000267028809,9.93000030517578,10.220000267028809,9.56478214263916,166000,no_news,0.0,Not Recession,no_anomaly,0
2016-04-25,10.039999961853027,10.109999656677246,9.850000381469728,9.970000267028809,9.330809593200684,179600,negative,-0.3270937945287595,Not Recession,no_anomaly,0
2016-04-22,10.050000190734863,10.140000343322754,9.920000076293944,10.0600004196167,9.415040969848633,231700,negative,-1.3435993434829552,Not Recession,no_anomaly,0
2016-04-21,10.010000228881836,10.149999618530272,10.0,10.079999923706056,9.433759689331056,210300,negative,-0.337709731031322,Not Recession,no_anomaly,0
2016-04-20,10.119999885559082,10.140000343322754,9.979999542236328,9.979999542236328,9.340169906616213,94500,no_news,0.0,Not Recession,no_anomaly,0
2016-04-19,10.300000190734863,10.300000190734863,10.06999969482422,10.149999618530272,9.499269485473633,148200,negative,-0.3529421023676163,Not Recession,no_anomaly,0
2016-04-18,10.1899995803833,10.279999732971191,10.010000228881836,10.220000267028809,9.56478214263916,118700,no_news,0.0,Not Recession,no_anomaly,0
2016-04-15,10.149999618530272,10.300000190734863,10.100000381469728,10.1899995803833,9.536704063415527,103200,no_news,0.0,Not Recession,no_anomaly,0
2016-04-14,10.270000457763672,10.270000457763672,10.09000015258789,10.210000038146973,9.55542278289795,148000,negative,0.6135641066697352,Not Recession,no_anomaly,0
2016-04-13,9.970000267028809,10.3100004196167,9.960000038146973,10.300000190734863,9.639655113220217,145900,negative,-0.4616576197555413,Not Recession,no_anomaly,0
2016-04-12,9.970000267028809,10.050000190734863,9.829999923706056,9.890000343322754,9.255939483642578,115800,negative,-1.2389891706366651,Not Recession,no_anomaly,0
2016-04-11,10.039999961853027,10.199999809265137,9.90999984741211,10.010000228881836,9.368246078491213,138100,negative,-0.2950986761291249,Not Recession,no_anomaly,0
2016-04-08,10.039999961853027,10.220000267028809,9.899999618530272,9.970000267028809,9.330809593200684,216100,negative,0.0149700821363062,Not Recession,no_anomaly,0
2016-04-07,10.100000381469728,10.239999771118164,9.979999542236328,9.989999771118164,9.349526405334473,313000,no_news,0.0,Not Recession,no_anomaly,0
2016-04-06,10.09000015258789,10.18000030517578,9.979999542236328,10.140000343322754,9.489911079406738,188900,negative,-0.2792293590497571,Not Recession,no_anomaly,0
2016-04-05,10.369999885559082,10.40999984741211,10.119999885559082,10.130000114440918,9.480552673339844,222800,negative,-0.9649181197448364,Not Recession,no_anomaly,0
2016-04-04,10.43000030517578,10.520000457763672,10.25,10.420000076293944,9.751960754394531,239400,negative,0.5961445417928196,Not Recession,no_anomaly,0
2016-04-01,10.329999923706056,10.460000038146973,10.229999542236328,10.460000038146973,9.789395332336426,159100,no_news,0.0,Not Recession,no_anomaly,0
2016-03-31,10.510000228881836,10.609999656677246,10.390000343322754,10.399999618530272,9.73324203491211,394500,negative,-0.8388866332829377,Not Recession,no_anomaly,0
2016-03-30,10.479999542236328,10.5600004196167,10.350000381469728,10.539999961853027,9.864266395568848,229900,negative,-0.8657509946022749,Not Recession,no_anomaly,0
2016-03-29,9.829999923706056,10.380000114440918,9.779999732971191,10.359999656677246,9.695806503295898,248700,positive,1.0711810101107797,Not Recession,no_anomaly,0
2016-03-28,9.890000343322754,10.140000343322754,9.760000228881836,9.90999984741211,9.27465534210205,145900,negative,0.5570790817207936,Not Recession,no_anomaly,0
2016-03-24,9.899999618530272,10.0,9.720000267028809,9.890000343322754,9.255939483642578,230700,no_news,0.0,Not Recession,no_anomaly,0
2016-03-23,10.010000228881836,10.050000190734863,9.90999984741211,9.93000030517578,9.293374061584473,273500,no_news,0.0,Not Recession,no_anomaly,0
2016-03-22,9.989999771118164,10.130000114440918,9.880000114440918,10.010000228881836,9.368246078491213,117500,no_news,0.0,Not Recession,no_anomaly,0
2016-03-21,10.020000457763672,10.199999809265137,9.970000267028809,10.06999969482422,9.424399375915527,148000,negative,-0.3337159113824777,Not Recession,no_anomaly,0
2016-03-18,10.0600004196167,10.170000076293944,9.949999809265137,10.09000015258789,9.443116188049316,463800,negative,-1.5952245999651828,Not Recession,no_anomaly,0
2016-03-17,9.68000030517578,10.050000190734863,9.5600004196167,9.989999771118164,9.349526405334473,204100,positive,1.4813854123452073,Not Recession,no_anomaly,0
2016-03-16,9.720000267028809,9.800000190734863,9.5600004196167,9.720000267028809,9.096837997436523,172000,negative,-0.6533990267819731,Not Recession,no_anomaly,0
2016-03-15,9.770000457763672,9.920000076293944,9.59000015258789,9.770000457763672,9.143632888793944,248500,negative,-0.9322203425766112,Not Recession,no_anomaly,0
2016-03-14,9.899999618530272,9.960000038146973,9.779999732971191,9.789999961853027,9.162349700927734,323700,negative,-0.3729546839627307,Not Recession,no_anomaly,0
2016-03-11,9.84000015258789,9.949999809265137,9.75,9.93000030517578,9.293374061584473,210600,no_news,0.0,Not Recession,no_anomaly,0
2016-03-10,9.81999969482422,9.970000267028809,9.6899995803833,9.770000457763672,9.143632888793944,230600,negative,-0.9322203425766112,Not Recession,no_anomaly,0
2016-03-09,9.869999885559082,9.979999542236328,9.68000030517578,9.81999969482422,9.190424919128418,217300,no_news,0.0,Not Recession,no_anomaly,0
2016-03-08,10.1899995803833,10.380000114440918,9.850000381469728,9.869999885559082,9.237222671508787,433600,negative,-0.4001385930350214,Not Recession,no_anomaly,0
2016-03-07,10.0,10.3100004196167,9.960000038146973,10.220000267028809,9.56478214263916,1255200,negative,-1.3428485972659208,Not Recession,no_anomaly,0
2016-03-04,9.90999984741211,9.970000267028809,9.75,9.920000076293944,9.284016609191896,310100,no_news,0.0,Not Recession,no_anomaly,0
2016-03-03,9.8100004196167,9.960000038146973,9.789999961853027,9.899999618530272,9.265297889709473,332300,no_news,0.0,Not Recession,no_anomaly,0
2016-03-02,9.760000228881836,9.850000381469728,9.40999984741211,9.8100004196167,9.181068420410156,202100,negative,0.5358506515282495,Not Recession,no_anomaly,0
2016-03-01,9.789999961853027,10.130000114440918,9.770000457763672,9.890000343322754,9.16235065460205,369300,negative,-1.2720058017933524,Not Recession,no_anomaly,0
2016-02-29,9.65999984741211,9.93000030517578,9.65999984741211,9.75,9.032648086547852,345000,negative,-0.366331707545272,Not Recession,no_anomaly,0
2016-02-26,9.649999618530272,9.8100004196167,9.449999809265137,9.579999923706056,8.875153541564941,184800,negative,-0.0628899762777477,Not Recession,no_anomaly,0
2016-02-25,9.640000343322754,9.640000343322754,9.420000076293944,9.609999656677246,8.90295124053955,187700,negative,0.4471116153151123,Not Recession,no_anomaly,0
2016-02-24,9.350000381469728,9.640000343322754,9.329999923706056,9.640000343322754,8.930745124816895,252100,negative,-1.385962794621807,Not Recession,no_anomaly,0
2016-02-23,9.350000381469728,9.470000267028809,9.270000457763672,9.390000343322754,8.699138641357422,370300,negative,0.4018454539600629,Not Recession,no_anomaly,0
2016-02-22,9.3100004196167,9.5,9.1899995803833,9.350000381469728,8.66208267211914,398700,no_news,0.0,Not Recession,no_anomaly,0
2016-02-19,9.079999923706056,9.279999732971191,9.079999923706056,9.229999542236328,8.550909042358398,250700,negative,-1.0402014926230403,Not Recession,no_anomaly,0
2016-02-18,9.130000114440918,9.25,8.989999771118164,9.020000457763672,8.35636043548584,172800,negative,0.4215465734343511,Not Recession,no_anomaly,0
2016-02-17,8.899999618530273,9.149999618530272,8.670000076293945,9.09000015258789,8.421211242675781,303900,negative,-0.1677722338266801,Not Recession,no_anomaly,0
2016-02-16,8.670000076293945,8.899999618530273,8.600000381469727,8.8100004196167,8.161810874938965,277200,positive,1.1117071041881437,Not Recession,no_anomaly,0
2016-02-12,8.600000381469727,9.020000457763672,8.449999809265137,8.529999732971191,7.902410984039307,266100,positive,1.2889140914961008,Not Recession,no_anomaly,0
2016-02-11,8.569999694824219,8.720000267028809,8.329999923706055,8.479999542236328,7.856091499328613,229900,no_news,0.0,Not Recession,no_anomaly,0
2016-02-10,8.510000228881836,8.90999984741211,8.460000038146973,8.75,8.106226921081543,344300,no_news,0.0,Not Recession,no_anomaly,0
2016-02-09,8.779999732971191,8.880000114440918,8.4399995803833,8.479999542236328,7.856091499328613,296500,no_news,0.0,Not Recession,no_anomaly,0
2016-02-08,8.920000076293945,9.010000228881836,8.699999809265137,8.930000305175781,8.272979736328125,311900,no_news,0.0,Not Recession,no_anomaly,0
2016-02-05,9.279999732971191,9.380000114440918,8.800000190734863,8.9399995803833,8.282245635986328,502300,negative,-0.4887908111694297,Not Recession,no_anomaly,0
2016-02-04,9.760000228881836,10.260000228881836,9.130000114440918,9.300000190734863,8.61575984954834,635800,no_news,0.0,Not Recession,no_anomaly,0
2016-02-03,9.5,9.579999923706056,9.329999923706056,9.489999771118164,8.791779518127441,213800,positive,1.7589309708467271,Not Recession,no_anomaly,0
2016-02-02,9.399999618530272,9.529999732971191,9.359999656677246,9.460000038146973,8.76398754119873,369100,no_news,0.0,Not Recession,no_anomaly,0
2016-02-01,9.4399995803833,9.489999771118164,9.380000114440918,9.390000343322754,8.699138641357422,260200,negative,-1.0315770928929746,Not Recession,no_anomaly,0
2016-01-29,9.279999732971191,9.539999961853027,9.220000267028809,9.529999732971191,8.828836441040039,330900,no_news,0.0,Not Recession,no_anomaly,0
2016-01-28,9.3100004196167,9.470000267028809,9.1899995803833,9.25,8.569437980651855,183000,positive,0.9576838037626886,Not Recession,no_anomaly,0
2016-01-27,9.270000457763672,9.369999885559082,9.130000114440918,9.220000267028809,8.541646003723145,143300,negative,0.3923848256247743,Not Recession,no_anomaly,0
2016-01-26,9.199999809265137,9.4399995803833,9.18000030517578,9.300000190734863,8.61575984954834,159800,positive,1.2890288441657565,Not Recession,no_anomaly,0
2016-01-25,9.279999732971191,9.3100004196167,9.109999656677246,9.130000114440918,8.458266258239746,114000,no_news,0.0,Not Recession,no_anomaly,0
2016-01-22,9.15999984741211,9.31999969482422,9.06999969482422,9.3100004196167,8.625024795532227,177300,negative,-1.0287623202586074,Not Recession,no_anomaly,0
2016-01-21,9.239999771118164,10.06999969482422,8.899999618530273,9.0600004196167,8.393416404724121,305700,no_news,0.0,Not Recession,no_anomaly,0
2016-01-20,8.859999656677246,9.210000038146973,8.75,9.140000343322754,8.467531204223633,263100,positive,1.220173814822238,Not Recession,no_anomaly,0
2016-01-19,9.050000190734863,9.4399995803833,8.8100004196167,8.949999809265137,8.291509628295898,247400,no_news,0.0,Not Recession,no_anomaly,0
2016-01-15,8.989999771118164,9.170000076293944,8.880000114440918,9.050000190734863,8.384153366088867,278500,negative,-1.0307946655859836,Not Recession,no_anomaly,0
2016-01-14,9.25,9.5,9.18000030517578,9.279999732971191,8.597229957580566,200600,no_news,0.0,Not Recession,no_anomaly,0
2016-01-13,9.449999809265137,9.600000381469728,9.149999618530272,9.25,8.569437980651855,186400,negative,-0.5238063311330907,Not Recession,no_anomaly,0
2016-01-12,9.800000190734863,9.890000343322754,9.300000190734863,9.4399995803833,8.745457649230957,233700,positive,1.407553284180802,Not Recession,no_anomaly,0
2016-01-11,9.40999984741211,9.68000030517578,9.40999984741211,9.65999984741211,8.949270248413086,223800,no_news,0.0,Not Recession,no_anomaly,0
2016-01-08,10.010000228881836,10.119999885559082,9.329999923706056,9.359999656677246,8.671341896057129,383100,positive,1.0573827892990153,Not Recession,no_anomaly,0
2016-01-07,9.960000038146973,10.09000015258789,9.899999618530272,9.979999542236328,9.245728492736816,299600,positive,1.884866434462235,Not Recession,no_anomaly,0
2016-01-06,10.109999656677246,10.229999542236328,9.9399995803833,10.119999885559082,9.375428199768066,374100,no_news,0.0,Not Recession,no_anomaly,0
2016-01-05,10.289999961853027,10.350000381469728,10.199999809265137,10.25,9.49586296081543,217700,no_news,0.0,Not Recession,no_anomaly,0
2016-01-04,10.460000038146973,10.479999542236328,10.15999984741211,10.270000457763672,9.514394760131836,285400,no_news,0.0,Not Recession,no_anomaly,0
2015-12-31,10.960000038146973,11.029999732971191,10.649999618530272,10.68000030517578,9.894227027893066,247600,no_news,0.0,Not Recession,no_anomaly,0
2015-12-30,11.300000190734863,11.300000190734863,10.9399995803833,10.949999809265137,10.144359588623049,141900,negative,-1.0193850984019277,Not Recession,no_anomaly,0
2015-12-29,11.289999961853027,11.470000267028809,11.25,11.300000190734863,10.46861171722412,148400,no_news,0.0,Not Recession,no_anomaly,0
2015-12-28,11.210000038146973,11.279999732971191,10.970000267028809,11.260000228881836,10.431553840637209,198000,no_news,0.0,Not Recession,no_anomaly,0
2015-12-24,11.170000076293944,11.329999923706056,11.130000114440918,11.239999771118164,10.413025856018066,114200,negative,-0.5100374009422353,Not Recession,no_anomaly,0
2015-12-23,11.289999961853027,11.4399995803833,11.15999984741211,11.199999809265137,10.375968933105469,290100,no_news,0.0,Not Recession,no_anomaly,0
2015-12-22,11.380000114440918,11.380000114440918,11.210000038146973,11.260000228881836,10.431553840637209,279500,no_news,0.0,Not Recession,no_anomaly,0
2015-12-21,11.029999732971191,11.399999618530272,11.029999732971191,11.350000381469728,10.514930725097656,519100,no_news,0.0,Not Recession,no_anomaly,0
2015-12-18,11.119999885559082,11.15999984741211,10.920000076293944,10.979999542236328,10.172155380249023,747000,negative,-0.5356326102005114,Not Recession,no_anomaly,0
2015-12-17,11.40999984741211,11.760000228881836,11.18000030517578,11.1899995803833,10.366703033447266,317100,no_news,0.0,Not Recession,no_anomaly,0
2015-12-16,11.329999923706056,11.43000030517578,11.100000381469728,11.34000015258789,10.505667686462402,137600,no_news,0.0,Not Recession,no_anomaly,0
2015-12-15,10.949999809265137,11.34000015258789,10.869999885559082,11.289999961853027,10.45934772491455,188100,negative,-0.5611104302780208,Not Recession,no_anomaly,0
2015-12-14,11.229999542236328,11.3100004196167,10.81999969482422,10.84000015258789,10.04245376586914,302600,no_news,0.0,Not Recession,no_anomaly,0
2015-12-11,11.239999771118164,11.56999969482422,11.220000267028809,11.239999771118164,10.413025856018066,236800,negative,-0.5486174300210322,Not Recession,no_anomaly,0
2015-12-10,11.40999984741211,11.68000030517578,11.40999984741211,11.630000114440918,10.774331092834473,191300,negative,-1.0451031717766912,Not Recession,no_anomaly,0
2015-12-09,11.43000030517578,11.65999984741211,11.40999984741211,11.5,10.653895378112791,212800,no_news,0.0,Not Recession,no_anomaly,0
2015-12-08,11.460000038146973,11.59000015258789,11.18000030517578,11.5,10.653895378112791,169800,no_news,0.0,Not Recession,no_anomaly,0
2015-12-07,11.550000190734863,11.699999809265137,11.479999542236328,11.579999923706056,10.728012084960938,178300,negative,0.3130538716896747,Not Recession,no_anomaly,0
2015-12-04,11.460000038146973,11.729999542236328,11.460000038146973,11.619999885559082,10.765067100524902,146100,negative,-0.5642022253892808,Not Recession,no_anomaly,0
2015-12-03,11.699999809265137,11.829999923706056,11.479999542236328,11.520000457763672,10.672423362731934,225200,negative,-1.723871706529187,Not Recession,no_anomaly,0
2015-12-02,11.420000076293944,11.829999923706056,11.350000381469728,11.720000267028809,10.857709884643556,275600,negative,-0.5840459563167746,Not Recession,no_anomaly,0
2015-12-01,11.170000076293944,11.489999771118164,11.170000076293944,11.420000076293944,10.487139701843262,979300,no_news,0.0,Not Recession,no_anomaly,0
2015-11-30,11.229999542236328,11.359999656677246,10.960000038146973,11.149999618530272,10.239192962646484,359700,negative,-1.0885620272229384,Not Recession,no_anomaly,0
2015-11-27,11.229999542236328,11.390000343322754,11.210000038146973,11.34000015258789,10.41367244720459,92900,no_news,0.0,Not Recession,no_anomaly,0
2015-11-25,11.020000457763672,11.289999961853027,10.989999771118164,11.25,10.331025123596191,119300,no_news,0.0,Not Recession,no_anomaly,0
2015-11-24,11.050000190734863,11.079999923706056,10.880000114440918,11.0600004196167,10.15654754638672,247700,negative,-1.7032655781313393,Not Recession,no_anomaly,0
2015-11-23,11.3100004196167,11.420000076293944,11.020000457763672,11.079999923706056,10.174911499023438,169300,negative,-0.5840459563167746,Not Recession,no_anomaly,0
2015-11-20,11.380000114440918,11.470000267028809,11.239999771118164,11.3100004196167,10.386123657226562,143800,negative,-1.10530152189247,Not Recession,no_anomaly,0
2015-11-19,11.15999984741211,11.3100004196167,11.140000343322754,11.3100004196167,10.386123657226562,171600,no_news,0.0,Not Recession,no_anomaly,0
2015-11-18,10.81999969482422,11.3100004196167,10.6899995803833,11.210000038146973,10.294292449951172,310000,negative,-0.5840459563167746,Not Recession,no_anomaly,0
2015-11-17,10.989999771118164,11.0,10.760000228881836,10.770000457763672,9.890235900878906,144900,positive,1.1979650496753744,Not Recession,no_anomaly,0
2015-11-16,10.699999809265137,10.979999542236328,10.630000114440918,10.960000038146973,10.06471347808838,299100,negative,-0.5345551586212821,Not Recession,no_anomaly,0
2015-11-13,10.960000038146973,11.020000457763672,10.59000015258789,10.770000457763672,9.890235900878906,198300,no_news,0.0,Not Recession,no_anomaly,0
2015-11-12,11.170000076293944,11.229999542236328,10.90999984741211,10.920000076293944,10.027982711791992,164000,negative,0.3525335375772336,Not Recession,no_anomaly,0
2015-11-11,11.210000038146973,11.479999542236328,10.6899995803833,11.279999732971191,10.358572006225586,277200,positive,1.2363212542339472,Not Recession,no_anomaly,0
2015-11-10,10.979999542236328,11.329999923706056,10.729999542236328,11.210000038146973,10.294292449951172,318800,negative,0.3790038466230761,Not Recession,no_anomaly,0
2015-11-09,11.0,11.0600004196167,10.270000457763672,11.010000228881836,10.110630989074709,425200,positive,1.260876388324474,Not Recession,no_anomaly,0
2015-11-06,10.420000076293944,11.699999809265137,9.90999984741211,11.34000015258789,10.41367244720459,566700,no_news,0.0,Not Recession,no_anomaly,0
2015-11-05,11.369999885559082,11.520000457763672,11.239999771118164,11.489999771118164,10.55141830444336,156600,negative,-0.1811793861071515,Not Recession,no_anomaly,0
2015-11-04,11.380000114440918,11.460000038146973,11.300000190734863,11.359999656677246,10.43204116821289,328400,no_news,0.0,Not Recession,no_anomaly,0
2015-11-03,11.149999618530272,11.43000030517578,11.149999618530272,11.31999969482422,10.395306587219238,507900,no_news,0.0,Not Recession,no_anomaly,0
2015-11-02,11.100000381469728,11.359999656677246,11.06999969482422,11.25,10.331025123596191,341800,negative,-0.1828443960171931,Not Recession,no_anomaly,0
2015-10-30,10.979999542236328,11.199999809265137,10.920000076293944,11.039999961853027,10.138179779052734,331000,no_news,0.0,Not Recession,no_anomaly,0
2015-10-29,11.149999618530272,11.25,10.9399995803833,10.989999771118164,10.092263221740724,317200,no_news,0.0,Not Recession,no_anomaly,0
2015-10-28,11.0,11.289999961853027,10.960000038146973,11.25,10.331025123596191,369300,no_news,0.0,Not Recession,no_anomaly,0
2015-10-27,11.0,11.1899995803833,10.68000030517578,10.970000267028809,10.073898315429688,311500,no_news,0.0,Not Recession,no_anomaly,0
2015-10-26,11.229999542236328,11.229999542236328,10.960000038146973,11.029999732971191,10.128995895385742,286000,no_news,0.0,Not Recession,no_anomaly,0
2015-10-23,11.300000190734863,11.479999542236328,10.420000076293944,11.199999809265137,10.285110473632812,343700,negative,-0.4737025708741901,Not Recession,no_anomaly,0
2015-10-22,11.369999885559082,11.6899995803833,11.279999732971191,11.31999969482422,10.395306587219238,332900,no_news,0.0,Not Recession,no_anomaly,0
2015-10-21,11.960000038146973,11.989999771118164,11.449999809265137,11.489999771118164,10.55141830444336,224600,no_news,0.0,Not Recession,no_anomaly,0
2015-10-20,11.640000343322754,11.789999961853027,11.600000381469728,11.770000457763672,10.808548927307127,96200,negative,-0.4790999338753286,Not Recession,no_anomaly,0
2015-10-19,11.609999656677246,11.729999542236328,11.470000267028809,11.640000343322754,10.689167976379396,122400,negative,-0.4846868254002276,Not Recession,no_anomaly,0
2015-10-16,11.649999618530272,11.68000030517578,11.470000267028809,11.600000381469728,10.652436256408691,173600,no_news,0.0,Not Recession,no_anomaly,0
2015-10-15,11.31999969482422,11.609999656677246,11.279999732971191,11.609999656677246,10.661617279052734,136400,no_news,0.0,Not Recession,no_anomaly,0
2015-10-14,11.3100004196167,11.56999969482422,11.109999656677246,11.300000190734863,10.376938819885254,274500,negative,-0.9866718036866906,Not Recession,no_anomaly,0
2015-10-13,11.449999809265137,11.56999969482422,11.18000030517578,11.260000228881836,10.340209007263184,257900,negative,-1.006333275879312,Not Recession,no_anomaly,0
2015-10-12,11.65999984741211,11.65999984741211,11.510000228881836,11.609999656677246,10.661617279052734,185000,no_news,0.0,Not Recession,no_anomaly,0
2015-10-09,11.850000381469728,11.850000381469728,11.5,11.699999809265137,10.744264602661133,140100,no_news,0.0,Not Recession,no_anomaly,0
2015-10-08,11.90999984741211,11.979999542236328,11.529999732971191,11.90999984741211,10.937111854553224,202200,negative,-0.53089360299073,Not Recession,no_anomaly,0
2015-10-07,11.800000190734863,11.90999984741211,11.510000228881836,11.869999885559082,10.90038013458252,153700,negative,0.3042384560524441,Not Recession,no_anomaly,0
2015-10-06,11.81999969482422,11.90999984741211,11.5600004196167,11.720000267028809,10.762633323669434,137400,no_news,0.0,Not Recession,no_anomaly,0
2015-10-05,11.649999618530272,11.90999984741211,11.600000381469728,11.84000015258789,10.872828483581545,356200,negative,-1.0141034948840102,Not Recession,no_anomaly,0
2015-10-02,11.350000381469728,11.670000076293944,11.149999618530272,11.65999984741211,10.707533836364746,185000,negative,0.2858135145359707,Not Recession,no_anomaly,0
2015-10-01,11.529999732971191,11.770000457763672,11.289999961853027,11.399999618530272,10.46877098083496,443100,negative,-0.5367088727343419,Not Recession,no_anomaly,0
2015-09-30,11.220000267028809,11.800000190734863,10.949999809265137,11.710000038146973,10.753450393676758,402900,negative,-0.5444591565750648,Not Recession,no_anomaly,0
2015-09-29,10.6899995803833,11.039999961853027,10.539999961853027,11.039999961853027,10.138179779052734,281400,no_news,0.0,Not Recession,no_anomaly,0
2015-09-28,10.65999984741211,10.850000381469728,10.529999732971191,10.670000076293944,9.7984037399292,491900,negative,-1.0278245916770066,Not Recession,no_anomaly,0
2015-09-25,10.8100004196167,11.220000267028809,10.59000015258789,10.739999771118164,9.862689018249512,313900,no_news,0.0,Not Recession,no_anomaly,0
2015-09-24,10.449999809265137,10.720000267028809,10.300000190734863,10.649999618530272,9.780035972595217,317800,positive,1.862249834260259,Not Recession,no_anomaly,0
2015-09-23,10.619999885559082,10.720000267028809,10.529999732971191,10.579999923706056,9.715755462646484,123000,negative,-0.5500221309810067,Not Recession,no_anomaly,0
2015-09-22,10.75,10.880000114440918,10.579999923706056,10.640000343322754,9.77085304260254,137500,positive,1.1075657973065418,Not Recession,no_anomaly,0
2015-09-21,10.949999809265137,11.06999969482422,10.81999969482422,10.859999656677246,9.972883224487305,162700,positive,1.1398433247967532,Not Recession,no_anomaly,0
2015-09-18,10.84000015258789,11.079999923706056,10.779999732971191,10.829999923706056,9.945334434509276,337600,no_news,0.0,Not Recession,no_anomaly,0
2015-09-17,11.0,11.25,10.760000228881836,11.039999961853027,10.138179779052734,307300,no_news,0.0,Not Recession,no_anomaly,0
2015-09-16,10.760000228881836,10.9399995803833,10.699999809265137,10.93000030517578,10.037166595458984,150300,no_news,0.0,Not Recession,no_anomaly,0
2015-09-15,10.449999809265137,10.829999923706056,10.4399995803833,10.770000457763672,9.890235900878906,158200,negative,0.335300153352666,Not Recession,no_anomaly,0
2015-09-14,10.630000114440918,10.630000114440918,10.300000190734863,10.399999618530272,9.550458908081056,130100,negative,-0.4895065538081659,Not Recession,no_anomaly,0
2015-09-11,10.550000190734863,10.609999656677246,10.289999961853027,10.59000015258789,9.724937438964844,206200,no_news,0.0,Not Recession,no_anomaly,0
2015-09-10,10.350000381469728,10.630000114440918,10.279999732971191,10.619999885559082,9.752486228942873,178800,negative,-1.582973213053342,Not Recession,no_anomaly,0
2015-09-09,10.5,10.600000381469728,10.350000381469728,10.390000343322754,9.541277885437012,224200,no_news,0.0,Not Recession,no_anomaly,0
2015-09-08,10.399999618530272,10.520000457763672,10.380000114440918,10.460000038146973,9.605557441711426,133800,no_news,0.0,Not Recession,no_anomaly,0
2015-09-04,10.199999809265137,10.5,10.149999618530272,10.199999809265137,9.366795539855955,189500,negative,-0.5020698133825025,Not Recession,no_anomaly,0
2015-09-03,10.300000190734863,10.479999542236328,10.170000076293944,10.359999656677246,9.513723373413086,200400,positive,1.0982365683410866,Not Recession,no_anomaly,0
2015-09-02,10.140000343322754,10.270000457763672,10.0600004196167,10.229999542236328,9.394346237182615,110300,positive,1.1358314630612598,Not Recession,no_anomaly,0
2015-09-01,10.220000267028809,10.449999809265137,10.09000015258789,10.109999656677246,9.19231414794922,248100,no_news,0.0,Not Recession,no_anomaly,0
2015-08-31,10.289999961853027,10.470000267028809,10.229999542236328,10.380000114440918,9.4378080368042,160200,positive,1.1776191342942006,Not Recession,no_anomaly,0
2015-08-28,10.15999984741211,10.470000267028809,10.15999984741211,10.40999984741211,9.46508502960205,147400,no_news,0.0,Not Recession,no_anomaly,0
2015-08-27,10.220000267028809,10.329999923706056,9.989999771118164,10.260000228881836,9.328700065612791,192500,positive,1.2244449923665497,Not Recession,no_anomaly,0
2015-08-26,10.18000030517578,10.210000038146973,9.890000343322754,10.170000076293944,9.246871948242188,177900,no_news,0.0,Not Recession,no_anomaly,0
2015-08-25,10.300000190734863,10.300000190734863,9.920000076293944,9.9399995803833,9.037747383117676,144900,no_news,0.0,Not Recession,no_anomaly,0
2015-08-24,9.920000076293944,10.539999961853027,9.670000076293944,10.010000228881836,9.101394653320312,250200,no_news,0.0,Not Recession,no_anomaly,0
2015-08-21,10.149999618530272,10.520000457763672,10.149999618530272,10.369999885559082,9.428717613220217,201100,no_news,0.0,Not Recession,no_anomaly,0
2015-08-20,10.369999885559082,10.65999984741211,10.289999961853027,10.359999656677246,9.419623374938965,219200,no_news,0.0,Not Recession,no_anomaly,0
2015-08-19,10.510000228881836,10.68000030517578,10.229999542236328,10.489999771118164,9.537826538085938,175100,positive,1.277414346883123,Not Recession,no_anomaly,0
2015-08-18,10.9399995803833,10.960000038146973,10.449999809265137,10.539999961853027,9.58328628540039,201200,no_news,0.0,Not Recession,no_anomaly,0
2015-08-17,11.0600004196167,11.100000381469728,10.899999618530272,10.9399995803833,9.946975708007812,227500,negative,0.4740726810448554,Not Recession,no_anomaly,0
2015-08-14,10.81999969482422,11.09000015258789,10.65999984741211,11.0600004196167,10.056087493896484,250500,negative,-0.8660775921075176,Not Recession,no_anomaly,0
2015-08-13,11.079999923706056,11.109999656677246,10.829999923706056,10.869999885559082,9.88333225250244,303900,negative,0.4501770572247566,Not Recession,no_anomaly,0
2015-08-12,11.199999809265137,11.199999809265137,10.9399995803833,11.050000190734863,10.046995162963867,443400,positive,1.2954908502813818,Not Recession,no_anomaly,0
2015-08-11,11.229999542236328,11.510000228881836,11.229999542236328,11.270000457763672,10.247023582458496,223100,positive,1.865070174100571,Not Recession,no_anomaly,0
2015-08-10,11.34000015258789,11.68000030517578,11.239999771118164,11.4399995803833,10.401593208312988,269900,negative,-0.5666643727668941,Not Recession,no_anomaly,0
2015-08-07,10.56999969482422,11.75,10.56999969482422,11.229999542236328,10.210655212402344,503400,negative,-0.2865179747193521,Not Recession,no_anomaly,0
2015-08-06,10.170000076293944,10.170000076293944,9.93000030517578,10.140000343322754,9.21959400177002,169400,negative,-0.2932270983825873,Not Recession,no_anomaly,0
2015-08-05,9.770000457763672,10.15999984741211,9.770000457763672,10.100000381469728,9.18322467803955,281000,negative,-0.3004320526222673,Not Recession,no_anomaly,0
2015-08-04,9.699999809265137,9.869999885559082,9.68000030517578,9.720000267028809,8.837718963623047,169900,negative,-0.3081972722109358,Not Recession,no_anomaly,0
2015-08-03,10.5,10.59000015258789,9.699999809265137,9.710000038146973,8.82862663269043,280800,positive,1.3048161220206442,Not Recession,no_anomaly,0
2015-07-31,10.6899995803833,10.699999809265137,10.5,10.550000190734863,9.592377662658691,107600,no_news,0.0,Not Recession,no_anomaly,0
2015-07-30,10.40999984741211,10.649999618530272,10.40999984741211,10.640000343322754,9.67421054840088,84800,no_news,0.0,Not Recession,no_anomaly,0
2015-07-29,10.329999923706056,10.520000457763672,10.220000267028809,10.4399995803833,9.492362022399902,79400,no_news,0.0,Not Recession,no_anomaly,0
2015-07-28,10.3100004196167,10.420000076293944,10.09000015258789,10.350000381469728,9.41053295135498,193200,positive,1.1339752176224471,Not Recession,no_anomaly,0
2015-07-27,10.399999618530272,10.550000190734863,10.300000190734863,10.329999923706056,9.392348289489746,152000,no_news,0.0,Not Recession,no_anomaly,0
2015-07-24,10.739999771118164,10.899999618530272,10.449999809265137,10.449999809265137,9.501453399658203,130000,no_news,0.0,Not Recession,no_anomaly,0
2015-07-23,10.9399995803833,11.09000015258789,10.609999656677246,10.789999961853027,9.810593605041504,99100,no_news,0.0,Not Recession,no_anomaly,0
2015-07-22,10.960000038146973,10.960000038146973,10.710000038146973,10.859999656677246,9.874238014221191,74400,no_news,0.0,Not Recession,no_anomaly,0
2015-07-21,11.199999809265137,11.34000015258789,11.0,11.029999732971191,10.02880859375,133800,no_news,0.0,Not Recession,no_anomaly,0
2015-07-20,11.399999618530272,11.43000030517578,11.170000076293944,11.199999809265137,10.183378219604492,177100,no_news,0.0,Not Recession,no_anomaly,0
2015-07-17,11.579999923706056,11.579999923706056,11.329999923706056,11.43000030517578,10.392500877380373,114600,no_news,0.0,Not Recession,no_anomaly,0
2015-07-16,11.5600004196167,11.649999618530272,11.390000343322754,11.529999732971191,10.48342514038086,184800,no_news,0.0,Not Recession,no_anomaly,0
2015-07-15,11.779999732971191,11.800000190734863,11.43000030517578,11.529999732971191,10.48342514038086,102600,no_news,0.0,Not Recession,no_anomaly,0
2015-07-14,11.770000457763672,11.8100004196167,11.630000114440918,11.739999771118164,10.674362182617188,118400,no_news,0.0,Not Recession,no_anomaly,0
2015-07-13,11.56999969482422,11.75,11.5,11.720000267028809,10.656176567077637,164200,no_news,0.0,Not Recession,no_anomaly,0
2015-07-10,11.460000038146973,11.600000381469728,11.149999618530272,11.56999969482422,10.519792556762695,152300,no_news,0.0,Not Recession,no_anomaly,0
2015-07-09,11.529999732971191,11.609999656677246,11.239999771118164,11.3100004196167,10.283392906188965,191000,no_news,0.0,Not Recession,no_anomaly,0
2015-07-08,11.300000190734863,11.470000267028809,11.199999809265137,11.40999984741211,10.374317169189451,235700,no_news,0.0,Not Recession,no_anomaly,0
2015-07-07,11.529999732971191,11.529999732971191,11.149999618530272,11.4399995803833,10.401593208312988,188500,no_news,0.0,Not Recession,no_anomaly,0
2015-07-06,11.520000457763672,11.710000038146973,11.399999618530272,11.56999969482422,10.519792556762695,135700,no_news,0.0,Not Recession,no_anomaly,0
2015-07-02,11.43000030517578,11.619999885559082,11.390000343322754,11.600000381469728,10.54706859588623,97600,no_news,0.0,Not Recession,no_anomaly,0
2015-07-01,11.5600004196167,11.65999984741211,11.369999885559082,11.420000076293944,10.383408546447754,175200,no_news,0.0,Not Recession,no_anomaly,0
2015-06-30,11.68000030517578,11.699999809265137,11.399999618530272,11.449999809265137,10.410682678222656,204500,no_news,0.0,Not Recession,no_anomaly,0
2015-06-29,11.949999809265137,12.09000015258789,11.5600004196167,11.600000381469728,10.54706859588623,281300,no_news,0.0,Not Recession,no_anomaly,0
2015-06-26,12.31999969482422,12.359999656677246,12.079999923706056,12.199999809265137,11.092609405517578,629100,no_news,0.0,Not Recession,no_anomaly,0
2015-06-25,12.279999732971191,12.43000030517578,12.079999923706056,12.359999656677246,11.238083839416504,214700,no_news,0.0,Not Recession,no_anomaly,0
2015-06-24,12.130000114440918,12.270000457763672,12.0600004196167,12.1899995803833,11.083514213562012,177100,no_news,0.0,Not Recession,no_anomaly,0
2015-06-23,12.1899995803833,12.210000038146973,12.029999732971191,12.149999618530272,11.047144889831545,233100,no_news,0.0,Not Recession,no_anomaly,0
2015-06-22,12.039999961853027,12.260000228881836,11.989999771118164,12.1899995803833,11.083514213562012,198300,no_news,0.0,Not Recession,no_anomaly,0
2015-06-19,11.920000076293944,12.039999961853027,11.850000381469728,12.010000228881836,10.919855117797852,316300,no_news,0.0,Not Recession,no_anomaly,0
2015-06-18,11.770000457763672,11.960000038146973,11.65999984741211,11.880000114440918,10.801653861999512,215400,no_news,0.0,Not Recession,no_anomaly,0
2015-06-17,11.760000228881836,11.81999969482422,11.6899995803833,11.710000038146973,10.647087097167969,97600,no_news,0.0,Not Recession,no_anomaly,0
2015-06-16,11.640000343322754,11.75,11.470000267028809,11.739999771118164,10.674362182617188,130000,no_news,0.0,Not Recession,no_anomaly,0
2015-06-15,11.630000114440918,11.739999771118164,11.40999984741211,11.710000038146973,10.647087097167969,143200,no_news,0.0,Not Recession,no_anomaly,0
2015-06-12,11.699999809265137,11.75,11.600000381469728,11.6899995803833,10.628899574279783,96800,no_news,0.0,Not Recession,no_anomaly,0
2015-06-11,11.869999885559082,11.869999885559082,11.640000343322754,11.75,10.683453559875488,106000,no_news,0.0,Not Recession,no_anomaly,0
2015-06-10,11.470000267028809,11.859999656677246,11.470000267028809,11.789999961853027,10.719823837280272,155600,no_news,0.0,Not Recession,no_anomaly,0
2015-06-09,11.43000030517578,11.5,11.279999732971191,11.390000343322754,10.356133460998535,81300,no_news,0.0,Not Recession,no_anomaly,0
2015-06-08,11.699999809265137,11.699999809265137,11.43000030517578,11.449999809265137,10.410682678222656,197200,no_news,0.0,Not Recession,no_anomaly,0
2015-06-05,11.670000076293944,11.760000228881836,11.510000228881836,11.75,10.683453559875488,171700,no_news,0.0,Not Recession,no_anomaly,0
2015-06-04,11.779999732971191,11.9399995803833,11.600000381469728,11.710000038146973,10.647087097167969,122200,no_news,0.0,Not Recession,no_anomaly,0
2015-06-03,11.75,11.84000015258789,11.649999618530272,11.779999732971191,10.710731506347656,148900,no_news,0.0,Not Recession,no_anomaly,0
2015-06-02,11.710000038146973,11.850000381469728,11.600000381469728,11.760000228881836,10.601625442504885,403800,no_news,0.0,Not Recession,no_anomaly,0
2015-06-01,11.359999656677246,11.800000190734863,11.359999656677246,11.779999732971191,10.619654655456545,253800,no_news,0.0,Not Recession,no_anomaly,0
2015-05-29,11.3100004196167,11.43000030517578,11.09000015258789,11.239999771118164,10.13284397125244,119700,no_news,0.0,Not Recession,no_anomaly,0
2015-05-28,11.170000076293944,11.350000381469728,11.119999885559082,11.329999923706056,10.21397876739502,101500,no_news,0.0,Not Recession,no_anomaly,0
2015-05-27,11.029999732971191,11.300000190734863,10.989999771118164,11.170000076293944,10.069740295410156,143000,no_news,0.0,Not Recession,no_anomaly,0
2015-05-26,11.100000381469728,11.210000038146973,10.880000114440918,11.010000228881836,9.92549991607666,133500,no_news,0.0,Not Recession,no_anomaly,0
2015-05-22,11.210000038146973,11.289999961853027,11.09000015258789,11.18000030517578,10.078754425048828,86400,no_news,0.0,Not Recession,no_anomaly,0
2015-05-21,11.289999961853027,11.350000381469728,11.149999618530272,11.239999771118164,10.13284397125244,96700,no_news,0.0,Not Recession,no_anomaly,0
2015-05-20,11.210000038146973,11.359999656677246,11.119999885559082,11.279999732971191,10.168903350830078,98000,no_news,0.0,Not Recession,no_anomaly,0
2015-05-19,11.550000190734863,11.550000190734863,11.170000076293944,11.199999809265137,10.09678554534912,151100,no_news,0.0,Not Recession,no_anomaly,0
2015-05-18,11.3100004196167,11.59000015258789,11.25,11.520000457763672,10.385262489318848,132000,no_news,0.0,Not Recession,no_anomaly,0
2015-05-15,11.239999771118164,11.359999656677246,11.149999618530272,11.329999923706056,10.21397876739502,106300,no_news,0.0,Not Recession,no_anomaly,0
2015-05-14,11.130000114440918,11.239999771118164,11.010000228881836,11.229999542236328,10.123828887939451,185100,no_news,0.0,Not Recession,no_anomaly,0
2015-05-13,11.079999923706056,11.1899995803833,10.869999885559082,11.020000457763672,9.93451690673828,131100,no_news,0.0,Not Recession,no_anomaly,0
2015-05-12,11.0600004196167,11.079999923706056,10.880000114440918,11.039999961853027,9.952544212341309,132600,no_news,0.0,Not Recession,no_anomaly,0
2015-05-11,11.119999885559082,11.3100004196167,11.09000015258789,11.100000381469728,10.006636619567873,117800,no_news,0.0,Not Recession,no_anomaly,0
2015-05-08,11.170000076293944,11.31999969482422,11.039999961853027,11.15999984741211,10.060723304748535,90800,no_news,0.0,Not Recession,no_anomaly,0
2015-05-07,11.020000457763672,11.18000030517578,11.010000228881836,11.050000190734863,9.961559295654297,183300,no_news,0.0,Not Recession,no_anomaly,0
2015-05-06,11.020000457763672,11.020000457763672,10.869999885559082,11.0,9.916486740112305,150500,no_news,0.0,Not Recession,no_anomaly,0
2015-05-05,11.18000030517578,11.270000457763672,10.93000030517578,10.949999809265137,9.871410369873049,219200,no_news,0.0,Not Recession,no_anomaly,0
2015-05-04,11.06999969482422,11.279999732971191,11.06999969482422,11.1899995803833,10.0877685546875,193100,no_news,0.0,Not Recession,no_anomaly,0
2015-05-01,11.25,11.470000267028809,10.9399995803833,11.0600004196167,9.970576286315918,373900,no_news,0.0,Not Recession,no_anomaly,0
2015-04-30,11.029999732971191,11.130000114440918,10.630000114440918,10.760000228881836,9.700125694274902,251900,no_news,0.0,Not Recession,no_anomaly,0
2015-04-29,11.149999618530272,11.25,11.0600004196167,11.119999885559082,10.024662971496582,97600,no_news,0.0,Not Recession,no_anomaly,0
2015-04-28,11.109999656677246,11.239999771118164,10.949999809265137,11.199999809265137,10.09678554534912,159700,no_news,0.0,Not Recession,no_anomaly,0
2015-04-27,10.970000267028809,11.270000457763672,10.84000015258789,11.020000457763672,9.93451690673828,189100,no_news,0.0,Not Recession,no_anomaly,0
2015-04-24,11.079999923706056,11.270000457763672,10.880000114440918,10.899999618530272,9.826334953308104,127000,no_news,0.0,Not Recession,no_anomaly,0
2015-04-23,11.15999984741211,11.289999961853027,11.029999732971191,11.119999885559082,10.024662971496582,144800,no_news,0.0,Not Recession,no_anomaly,0
2015-04-22,11.270000457763672,11.270000457763672,11.029999732971191,11.229999542236328,10.123828887939451,124500,no_news,0.0,Not Recession,no_anomaly,0
2015-04-21,11.449999809265137,11.529999732971191,11.1899995803833,11.270000457763672,10.159890174865724,218300,no_news,0.0,Not Recession,no_anomaly,0
2015-04-20,11.270000457763672,11.489999771118164,11.100000381469728,11.43000030517578,10.304128646850586,109900,no_news,0.0,Not Recession,no_anomaly,0
2015-04-17,11.539999961853027,11.539999961853027,11.0600004196167,11.1899995803833,10.0877685546875,156100,no_news,0.0,Not Recession,no_anomaly,0
2015-04-16,11.6899995803833,11.920000076293944,11.579999923706056,11.649999618530272,10.50245761871338,172100,no_news,0.0,Not Recession,no_anomaly,0
2015-04-15,11.609999656677246,11.899999618530272,11.600000381469728,11.75,10.592609405517578,124800,no_news,0.0,Not Recession,no_anomaly,0
2015-04-14,11.600000381469728,11.68000030517578,11.489999771118164,11.579999923706056,10.439353942871094,92700,no_news,0.0,Not Recession,no_anomaly,0
2015-04-13,11.460000038146973,11.710000038146973,11.460000038146973,11.600000381469728,10.457385063171388,118700,no_news,0.0,Not Recession,no_anomaly,0
2015-04-10,11.5,11.56999969482422,11.43000030517578,11.4399995803833,10.313142776489258,179200,no_news,0.0,Not Recession,no_anomaly,0
2015-04-09,11.420000076293944,11.5600004196167,11.239999771118164,11.4399995803833,10.313142776489258,98100,no_news,0.0,Not Recession,no_anomaly,0
2015-04-08,11.479999542236328,11.59000015258789,11.3100004196167,11.399999618530272,10.277085304260254,279800,no_news,0.0,Not Recession,no_anomaly,0
2015-04-07,11.649999618530272,11.699999809265137,11.5,11.510000228881836,10.376249313354492,100400,no_news,0.0,Not Recession,no_anomaly,0
2015-04-06,11.510000228881836,11.739999771118164,11.510000228881836,11.640000343322754,10.49344253540039,136200,no_news,0.0,Not Recession,no_anomaly,0
2015-04-02,11.630000114440918,11.8100004196167,11.5600004196167,11.600000381469728,10.457385063171388,103700,no_news,0.0,Not Recession,no_anomaly,0
2015-04-01,11.59000015258789,11.670000076293944,11.479999542236328,11.579999923706056,10.439353942871094,117400,no_news,0.0,Not Recession,no_anomaly,0
2015-03-31,11.630000114440918,11.6899995803833,11.510000228881836,11.630000114440918,10.484429359436035,133800,no_news,0.0,Not Recession,no_anomaly,0
2015-03-30,11.779999732971191,11.81999969482422,11.600000381469728,11.6899995803833,10.538517951965332,167500,no_news,0.0,Not Recession,no_anomaly,0
2015-03-27,11.68000030517578,11.880000114440918,11.460000038146973,11.710000038146973,10.55655002593994,181800,no_news,0.0,Not Recession,no_anomaly,0
2015-03-26,11.739999771118164,11.8100004196167,11.5600004196167,11.65999984741211,10.511474609375,261000,no_news,0.0,Not Recession,no_anomaly,0
2015-03-25,12.300000190734863,12.300000190734863,11.609999656677246,11.850000381469728,10.682761192321776,542800,no_news,0.0,Not Recession,no_anomaly,0
2015-03-24,12.399999618530272,12.420000076293944,12.199999809265137,12.260000228881836,11.052372932434082,195900,no_news,0.0,Not Recession,no_anomaly,0
2015-03-23,12.010000228881836,12.479999542236328,12.010000228881836,12.43000030517578,11.205628395080566,326000,no_news,0.0,Not Recession,no_anomaly,0
2015-03-20,11.979999542236328,12.09000015258789,11.859999656677246,11.989999771118164,10.80897045135498,432000,no_news,0.0,Not Recession,no_anomaly,0
2015-03-19,11.68000030517578,11.949999809265137,11.5,11.90999984741211,10.736848831176758,111700,no_news,0.0,Not Recession,no_anomaly,0
2015-03-18,11.770000457763672,11.800000190734863,11.4399995803833,11.699999809265137,10.547533988952637,162600,no_news,0.0,Not Recession,no_anomaly,0
2015-03-17,11.869999885559082,11.9399995803833,11.739999771118164,11.779999732971191,10.619654655456545,194400,no_news,0.0,Not Recession,no_anomaly,0
2015-03-16,11.989999771118164,12.119999885559082,11.890000343322754,11.949999809265137,10.772908210754396,250900,no_news,0.0,Not Recession,no_anomaly,0
2015-03-13,11.779999732971191,11.9399995803833,11.670000076293944,11.869999885559082,10.700791358947754,142000,no_news,0.0,Not Recession,no_anomaly,0
2015-03-12,11.6899995803833,11.800000190734863,11.529999732971191,11.760000228881836,10.601625442504885,146100,no_news,0.0,Not Recession,no_anomaly,0
2015-03-11,11.489999771118164,11.720000267028809,11.300000190734863,11.600000381469728,10.457385063171388,305100,no_news,0.0,Not Recession,no_anomaly,0
2015-03-10,11.390000343322754,11.529999732971191,11.300000190734863,11.43000030517578,10.304128646850586,243300,no_news,0.0,Not Recession,no_anomaly,0
2015-03-09,11.539999961853027,11.68000030517578,11.399999618530272,11.489999771118164,10.358219146728516,279000,no_news,0.0,Not Recession,no_anomaly,0
2015-03-06,11.81999969482422,11.979999542236328,11.4399995803833,11.479999542236328,10.349205017089844,167100,no_news,0.0,Not Recession,no_anomaly,0
2015-03-05,11.90999984741211,11.949999809265137,11.760000228881836,11.9399995803833,10.763893127441406,183100,no_news,0.0,Not Recession,no_anomaly,0
2015-03-04,11.90999984741211,11.979999542236328,11.779999732971191,11.859999656677246,10.691774368286133,130100,no_news,0.0,Not Recession,no_anomaly,0
2015-03-03,12.229999542236328,12.31999969482422,11.970000267028809,12.0600004196167,10.781923294067385,178100,no_news,0.0,Not Recession,no_anomaly,0
2015-03-02,12.020000457763672,12.34000015258789,12.020000457763672,12.31999969482422,11.014370918273926,226000,no_news,0.0,Not Recession,no_anomaly,0
2015-02-27,11.9399995803833,12.079999923706056,11.899999618530272,12.0,10.728280067443848,141900,positive,1.4944643409219291,Not Recession,no_anomaly,0
2015-02-26,11.949999809265137,12.020000457763672,11.880000114440918,12.020000457763672,10.746164321899414,171700,no_news,0.0,Not Recession,no_anomaly,0
2015-02-25,12.0,12.039999961853027,11.859999656677246,11.949999809265137,10.68358039855957,299900,no_news,0.0,Not Recession,no_anomaly,0
2015-02-24,12.039999961853027,12.119999885559082,11.970000267028809,12.020000457763672,10.746164321899414,151600,no_news,0.0,Not Recession,no_anomaly,0
2015-02-23,12.119999885559082,12.130000114440918,11.880000114440918,12.039999961853027,10.764043807983398,195300,no_news,0.0,Not Recession,no_anomaly,0
2015-02-20,12.09000015258789,12.239999771118164,12.020000457763672,12.229999542236328,10.933905601501465,256300,no_news,0.0,Not Recession,no_anomaly,0
2015-02-19,12.029999732971191,12.09000015258789,11.93000030517578,12.0600004196167,10.781923294067385,150400,no_news,0.0,Not Recession,no_anomaly,0
2015-02-18,11.989999771118164,12.100000381469728,11.880000114440918,12.050000190734863,10.77298355102539,197000,no_news,0.0,Not Recession,no_anomaly,0
2015-02-17,12.050000190734863,12.1899995803833,11.859999656677246,12.0,10.728280067443848,311700,no_news,0.0,Not Recession,no_anomaly,0
2015-02-13,12.06999969482422,12.210000038146973,11.850000381469728,12.079999923706056,10.799802780151367,265800,no_news,0.0,Not Recession,no_anomaly,0
2015-02-12,11.9399995803833,12.0600004196167,11.8100004196167,12.039999961853027,10.764043807983398,301500,no_news,0.0,Not Recession,no_anomaly,0
2015-02-11,12.100000381469728,12.210000038146973,11.880000114440918,11.949999809265137,10.68358039855957,256200,no_news,0.0,Not Recession,no_anomaly,0
2015-02-10,12.329999923706056,12.329999923706056,12.079999923706056,12.09000015258789,10.808745384216309,410600,no_news,0.0,Not Recession,no_anomaly,0
2015-02-09,12.539999961853027,12.539999961853027,12.079999923706056,12.18000030517578,10.889208793640137,538100,no_news,0.0,Not Recession,no_anomaly,0
2015-02-06,12.649999618530272,12.880000114440918,12.020000457763672,12.649999618530272,11.30939483642578,1223000,no_news,0.0,Not Recession,no_anomaly,0
2015-02-05,13.420000076293944,13.479999542236328,13.079999923706056,13.369999885559082,11.953095436096191,242700,no_news,0.0,Not Recession,no_anomaly,0
2015-02-04,13.119999885559082,13.34000015258789,13.100000381469728,13.329999923706056,11.91733455657959,208100,no_news,0.0,Not Recession,no_anomaly,0
2015-02-03,13.119999885559082,13.4399995803833,13.039999961853027,13.170000076293944,11.77428913116455,374800,no_news,0.0,Not Recession,no_anomaly,0
2015-02-02,12.93000030517578,13.100000381469728,12.699999809265137,13.06999969482422,11.684886932373049,218500,no_news,0.0,Not Recession,no_anomaly,0
2015-01-30,13.1899995803833,13.279999732971191,12.850000381469728,12.90999984741211,11.54184341430664,317200,no_news,0.0,Not Recession,no_anomaly,0
2015-01-29,12.869999885559082,13.279999732971191,12.869999885559082,13.279999732971191,11.872633934020996,221600,no_news,0.0,Not Recession,no_anomaly,0
2015-01-28,13.220000267028809,13.300000190734863,12.789999961853027,12.81999969482422,11.461380958557127,271000,no_news,0.0,Not Recession,no_anomaly,0
2015-01-27,13.119999885559082,13.229999542236328,12.949999809265137,13.140000343322754,11.747466087341309,222500,no_news,0.0,Not Recession,no_anomaly,0
2015-01-26,13.039999961853027,13.3100004196167,12.850000381469728,13.260000228881836,11.854753494262695,617800,no_news,0.0,Not Recession,no_anomaly,0
2015-01-23,13.079999923706056,13.100000381469728,12.850000381469728,13.06999969482422,11.684886932373049,223200,no_news,0.0,Not Recession,no_anomaly,0
2015-01-22,12.600000381469728,13.079999923706056,12.359999656677246,13.0600004196167,11.675946235656738,295200,no_news,0.0,Not Recession,no_anomaly,0
2015-01-21,12.420000076293944,12.65999984741211,12.350000381469728,12.579999923706056,11.246816635131836,228700,no_news,0.0,Not Recession,no_anomaly,0
2015-01-20,12.539999961853027,12.640000343322754,12.300000190734863,12.600000381469728,11.264695167541504,211600,no_news,0.0,Not Recession,no_anomaly,0
2015-01-16,12.119999885559082,12.640000343322754,12.09000015258789,12.5,11.175293922424316,459300,no_news,0.0,Not Recession,no_anomaly,0
2015-01-15,12.289999961853027,12.470000267028809,12.100000381469728,12.18000030517578,10.889208793640137,284000,no_news,0.0,Not Recession,no_anomaly,0
2015-01-14,12.100000381469728,12.34000015258789,12.100000381469728,12.270000457763672,10.9696683883667,173100,no_news,0.0,Not Recession,no_anomaly,0
2015-01-13,12.390000343322754,12.770000457763672,12.1899995803833,12.289999961853027,10.987548828125,295400,no_news,0.0,Not Recession,no_anomaly,0
2015-01-12,12.420000076293944,12.4399995803833,12.170000076293944,12.25,10.951787948608398,214500,no_news,0.0,Not Recession,no_anomaly,0
2015-01-09,12.489999771118164,12.630000114440918,12.390000343322754,12.460000038146973,11.139533042907717,162500,no_news,0.0,Not Recession,no_anomaly,0
2015-01-08,12.329999923706056,12.68000030517578,12.300000190734863,12.520000457763672,11.193175315856934,245800,no_news,0.0,Not Recession,no_anomaly,0
2015-01-07,12.3100004196167,12.329999923706056,12.140000343322754,12.199999809265137,10.907086372375488,347100,no_news,0.0,Not Recession,no_anomaly,0
2015-01-06,12.670000076293944,12.670000076293944,12.09000015258789,12.199999809265137,10.907086372375488,304800,no_news,0.0,Not Recession,no_anomaly,0
2015-01-05,12.529999732971191,12.779999732971191,12.489999771118164,12.670000076293944,11.327279090881348,300300,no_news,0.0,Not Recession,no_anomaly,0
2015-01-02,12.869999885559082,12.90999984741211,12.520000457763672,12.609999656677246,11.27363395690918,225100,no_news,0.0,Not Recession,no_anomaly,0
2014-12-31,12.800000190734863,12.979999542236328,12.739999771118164,12.75,11.39880084991455,238100,no_news,0.0,Not Recession,no_anomaly,0
2014-12-30,12.800000190734863,12.890000343322754,12.619999885559082,12.720000267028809,11.37197971343994,219400,no_news,0.0,Not Recession,no_anomaly,0
2014-12-29,13.079999923706056,13.079999923706056,12.8100004196167,12.880000114440918,11.515021324157717,299800,no_news,0.0,Not Recession,no_anomaly,0
2014-12-26,12.729999542236328,13.09000015258789,12.670000076293944,13.020000457763672,11.640185356140137,213400,no_news,0.0,Not Recession,no_anomaly,0
2014-12-24,12.670000076293944,12.760000228881836,12.600000381469728,12.670000076293944,11.327279090881348,185500,no_news,0.0,Not Recession,no_anomaly,0
2014-12-23,12.770000457763672,12.800000190734863,12.539999961853027,12.68000030517578,11.336216926574709,274800,no_news,0.0,Not Recession,no_anomaly,0
2014-12-22,12.600000381469728,12.670000076293944,12.399999618530272,12.65999984741211,11.318336486816406,378400,no_news,0.0,Not Recession,no_anomaly,0
2014-12-19,12.5,12.65999984741211,12.289999961853027,12.56999969482422,11.237875938415527,612700,no_news,0.0,Not Recession,no_anomaly,0
2014-12-18,12.520000457763672,12.720000267028809,12.390000343322754,12.510000228881836,11.184234619140623,249500,no_news,0.0,Not Recession,no_anomaly,0
2014-12-17,12.119999885559082,12.4399995803833,12.0,12.369999885559082,11.059070587158203,324800,no_news,0.0,Not Recession,no_anomaly,0
2014-12-16,12.0600004196167,12.40999984741211,11.949999809265137,12.100000381469728,10.817682266235352,358600,no_news,0.0,Not Recession,no_anomaly,0
2014-12-15,12.220000267028809,12.4399995803833,11.979999542236328,12.039999961853027,10.764043807983398,288900,no_news,0.0,Not Recession,no_anomaly,0
2014-12-12,12.0600004196167,12.34000015258789,11.949999809265137,12.109999656677246,10.826623916625977,190100,no_news,0.0,Not Recession,no_anomaly,0
2014-12-11,12.279999732971191,12.489999771118164,12.199999809265137,12.210000038146973,10.91602611541748,257800,no_news,0.0,Not Recession,no_anomaly,0
2014-12-10,12.449999809265137,12.510000228881836,12.149999618530272,12.199999809265137,10.907086372375488,513300,no_news,0.0,Not Recession,no_anomaly,0
2014-12-09,12.0600004196167,12.489999771118164,11.93000030517578,12.479999542236328,11.157411575317385,446700,no_news,0.0,Not Recession,no_anomaly,0
2014-12-08,11.890000343322754,12.380000114440918,11.890000343322754,12.15999984741211,10.871326446533203,424200,no_news,0.0,Not Recession,no_anomaly,0
2014-12-05,11.739999771118164,12.0,11.649999618530272,11.970000267028809,10.701460838317873,337300,no_news,0.0,Not Recession,no_anomaly,0
2014-12-04,11.729999542236328,11.829999923706056,11.630000114440918,11.6899995803833,10.451133728027344,244400,no_news,0.0,Not Recession,no_anomaly,0
2014-12-03,11.5600004196167,11.90999984741211,11.5600004196167,11.770000457763672,10.522656440734863,981700,no_news,0.0,Not Recession,no_anomaly,0
2014-12-02,11.550000190734863,11.68000030517578,11.43000030517578,11.65999984741211,10.33491039276123,287500,no_news,0.0,Not Recession,no_anomaly,0
2014-12-01,11.649999618530272,11.739999771118164,11.43000030517578,11.489999771118164,10.18423080444336,358300,no_news,0.0,Not Recession,no_anomaly,0
2014-11-28,12.0,12.0,11.670000076293944,11.710000038146973,10.379230499267578,143000,no_news,0.0,Not Recession,no_anomaly,0
2014-11-26,11.470000267028809,11.9399995803833,11.4399995803833,11.90999984741211,10.556501388549805,296600,no_news,0.0,Not Recession,no_anomaly,0
2014-11-25,11.770000457763672,11.789999961853027,11.460000038146973,11.5,10.193096160888672,301900,no_news,0.0,Not Recession,no_anomaly,0
2014-11-24,11.479999542236328,11.720000267028809,11.420000076293944,11.6899995803833,10.36150074005127,259300,no_news,0.0,Not Recession,no_anomaly,0
2014-11-21,11.800000190734863,11.800000190734863,11.40999984741211,11.479999542236328,10.17536735534668,255600,no_news,0.0,Not Recession,no_anomaly,0
2014-11-20,11.5,11.68000030517578,11.350000381469728,11.65999984741211,10.33491039276123,278800,no_news,0.0,Not Recession,no_anomaly,0
2014-11-19,11.84000015258789,11.920000076293944,11.510000228881836,11.520000457763672,10.210821151733398,405500,no_news,0.0,Not Recession,no_anomaly,0
2014-11-18,11.970000267028809,12.09000015258789,11.8100004196167,11.81999969482422,10.476727485656738,581600,no_news,0.0,Not Recession,no_anomaly,0
2014-11-17,12.34000015258789,12.4399995803833,11.949999809265137,11.960000038146973,10.600818634033203,337900,no_news,0.0,Not Recession,no_anomaly,0
2014-11-14,12.5,12.619999885559082,12.25,12.399999618530272,10.990815162658691,509100,no_news,0.0,Not Recession,no_anomaly,0
2014-11-13,12.229999542236328,12.859999656677246,12.050000190734863,12.550000190734863,11.123770713806152,1204600,no_news,0.0,Not Recession,no_anomaly,0
2014-11-12,11.8100004196167,12.140000343322754,11.6899995803833,12.119999885559082,10.742633819580078,349600,no_news,0.0,Not Recession,no_anomaly,0
2014-11-11,11.890000343322754,11.90999984741211,11.710000038146973,11.84000015258789,10.494457244873049,338400,no_news,0.0,Not Recession,no_anomaly,0
2014-11-10,11.789999961853027,11.949999809265137,11.770000457763672,11.899999618530272,10.547637939453123,222600,no_news,0.0,Not Recession,no_anomaly,0
2014-11-07,11.9399995803833,11.9399995803833,11.619999885559082,11.760000228881836,10.423547744750977,322300,no_news,0.0,Not Recession,no_anomaly,0
2014-11-06,11.920000076293944,12.0,11.850000381469728,11.93000030517578,10.574227333068848,218800,no_news,0.0,Not Recession,no_anomaly,0
2014-11-05,11.770000457763672,12.039999961853027,11.329999923706056,11.9399995803833,10.583091735839844,528200,no_news,0.0,Not Recession,no_anomaly,0
2014-11-04,11.829999923706056,12.100000381469728,11.800000190734863,11.989999771118164,10.627410888671877,304200,no_news,0.0,Not Recession,no_anomaly,0
2014-11-03,12.34000015258789,12.460000038146973,11.920000076293944,11.93000030517578,10.574227333068848,431300,no_news,0.0,Not Recession,no_anomaly,0
2014-10-31,12.229999542236328,12.43000030517578,12.119999885559082,12.329999923706056,10.928770065307615,454400,no_news,0.0,Not Recession,no_anomaly,0
2014-10-30,11.720000267028809,11.989999771118164,11.520000457763672,11.970000267028809,10.609681129455566,415800,no_news,0.0,Not Recession,no_anomaly,0
2014-10-29,11.710000038146973,11.920000076293944,11.670000076293944,11.800000190734863,10.459003448486328,238700,no_news,0.0,Not Recession,no_anomaly,0
2014-10-28,11.369999885559082,11.75,11.329999923706056,11.75,10.41468334197998,241200,no_news,0.0,Not Recession,no_anomaly,0
2014-10-27,11.18000030517578,11.31999969482422,11.149999618530272,11.279999732971191,9.998093605041504,156000,no_news,0.0,Not Recession,no_anomaly,0
2014-10-24,11.350000381469728,11.460000038146973,11.239999771118164,11.289999961853027,10.006959915161133,163500,no_news,0.0,Not Recession,no_anomaly,0
2014-10-23,10.859999656677246,11.380000114440918,10.850000381469728,11.279999732971191,9.998093605041504,332500,no_news,0.0,Not Recession,no_anomaly,0
2014-10-22,10.979999542236328,11.0,10.649999618530272,10.720000267028809,9.501737594604492,424100,no_news,0.0,Not Recession,no_anomaly,0
2014-10-21,10.760000228881836,10.9399995803833,10.729999542236328,10.93000030517578,9.687871932983398,163900,no_news,0.0,Not Recession,no_anomaly,0
2014-10-20,10.460000038146973,10.65999984741211,10.460000038146973,10.65999984741211,9.44855499267578,247400,no_news,0.0,Not Recession,no_anomaly,0
2014-10-17,10.739999771118164,10.789999961853027,10.489999771118164,10.5600004196167,9.359920501708984,545700,no_news,0.0,Not Recession,no_anomaly,0
2014-10-16,10.149999618530272,10.609999656677246,9.899999618530272,10.579999923706056,9.377646446228027,374100,no_news,0.0,Not Recession,no_anomaly,0
2014-10-15,9.859999656677246,10.399999618530272,9.8100004196167,10.34000015258789,9.164922714233398,360300,no_news,0.0,Not Recession,no_anomaly,0
2014-10-14,9.960000038146973,10.3100004196167,9.960000038146973,10.09000015258789,8.943331718444824,330400,no_news,0.0,Not Recession,no_anomaly,0
2014-10-13,9.869999885559082,10.199999809265137,9.8100004196167,9.890000343322754,8.766061782836914,351800,no_news,0.0,Not Recession,no_anomaly,0
2014-10-10,10.210000038146973,10.220000267028809,9.829999923706056,9.869999885559082,8.748333930969238,617300,no_news,0.0,Not Recession,no_anomaly,0
2014-10-09,10.640000343322754,10.640000343322754,10.15999984741211,10.18000030517578,9.023106575012209,437400,no_news,0.0,Not Recession,no_anomaly,0
2014-10-08,10.260000228881836,10.640000343322754,10.15999984741211,10.619999885559082,9.41310214996338,571400,no_news,0.0,Not Recession,no_anomaly,0
2014-10-07,10.460000038146973,10.699999809265137,10.300000190734863,10.300000190734863,9.12946891784668,825600,no_news,0.0,Not Recession,no_anomaly,0
2014-10-06,10.710000038146973,10.739999771118164,10.489999771118164,10.489999771118164,9.29787540435791,279100,no_news,0.0,Not Recession,no_anomaly,0
2014-10-03,10.800000190734863,10.800000190734863,10.6899995803833,10.6899995803833,9.475146293640137,187900,no_news,0.0,Not Recession,no_anomaly,0
2014-10-02,10.489999771118164,10.739999771118164,10.4399995803833,10.710000038146973,9.492873191833496,256800,no_news,0.0,Not Recession,no_anomaly,0
2014-10-01,10.470000267028809,10.630000114440918,10.369999885559082,10.460000038146973,9.271285057067873,406400,no_news,0.0,Not Recession,no_anomaly,0
2014-09-30,10.609999656677246,10.630000114440918,10.470000267028809,10.510000228881836,9.315603256225586,405200,no_news,0.0,Not Recession,no_anomaly,0
2014-09-29,10.65999984741211,10.729999542236328,10.529999732971191,10.649999618530272,9.439692497253418,323900,no_news,0.0,Not Recession,no_anomaly,0
2014-09-26,10.729999542236328,10.84000015258789,10.6899995803833,10.75,9.528327941894531,307600,no_news,0.0,Not Recession,no_anomaly,0
2014-09-25,10.949999809265137,10.949999809265137,10.670000076293944,10.720000267028809,9.501737594604492,838800,no_news,0.0,Not Recession,no_anomaly,0
2014-09-24,10.890000343322754,11.039999961853027,10.890000343322754,10.9399995803833,9.696734428405762,284900,no_news,0.0,Not Recession,no_anomaly,0
2014-09-23,10.800000190734863,11.039999961853027,10.699999809265137,10.850000381469728,9.616963386535645,388100,no_news,0.0,Not Recession,no_anomaly,0
2014-09-22,10.920000076293944,10.989999771118164,10.779999732971191,10.829999923706056,9.59924030303955,527600,no_news,0.0,Not Recession,no_anomaly,0
2014-09-19,11.079999923706056,11.3100004196167,10.979999542236328,11.010000228881836,9.758779525756836,1079900,no_news,0.0,Not Recession,no_anomaly,0
2014-09-18,10.90999984741211,11.010000228881836,10.68000030517578,11.0,9.749917030334473,318100,no_news,0.0,Not Recession,no_anomaly,0
2014-09-17,10.68000030517578,10.869999885559082,10.68000030517578,10.829999923706056,9.59924030303955,233800,no_news,0.0,Not Recession,no_anomaly,0
2014-09-16,10.609999656677246,10.729999542236328,10.5,10.710000038146973,9.492873191833496,168300,no_news,0.0,Not Recession,no_anomaly,0
2014-09-15,10.850000381469728,10.850000381469728,10.640000343322754,10.670000076293944,9.457420349121094,204600,no_news,0.0,Not Recession,no_anomaly,0
2014-09-12,11.210000038146973,11.210000038146973,10.789999961853027,10.859999656677246,9.625828742980955,277300,no_news,0.0,Not Recession,no_anomaly,0
2014-09-11,11.029999732971191,11.210000038146973,10.960000038146973,11.18000030517578,9.90946102142334,466200,no_news,0.0,Not Recession,no_anomaly,0
2014-09-10,11.029999732971191,11.149999618530272,10.989999771118164,11.119999885559082,9.856277465820312,338800,no_news,0.0,Not Recession,no_anomaly,0
2014-09-09,11.260000228881836,11.260000228881836,11.020000457763672,11.039999961853027,9.785371780395508,314400,no_news,0.0,Not Recession,no_anomaly,0
2014-09-08,11.25,11.350000381469728,11.170000076293944,11.25,9.971506118774414,507000,no_news,0.0,Not Recession,no_anomaly,0
2014-09-05,11.25,11.380000114440918,11.1899995803833,11.279999732971191,9.998093605041504,179600,no_news,0.0,Not Recession,no_anomaly,0
2014-09-04,11.359999656677246,11.529999732971191,11.260000228881836,11.31999969482422,10.033550262451172,201200,no_news,0.0,Not Recession,no_anomaly,0
2014-09-03,11.470000267028809,11.5,11.220000267028809,11.34000015258789,10.051277160644531,421800,no_news,0.0,Not Recession,no_anomaly,0
2014-09-02,11.399999618530272,11.529999732971191,11.359999656677246,11.489999771118164,10.09559440612793,185600,no_news,0.0,Not Recession,no_anomaly,0
2014-08-29,11.270000457763672,11.350000381469728,11.1899995803833,11.34000015258789,9.963800430297852,163100,no_news,0.0,Not Recession,no_anomaly,0
2014-08-28,11.130000114440918,11.31999969482422,11.0600004196167,11.25,9.884720802307127,177300,no_news,0.0,Not Recession,no_anomaly,0
2014-08-27,11.18000030517578,11.350000381469728,11.100000381469728,11.149999618530272,9.79685401916504,166900,no_news,0.0,Not Recession,no_anomaly,0
2014-08-26,11.039999961853027,11.210000038146973,11.020000457763672,11.170000076293944,9.814430236816406,260400,no_news,0.0,Not Recession,no_anomaly,0
2014-08-25,11.1899995803833,11.199999809265137,11.039999961853027,11.050000190734863,9.708992004394531,201500,no_news,0.0,Not Recession,no_anomaly,0
2014-08-22,11.020000457763672,11.199999809265137,10.989999771118164,11.149999618530272,9.79685401916504,267900,no_news,0.0,Not Recession,no_anomaly,0
2014-08-21,11.0,11.079999923706056,10.829999923706056,11.06999969482422,9.726567268371582,209400,no_news,0.0,Not Recession,no_anomaly,0
2014-08-20,10.920000076293944,11.0,10.890000343322754,10.960000038146973,9.62991428375244,167200,no_news,0.0,Not Recession,no_anomaly,0
2014-08-19,10.93000030517578,11.0,10.90999984741211,10.979999542236328,9.64748764038086,179700,no_news,0.0,Not Recession,no_anomaly,0
2014-08-18,10.770000457763672,10.93000030517578,10.720000267028809,10.920000076293944,9.594767570495604,203500,no_news,0.0,Not Recession,no_anomaly,0
2014-08-15,10.720000267028809,10.829999923706056,10.56999969482422,10.710000038146973,9.410253524780272,257100,no_news,0.0,Not Recession,no_anomaly,0
2014-08-14,10.59000015258789,10.670000076293944,10.579999923706056,10.609999656677246,9.32239055633545,102200,no_news,0.0,Not Recession,no_anomaly,0
2014-08-13,10.520000457763672,10.6899995803833,10.510000228881836,10.59000015258789,9.304816246032717,123900,no_news,0.0,Not Recession,no_anomaly,0
2014-08-12,10.619999885559082,10.699999809265137,10.4399995803833,10.520000457763672,9.243311882019045,146500,no_news,0.0,Not Recession,no_anomaly,0
2014-08-11,10.479999542236328,10.770000457763672,10.420000076293944,10.68000030517578,9.383896827697754,214900,no_news,0.0,Not Recession,no_anomaly,0
2014-08-08,10.4399995803833,10.489999771118164,10.380000114440918,10.479999542236328,9.20816707611084,181900,no_news,0.0,Not Recession,no_anomaly,0
2014-08-07,10.6899995803833,10.800000190734863,10.4399995803833,10.460000038146973,9.190594673156738,249100,no_news,0.0,Not Recession,no_anomaly,0
2014-08-06,10.399999618530272,10.729999542236328,10.399999618530272,10.6899995803833,9.392680168151855,366000,no_news,0.0,Not Recession,no_anomaly,0
2014-08-05,10.489999771118164,10.579999923706056,10.34000015258789,10.460000038146973,9.190594673156738,257100,no_news,0.0,Not Recession,no_anomaly,0
2014-08-04,10.550000190734863,10.670000076293944,10.399999618530272,10.5600004196167,9.278460502624512,329600,no_news,0.0,Not Recession,no_anomaly,0
2014-08-01,10.40999984741211,10.880000114440918,10.279999732971191,10.539999961853027,9.260886192321776,679100,no_news,0.0,Not Recession,no_anomaly,0
2014-07-31,10.109999656677246,10.239999771118164,10.06999969482422,10.18000030517578,8.944576263427734,339300,no_news,0.0,Not Recession,no_anomaly,0
2014-07-30,10.199999809265137,10.300000190734863,10.140000343322754,10.260000228881836,9.014866828918455,304300,no_news,0.0,Not Recession,no_anomaly,0
2014-07-29,10.09000015258789,10.170000076293944,10.050000190734863,10.140000343322754,8.909428596496582,351800,no_news,0.0,Not Recession,no_anomaly,0
2014-07-28,10.029999732971191,10.100000381469728,9.859999656677246,10.050000190734863,8.830350875854492,277000,no_news,0.0,Not Recession,no_anomaly,0
2014-07-25,10.15999984741211,10.220000267028809,9.920000076293944,10.06999969482422,8.847925186157227,396200,no_news,0.0,Not Recession,no_anomaly,0
2014-07-24,10.25,10.359999656677246,10.210000038146973,10.270000457763672,9.02365016937256,442900,no_news,0.0,Not Recession,no_anomaly,0
2014-07-23,10.369999885559082,10.399999618530272,10.229999542236328,10.239999771118164,8.997289657592773,275700,no_news,0.0,Not Recession,no_anomaly,0
2014-07-22,10.359999656677246,10.399999618530272,10.289999961853027,10.380000114440918,9.120302200317385,141700,no_news,0.0,Not Recession,no_anomaly,0
2014-07-21,10.229999542236328,10.380000114440918,10.229999542236328,10.300000190734863,9.050013542175291,350800,no_news,0.0,Not Recession,no_anomaly,0
2014-07-18,10.140000343322754,10.359999656677246,10.140000343322754,10.34000015258789,9.085159301757812,282700,no_news,0.0,Not Recession,no_anomaly,0
2014-07-17,10.170000076293944,10.260000228881836,10.130000114440918,10.170000076293944,8.935789108276367,256200,no_news,0.0,Not Recession,no_anomaly,0
2014-07-16,10.359999656677246,10.460000038146973,10.1899995803833,10.270000457763672,9.02365016937256,220300,no_news,0.0,Not Recession,no_anomaly,0
2014-07-15,10.460000038146973,10.470000267028809,10.229999542236328,10.300000190734863,9.050013542175291,198600,no_news,0.0,Not Recession,no_anomaly,0
2014-07-14,10.550000190734863,10.619999885559082,10.399999618530272,10.449999809265137,9.181808471679688,247100,no_news,0.0,Not Recession,no_anomaly,0
2014-07-11,10.520000457763672,10.550000190734863,10.40999984741211,10.43000030517578,9.164234161376951,234800,no_news,0.0,Not Recession,no_anomaly,0
2014-07-10,10.4399995803833,10.640000343322754,10.390000343322754,10.520000457763672,9.243311882019045,291400,no_news,0.0,Not Recession,no_anomaly,0
2014-07-09,10.699999809265137,10.779999732971191,10.59000015258789,10.649999618530272,9.357535362243652,382400,no_news,0.0,Not Recession,no_anomaly,0
2014-07-08,10.68000030517578,10.760000228881836,10.479999542236328,10.65999984741211,9.36632251739502,404300,no_news,0.0,Not Recession,no_anomaly,0
2014-07-07,10.859999656677246,10.979999542236328,10.640000343322754,10.710000038146973,9.410253524780272,516900,no_news,0.0,Not Recession,no_anomaly,0
2014-07-03,10.9399995803833,11.0,10.890000343322754,10.960000038146973,9.62991428375244,112300,no_news,0.0,Not Recession,no_anomaly,0
2014-07-02,11.010000228881836,11.100000381469728,10.859999656677246,10.869999885559082,9.550838470458984,431400,no_news,0.0,Not Recession,no_anomaly,0
2014-07-01,10.800000190734863,11.15999984741211,10.800000190734863,11.020000457763672,9.682634353637695,568700,no_news,0.0,Not Recession,no_anomaly,0
2014-06-30,10.470000267028809,10.779999732971191,10.25,10.770000457763672,9.462972640991213,769200,no_news,0.0,Not Recession,no_anomaly,0
2014-06-27,10.300000190734863,10.460000038146973,10.289999961853027,10.329999923706056,9.076372146606444,1172300,no_news,0.0,Not Recession,no_anomaly,0
2014-06-26,9.920000076293944,9.9399995803833,9.729999542236328,9.920000076293944,8.7161283493042,197300,no_news,0.0,Not Recession,no_anomaly,0
2014-06-25,9.720000267028809,9.970000267028809,9.65999984741211,9.9399995803833,8.733698844909668,363200,no_news,0.0,Not Recession,no_anomaly,0
2014-06-24,9.829999923706056,9.920000076293944,9.739999771118164,9.800000190734863,8.61069107055664,443300,no_news,0.0,Not Recession,no_anomaly,0
2014-06-23,9.9399995803833,9.970000267028809,9.81999969482422,9.880000114440918,8.680981636047363,338500,no_news,0.0,Not Recession,no_anomaly,0
2014-06-20,9.960000038146973,9.989999771118164,9.84000015258789,9.9399995803833,8.733698844909668,693700,no_news,0.0,Not Recession,no_anomaly,0
2014-06-19,9.93000030517578,9.989999771118164,9.859999656677246,9.890000343322754,8.68976879119873,429200,no_news,0.0,Not Recession,no_anomaly,0
2014-06-18,9.899999618530272,9.970000267028809,9.770000457763672,9.859999656677246,8.663409233093262,221000,no_news,0.0,Not Recession,no_anomaly,0
2014-06-17,9.720000267028809,9.960000038146973,9.720000267028809,9.920000076293944,8.7161283493042,507700,no_news,0.0,Not Recession,no_anomaly,0
2014-06-16,9.710000038146973,9.869999885559082,9.6899995803833,9.770000457763672,8.584332466125488,371500,no_news,0.0,Not Recession,no_anomaly,0
2014-06-13,9.59000015258789,9.8100004196167,9.520000457763672,9.760000228881836,8.575545310974121,509400,no_news,0.0,Not Recession,no_anomaly,0
2014-06-12,9.68000030517578,9.720000267028809,9.460000038146973,9.539999961853027,8.382245063781738,169600,no_news,0.0,Not Recession,no_anomaly,0
2014-06-11,9.649999618530272,9.710000038146973,9.600000381469728,9.670000076293944,8.496467590332031,355900,no_news,0.0,Not Recession,no_anomaly,0
2014-06-10,9.630000114440918,9.710000038146973,9.59000015258789,9.670000076293944,8.496467590332031,485400,no_news,0.0,Not Recession,no_anomaly,0
2014-06-09,9.529999732971191,9.720000267028809,9.529999732971191,9.649999618530272,8.478894233703613,351300,no_news,0.0,Not Recession,no_anomaly,0
2014-06-06,9.529999732971191,9.640000343322754,9.460000038146973,9.520000457763672,8.364670753479004,338900,no_news,0.0,Not Recession,no_anomaly,0
2014-06-05,9.390000343322754,9.579999923706056,9.279999732971191,9.449999809265137,8.3031644821167,400100,no_news,0.0,Not Recession,no_anomaly,0
2014-06-04,9.210000038146973,9.40999984741211,9.18000030517578,9.390000343322754,8.250445365905762,195500,no_news,0.0,Not Recession,no_anomaly,0
2014-06-03,9.390000343322754,9.470000267028809,9.210000038146973,9.329999923706056,8.127439498901367,458500,no_news,0.0,Not Recession,no_anomaly,0
2014-06-02,9.710000038146973,9.720000267028809,9.399999618530272,9.399999618530272,8.188417434692383,285100,no_news,0.0,Not Recession,no_anomaly,0
2014-05-30,9.75,9.800000190734863,9.65999984741211,9.710000038146973,8.458459854125977,335400,no_news,0.0,Not Recession,no_anomaly,0
2014-05-29,9.800000190734863,9.800000190734863,9.649999618530272,9.710000038146973,8.458459854125977,584200,no_news,0.0,Not Recession,no_anomaly,0
2014-05-28,9.760000228881836,9.770000457763672,9.65999984741211,9.720000267028809,8.467170715332031,440000,no_news,0.0,Not Recession,no_anomaly,0
2014-05-27,9.949999809265137,10.0,9.329999923706056,9.8100004196167,8.545570373535156,733900,no_news,0.0,Not Recession,no_anomaly,0
2014-05-23,9.31999969482422,9.40999984741211,9.18000030517578,9.390000343322754,8.179702758789062,248300,no_news,0.0,Not Recession,no_anomaly,0
2014-05-22,9.199999809265137,9.449999809265137,9.199999809265137,9.300000190734863,8.101304054260254,580000,no_news,0.0,Not Recession,no_anomaly,0
2014-05-21,9.15999984741211,9.270000457763672,9.029999732971191,9.220000267028809,8.0316162109375,269400,no_news,0.0,Not Recession,no_anomaly,0
2014-05-20,9.34000015258789,9.34000015258789,9.0,9.09000015258789,7.918373584747314,422100,no_news,0.0,Not Recession,no_anomaly,0
2014-05-19,9.170000076293944,9.449999809265137,9.09000015258789,9.34000015258789,8.136149406433105,549500,no_news,0.0,Not Recession,no_anomaly,0
2014-05-16,9.220000267028809,9.350000381469728,9.09000015258789,9.239999771118164,8.049036026000977,347700,no_news,0.0,Not Recession,no_anomaly,0
2014-05-15,9.31999969482422,9.369999885559082,9.140000343322754,9.210000038146973,8.022902488708496,617300,no_news,0.0,Not Recession,no_anomaly,0
2014-05-14,9.6899995803833,9.710000038146973,9.34000015258789,9.359999656677246,8.153569221496582,344600,no_news,0.0,Not Recession,no_anomaly,0
2014-05-13,9.979999542236328,10.0600004196167,9.75,9.75,8.49329948425293,387200,no_news,0.0,Not Recession,no_anomaly,0
2014-05-12,9.970000267028809,10.420000076293944,9.859999656677246,10.0,8.711078643798828,931900,no_news,0.0,Not Recession,no_anomaly,0
2014-05-09,8.760000228881836,10.140000343322754,8.75,9.920000076293944,8.64139175415039,897200,no_news,0.0,Not Recession,no_anomaly,0
2014-05-08,9.800000190734863,9.880000114440918,9.579999923706056,9.65999984741211,8.414904594421387,356000,no_news,0.0,Not Recession,no_anomaly,0
2014-05-07,9.869999885559082,9.890000343322754,9.609999656677246,9.8100004196167,8.545570373535156,315200,no_news,0.0,Not Recession,no_anomaly,0
2014-05-06,10.15999984741211,10.170000076293944,9.829999923706056,9.84000015258789,8.571703910827637,483800,no_news,0.0,Not Recession,no_anomaly,0
2014-05-05,10.09000015258789,10.239999771118164,9.989999771118164,10.220000267028809,8.90272331237793,363900,no_news,0.0,Not Recession,no_anomaly,0
2014-05-02,10.25,10.34000015258789,10.109999656677246,10.170000076293944,8.859169006347656,200800,no_news,0.0,Not Recession,no_anomaly,0
2014-05-01,10.210000038146973,10.40999984741211,10.029999732971191,10.260000228881836,8.937568664550781,463100,no_news,0.0,Not Recession,no_anomaly,0
2014-04-30,10.079999923706056,10.229999542236328,9.9399995803833,10.229999542236328,8.911434173583984,416100,no_news,0.0,Not Recession,no_anomaly,0
2014-04-29,10.5,10.539999961853027,10.09000015258789,10.109999656677246,8.806900978088379,388800,no_news,0.0,Not Recession,no_anomaly,0
2014-04-28,10.710000038146973,10.779999732971191,10.260000228881836,10.43000030517578,9.085654258728027,333700,no_news,0.0,Not Recession,no_anomaly,0
2014-04-25,10.9399995803833,10.960000038146973,10.56999969482422,10.670000076293944,9.294723510742188,318400,no_news,0.0,Not Recession,no_anomaly,0
2014-04-24,11.109999656677246,11.149999618530272,10.899999618530272,11.020000457763672,9.599611282348633,321800,no_news,0.0,Not Recession,no_anomaly,0
2014-04-23,11.199999809265137,11.279999732971191,11.0,11.010000228881836,9.590899467468262,260600,no_news,0.0,Not Recession,no_anomaly,0
2014-04-22,10.81999969482422,11.270000457763672,10.81999969482422,11.260000228881836,9.808675765991213,284400,no_news,0.0,Not Recession,no_anomaly,0
2014-04-21,10.869999885559082,10.9399995803833,10.760000228881836,10.81999969482422,9.42538833618164,161400,no_news,0.0,Not Recession,no_anomaly,0
2014-04-17,10.739999771118164,10.9399995803833,10.699999809265137,10.859999656677246,9.460232734680176,146800,no_news,0.0,Not Recession,no_anomaly,0
2014-04-16,10.800000190734863,10.81999969482422,10.579999923706056,10.739999771118164,9.355697631835938,317200,no_news,0.0,Not Recession,no_anomaly,0
2014-04-15,10.670000076293944,10.84000015258789,10.399999618530272,10.770000457763672,9.38183307647705,403900,no_news,0.0,Not Recession,no_anomaly,0
2014-04-14,10.8100004196167,10.859999656677246,10.619999885559082,10.65999984741211,9.2860107421875,391800,no_news,0.0,Not Recession,no_anomaly,0
2014-04-11,10.75,10.970000267028809,10.6899995803833,10.739999771118164,9.355697631835938,468400,no_news,0.0,Not Recession,no_anomaly,0
2014-04-10,11.119999885559082,11.270000457763672,10.800000190734863,10.859999656677246,9.460232734680176,406900,no_news,0.0,Not Recession,no_anomaly,0
2014-04-09,10.899999618530272,11.289999961853027,10.899999618530272,11.15999984741211,9.721565246582031,382900,no_news,0.0,Not Recession,no_anomaly,0
2014-04-08,10.829999923706056,11.0600004196167,10.779999732971191,10.81999969482422,9.42538833618164,410500,no_news,0.0,Not Recession,no_anomaly,0
2014-04-07,10.93000030517578,11.0,10.710000038146973,10.850000381469728,9.45152187347412,249500,no_news,0.0,Not Recession,no_anomaly,0
2014-04-04,11.420000076293944,11.5,10.850000381469728,10.960000038146973,9.547344207763672,320600,no_news,0.0,Not Recession,no_anomaly,0
2014-04-03,11.239999771118164,11.470000267028809,11.210000038146973,11.31999969482422,9.860943794250488,275000,no_news,0.0,Not Recession,no_anomaly,0
2014-04-02,11.100000381469728,11.260000228881836,11.020000457763672,11.239999771118164,9.791254043579102,185500,no_news,0.0,Not Recession,no_anomaly,0
2014-04-01,10.960000038146973,11.119999885559082,10.850000381469728,11.109999656677246,9.67800998687744,244100,no_news,0.0,Not Recession,no_anomaly,0
2014-03-31,10.710000038146973,11.0,10.710000038146973,10.93000030517578,9.521210670471191,288500,no_news,0.0,Not Recession,no_anomaly,0
2014-03-28,10.670000076293944,10.920000076293944,10.56999969482422,10.670000076293944,9.294723510742188,249500,no_news,0.0,Not Recession,no_anomaly,0
2014-03-27,10.81999969482422,10.9399995803833,10.630000114440918,10.65999984741211,9.2860107421875,241500,no_news,0.0,Not Recession,no_anomaly,0
2014-03-26,11.359999656677246,11.43000030517578,10.850000381469728,10.850000381469728,9.45152187347412,358400,no_news,0.0,Not Recession,no_anomaly,0
2014-03-25,11.420000076293944,11.630000114440918,11.210000038146973,11.289999961853027,9.834809303283691,282500,no_news,0.0,Not Recession,no_anomaly,0
2014-03-24,11.5,11.640000343322754,11.329999923706056,11.380000114440918,9.913208961486816,429000,no_news,0.0,Not Recession,no_anomaly,0
2014-03-21,11.4399995803833,11.609999656677246,11.300000190734863,11.4399995803833,9.965473175048828,700200,no_news,0.0,Not Recession,no_anomaly,0
2014-03-20,11.300000190734863,11.380000114440918,11.220000267028809,11.350000381469728,9.887076377868652,348200,no_news,0.0,Not Recession,no_anomaly,0
2014-03-19,11.3100004196167,11.34000015258789,11.18000030517578,11.300000190734863,9.84351921081543,246500,no_news,0.0,Not Recession,no_anomaly,0
2014-03-18,10.899999618530272,11.350000381469728,10.899999618530272,11.350000381469728,9.887076377868652,632300,no_news,0.0,Not Recession,no_anomaly,0
2014-03-17,10.829999923706056,10.960000038146973,10.729999542236328,10.829999923706056,9.434101104736328,251400,no_news,0.0,Not Recession,no_anomaly,0
2014-03-14,10.720000267028809,10.899999618530272,10.699999809265137,10.710000038146973,9.32956600189209,178300,no_news,0.0,Not Recession,no_anomaly,0
2014-03-13,11.0600004196167,11.130000114440918,10.739999771118164,10.779999732971191,9.390543937683104,358100,no_news,0.0,Not Recession,no_anomaly,0
2014-03-12,10.93000030517578,11.079999923706056,10.899999618530272,11.039999961853027,9.617032051086426,345100,no_news,0.0,Not Recession,no_anomaly,0
2014-03-11,10.960000038146973,11.0,10.779999732971191,10.960000038146973,9.547344207763672,550900,no_news,0.0,Not Recession,no_anomaly,0
2014-03-10,10.739999771118164,11.0,10.59000015258789,10.920000076293944,9.512497901916504,819500,no_news,0.0,Not Recession,no_anomaly,0
2014-03-07,10.81999969482422,10.850000381469728,10.729999542236328,10.800000190734863,9.407964706420898,234100,no_news,0.0,Not Recession,no_anomaly,0
2014-03-06,10.5600004196167,10.850000381469728,10.550000190734863,10.800000190734863,9.407964706420898,298900,no_news,0.0,Not Recession,no_anomaly,0
2014-03-05,10.489999771118164,10.56999969482422,10.460000038146973,10.5600004196167,9.198899269104004,334800,no_news,0.0,Not Recession,no_anomaly,0
2014-03-04,10.34000015258789,10.609999656677246,10.210000038146973,10.56999969482422,9.137922286987305,636100,no_news,0.0,Not Recession,no_anomaly,0
2014-03-03,10.239999771118164,10.329999923706056,10.029999732971191,10.1899995803833,8.809406280517578,171500,no_news,0.0,Not Recession,no_anomaly,0
2014-02-28,10.470000267028809,10.550000190734863,10.3100004196167,10.369999885559082,8.965019226074219,298200,no_news,0.0,Not Recession,no_anomaly,0
2014-02-27,10.380000114440918,10.539999961853027,10.260000228881836,10.470000267028809,9.051471710205078,244200,no_news,0.0,Not Recession,no_anomaly,0
2014-02-26,10.350000381469728,10.539999961853027,10.289999961853027,10.449999809265137,9.03418254852295,437000,no_news,0.0,Not Recession,no_anomaly,0
2014-02-25,10.260000228881836,10.350000381469728,10.15999984741211,10.350000381469728,8.94773006439209,454500,no_news,0.0,Not Recession,no_anomaly,0
2014-02-24,10.279999732971191,10.390000343322754,10.229999542236328,10.279999732971191,8.887210845947266,807200,no_news,0.0,Not Recession,no_anomaly,0
2014-02-21,10.510000228881836,10.529999732971191,10.279999732971191,10.289999961853027,8.895857810974121,332300,no_news,0.0,Not Recession,no_anomaly,0
2014-02-20,10.460000038146973,10.59000015258789,10.300000190734863,10.510000228881836,9.086052894592283,473600,no_news,0.0,Not Recession,no_anomaly,0
2014-02-19,10.510000228881836,10.59000015258789,10.399999618530272,10.449999809265137,9.03418254852295,298900,no_news,0.0,Not Recession,no_anomaly,0
2014-02-18,10.609999656677246,10.649999618530272,10.40999984741211,10.579999923706056,9.146566390991213,415900,no_news,0.0,Not Recession,no_anomaly,0
2014-02-14,10.510000228881836,10.710000038146973,10.449999809265137,10.649999618530272,9.20708465576172,535800,no_news,0.0,Not Recession,no_anomaly,0
2014-02-13,10.029999732971191,10.510000228881836,9.970000267028809,10.510000228881836,9.086052894592283,702900,no_news,0.0,Not Recession,no_anomaly,0
2014-02-12,9.829999923706056,10.079999923706056,9.8100004196167,10.06999969482422,8.70566463470459,651400,no_news,0.0,Not Recession,no_anomaly,0
2014-02-11,9.8100004196167,9.960000038146973,9.65999984741211,9.789999961853027,8.463603019714355,306100,no_news,0.0,Not Recession,no_anomaly,0
2014-02-10,9.739999771118164,9.8100004196167,9.43000030517578,9.800000190734863,8.472246170043945,708100,no_news,0.0,Not Recession,no_anomaly,0
2014-02-07,9.960000038146973,10.18000030517578,9.789999961853027,9.789999961853027,8.463603019714355,576400,no_news,0.0,Not Recession,no_anomaly,0
2014-02-06,9.9399995803833,10.020000457763672,9.779999732971191,9.920000076293944,8.575987815856934,349100,no_news,0.0,Not Recession,no_anomaly,0
2014-02-05,9.9399995803833,10.050000190734863,9.779999732971191,9.920000076293944,8.575987815856934,324600,no_news,0.0,Not Recession,no_anomaly,0
2014-02-04,9.979999542236328,10.109999656677246,9.949999809265137,10.029999732971191,8.671083450317383,373800,no_news,0.0,Not Recession,no_anomaly,0
2014-02-03,10.09000015258789,10.279999732971191,9.920000076293944,9.960000038146973,8.610568046569824,405100,no_news,0.0,Not Recession,no_anomaly,0
2014-01-31,10.020000457763672,10.34000015258789,9.899999618530272,10.149999618530272,8.774828910827637,354300,no_news,0.0,Not Recession,no_anomaly,0
2014-01-30,10.119999885559082,10.300000190734863,10.020000457763672,10.25,8.86127758026123,335400,no_news,0.0,Not Recession,no_anomaly,0
2014-01-29,10.050000190734863,10.109999656677246,9.93000030517578,10.010000228881836,8.65379524230957,343500,no_news,0.0,Not Recession,no_anomaly,0
2014-01-28,10.229999542236328,10.40999984741211,10.079999923706056,10.100000381469728,8.731602668762207,298400,no_news,0.0,Not Recession,no_anomaly,0
2014-01-27,10.350000381469728,10.399999618530272,10.140000343322754,10.25,8.86127758026123,366500,no_news,0.0,Not Recession,no_anomaly,0
2014-01-24,10.539999961853027,10.640000343322754,10.25,10.34000015258789,8.939085006713867,271800,no_news,0.0,Not Recession,no_anomaly,0
2014-01-23,10.5600004196167,10.649999618530272,10.5,10.649999618530272,9.20708465576172,220200,no_news,0.0,Not Recession,no_anomaly,0
2014-01-22,10.5600004196167,10.6899995803833,10.5600004196167,10.630000114440918,9.18979263305664,185600,no_news,0.0,Not Recession,no_anomaly,0
2014-01-21,10.56999969482422,10.630000114440918,10.449999809265137,10.520000457763672,9.094696998596191,274800,no_news,0.0,Not Recession,no_anomaly,0
2014-01-17,10.510000228881836,10.600000381469728,10.40999984741211,10.449999809265137,9.03418254852295,195200,no_news,0.0,Not Recession,no_anomaly,0
2014-01-16,10.640000343322754,10.720000267028809,10.43000030517578,10.579999923706056,9.146566390991213,270200,no_news,0.0,Not Recession,no_anomaly,0
2014-01-15,10.550000190734863,10.800000190734863,10.489999771118164,10.710000038146973,9.258954048156738,441000,no_news,0.0,Not Recession,no_anomaly,0
2014-01-14,10.149999618530272,10.56999969482422,10.0,10.539999961853027,9.111987113952637,428200,no_news,0.0,Not Recession,no_anomaly,0
2014-01-13,10.279999732971191,10.31999969482422,10.0,10.079999923706056,8.714311599731445,163900,no_news,0.0,Not Recession,no_anomaly,0
2014-01-10,10.25,10.34000015258789,10.1899995803833,10.3100004196167,8.913150787353516,196800,no_news,0.0,Not Recession,no_anomaly,0
2014-01-09,10.31999969482422,10.479999542236328,10.18000030517578,10.279999732971191,8.887210845947266,316300,no_news,0.0,Not Recession,no_anomaly,0
2014-01-08,10.600000381469728,10.630000114440918,10.239999771118164,10.260000228881836,8.86992359161377,765600,no_news,0.0,Not Recession,no_anomaly,0
2014-01-07,10.510000228881836,10.600000381469728,10.479999542236328,10.579999923706056,9.146566390991213,223200,no_news,0.0,Not Recession,no_anomaly,0
2014-01-06,10.539999961853027,10.539999961853027,10.399999618530272,10.5,9.077409744262695,330900,no_news,0.0,Not Recession,no_anomaly,0
2014-01-03,10.420000076293944,10.529999732971191,10.359999656677246,10.520000457763672,9.094696998596191,287100,no_news,0.0,Not Recession,no_anomaly,0
2014-01-02,10.479999542236328,10.489999771118164,10.300000190734863,10.420000076293944,9.008244514465332,187200,no_news,0.0,Not Recession,no_anomaly,0
2013-12-31,10.460000038146973,10.520000457763672,10.4399995803833,10.489999771118164,9.06876277923584,202800,no_news,0.0,Not Recession,no_anomaly,0
2013-12-30,10.550000190734863,10.579999923706056,10.4399995803833,10.470000267028809,9.051471710205078,145000,no_news,0.0,Not Recession,no_anomaly,0
2013-12-27,10.56999969482422,10.56999969482422,10.4399995803833,10.520000457763672,9.094696998596191,103600,no_news,0.0,Not Recession,no_anomaly,0
2013-12-26,10.65999984741211,10.670000076293944,10.470000267028809,10.520000457763672,9.094696998596191,129700,no_news,0.0,Not Recession,no_anomaly,0
2013-12-24,10.619999885559082,10.6899995803833,10.579999923706056,10.579999923706056,9.146566390991213,107500,no_news,0.0,Not Recession,no_anomaly,0
2013-12-23,10.399999618530272,10.649999618530272,10.399999618530272,10.56999969482422,9.137922286987305,317300,no_news,0.0,Not Recession,no_anomaly,0
2013-12-20,10.239999771118164,10.489999771118164,10.239999771118164,10.369999885559082,8.965019226074219,732600,no_news,0.0,Not Recession,no_anomaly,0
2013-12-19,10.380000114440918,10.399999618530272,10.25,10.25,8.86127758026123,196100,no_news,0.0,Not Recession,no_anomaly,0
2013-12-18,10.34000015258789,10.420000076293944,10.15999984741211,10.380000114440918,8.973665237426758,231100,no_news,0.0,Not Recession,no_anomaly,0
2013-12-17,10.109999656677246,10.329999923706056,10.010000228881836,10.289999961853027,8.895857810974121,194600,no_news,0.0,Not Recession,no_anomaly,0
2013-12-16,10.050000190734863,10.270000457763672,9.90999984741211,10.079999923706056,8.714311599731445,334200,no_news,0.0,Not Recession,no_anomaly,0
2013-12-13,10.0600004196167,10.109999656677246,9.890000343322754,9.970000267028809,8.61921501159668,303500,no_news,0.0,Not Recession,no_anomaly,0
2013-12-12,10.140000343322754,10.15999984741211,10.0,10.010000228881836,8.65379524230957,290400,no_news,0.0,Not Recession,no_anomaly,0
2013-12-11,10.229999542236328,10.260000228881836,10.020000457763672,10.15999984741211,8.78347110748291,381200,no_news,0.0,Not Recession,no_anomaly,0
2013-12-10,10.300000190734863,10.3100004196167,10.050000190734863,10.239999771118164,8.852630615234375,337700,no_news,0.0,Not Recession,no_anomaly,0
2013-12-09,10.34000015258789,10.390000343322754,10.25,10.329999923706056,8.930440902709961,280700,no_news,0.0,Not Recession,no_anomaly,0
2013-12-06,10.34000015258789,10.390000343322754,10.300000190734863,10.34000015258789,8.939085006713867,292900,no_news,0.0,Not Recession,no_anomaly,0
2013-12-05,10.229999542236328,10.300000190734863,10.149999618530272,10.199999809265137,8.818052291870117,308000,no_news,0.0,Not Recession,no_anomaly,0
2013-12-04,10.390000343322754,10.510000228881836,10.149999618530272,10.229999542236328,8.843988418579102,164400,no_news,0.0,Not Recession,no_anomaly,0
2013-12-03,10.31999969482422,10.529999732971191,10.300000190734863,10.489999771118164,8.999602317810059,425400,no_news,0.0,Not Recession,no_anomaly,0
2013-12-02,10.59000015258789,10.710000038146973,10.279999732971191,10.359999656677246,8.888069152832031,373000,no_news,0.0,Not Recession,no_anomaly,0
2013-11-29,10.720000267028809,10.75,10.550000190734863,10.56999969482422,9.068233489990234,161700,no_news,0.0,Not Recession,no_anomaly,0
2013-11-27,10.380000114440918,10.65999984741211,10.260000228881836,10.630000114440918,9.119709968566896,347800,no_news,0.0,Not Recession,no_anomaly,0
2013-11-26,10.31999969482422,10.43000030517578,10.300000190734863,10.329999923706056,8.862332344055176,488200,no_news,0.0,Not Recession,no_anomaly,0
2013-11-25,10.399999618530272,10.460000038146973,10.31999969482422,10.31999969482422,8.853753089904785,364600,no_news,0.0,Not Recession,no_anomaly,0
2013-11-22,10.239999771118164,10.350000381469728,10.15999984741211,10.350000381469728,8.879488945007324,468900,no_news,0.0,Not Recession,no_anomaly,0
2013-11-21,10.09000015258789,10.220000267028809,10.06999969482422,10.18000030517578,8.733644485473633,374900,no_news,0.0,Not Recession,no_anomaly,0
2013-11-20,10.109999656677246,10.229999542236328,10.020000457763672,10.029999732971191,8.60495662689209,310300,no_news,0.0,Not Recession,no_anomaly,0
2013-11-19,10.220000267028809,10.289999961853027,10.020000457763672,10.100000381469728,8.665011405944824,353500,no_news,0.0,Not Recession,no_anomaly,0
2013-11-18,10.210000038146973,10.350000381469728,10.100000381469728,10.1899995803833,8.742222785949707,523200,no_news,0.0,Not Recession,no_anomaly,0
2013-11-15,10.369999885559082,10.40999984741211,10.09000015258789,10.239999771118164,8.785116195678711,638100,no_news,0.0,Not Recession,no_anomaly,0
2013-11-14,10.100000381469728,10.329999923706056,9.670000076293944,10.300000190734863,8.836596488952637,750300,no_news,0.0,Not Recession,no_anomaly,0
2013-11-13,9.699999809265137,9.979999542236328,9.640000343322754,9.949999809265137,8.536322593688965,314500,no_news,0.0,Not Recession,no_anomaly,0
2013-11-12,9.760000228881836,9.869999885559082,9.729999542236328,9.81999969482422,8.424793243408203,221100,no_news,0.0,Not Recession,no_anomaly,0
2013-11-11,9.600000381469728,9.789999961853027,9.550000190734863,9.779999732971191,8.39047622680664,310900,no_news,0.0,Not Recession,no_anomaly,0
2013-11-08,9.470000267028809,9.739999771118164,9.43000030517578,9.65999984741211,8.28752613067627,413700,no_news,0.0,Not Recession,no_anomaly,0
2013-11-07,9.470000267028809,9.539999961853027,9.329999923706056,9.399999618530272,8.064467430114746,264400,no_news,0.0,Not Recession,no_anomaly,0
2013-11-06,9.539999961853027,9.539999961853027,9.34000015258789,9.449999809265137,8.107359886169434,185800,no_news,0.0,Not Recession,no_anomaly,0
2013-11-05,9.470000267028809,9.479999542236328,9.289999961853027,9.449999809265137,8.107359886169434,349100,no_news,0.0,Not Recession,no_anomaly,0
2013-11-04,9.5,9.5600004196167,9.460000038146973,9.550000190734863,8.193153381347656,241600,no_news,0.0,Not Recession,no_anomaly,0
2013-11-01,9.619999885559082,9.649999618530272,9.40999984741211,9.4399995803833,8.09878158569336,298900,no_news,0.0,Not Recession,no_anomaly,0
2013-10-31,9.6899995803833,9.75,9.630000114440918,9.640000343322754,8.270368576049805,187000,no_news,0.0,Not Recession,no_anomaly,0
2013-10-30,9.880000114440918,9.899999618530272,9.699999809265137,9.710000038146973,8.330421447753906,162400,no_news,0.0,Not Recession,no_anomaly,0
2013-10-29,9.75,9.859999656677246,9.729999542236328,9.84000015258789,8.441953659057617,264800,no_news,0.0,Not Recession,no_anomaly,0
2013-10-28,9.710000038146973,9.8100004196167,9.630000114440918,9.739999771118164,8.356159210205078,238500,no_news,0.0,Not Recession,no_anomaly,0
2013-10-25,9.699999809265137,9.739999771118164,9.609999656677246,9.6899995803833,8.313261985778809,274000,no_news,0.0,Not Recession,no_anomaly,0
2013-10-24,9.520000457763672,9.670000076293944,9.470000267028809,9.630000114440918,8.261785507202148,277100,no_news,0.0,Not Recession,no_anomaly,0
2013-10-23,9.510000228881836,9.5600004196167,9.350000381469728,9.420000076293944,8.081623077392578,259700,no_news,0.0,Not Recession,no_anomaly,0
2013-10-22,9.630000114440918,9.720000267028809,9.539999961853027,9.5600004196167,8.201729774475098,248400,no_news,0.0,Not Recession,no_anomaly,0
2013-10-21,9.550000190734863,9.640000343322754,9.529999732971191,9.539999961853027,8.184576034545898,264300,no_news,0.0,Not Recession,no_anomaly,0
2013-10-18,9.390000343322754,9.539999961853027,9.260000228881836,9.5,8.150259017944336,308000,positive,2.181444367933378,Not Recession,no_anomaly,0
2013-10-17,9.270000457763672,9.350000381469728,9.220000267028809,9.300000190734863,7.978672981262207,211600,positive,2.7637090941184765,Not Recession,no_anomaly,0
2013-10-16,9.350000381469728,9.40999984741211,9.199999809265137,9.279999732971191,7.961516857147217,195400,no_news,0.0,Not Recession,no_anomaly,0
2013-10-15,9.329999923706056,9.420000076293944,9.25,9.270000457763672,7.952937602996826,176500,no_news,0.0,Not Recession,no_anomaly,0
2013-10-14,9.3100004196167,9.43000030517578,9.3100004196167,9.390000343322754,8.055886268615723,208000,negative,-0.5334750505024457,Not Recession,no_anomaly,0
2013-10-11,9.199999809265137,9.369999885559082,9.100000381469728,9.350000381469728,8.02156925201416,207600,no_news,0.0,Not Recession,no_anomaly,0
2013-10-10,9.229999542236328,9.300000190734863,9.210000038146973,9.25,7.935778617858887,119500,no_news,0.0,Not Recession,no_anomaly,0
2013-10-09,9.149999618530272,9.210000038146973,9.010000228881836,9.0600004196167,7.772770881652832,174100,negative,-0.55859689049574,Not Recession,no_anomaly,0
2013-10-08,9.239999771118164,9.239999771118164,9.029999732971191,9.079999923706056,7.789931297302246,206000,no_news,0.0,Not Recession,no_anomaly,0
2013-10-07,9.170000076293944,9.25,9.149999618530272,9.199999809265137,7.892881393432617,180700,no_news,0.0,Not Recession,no_anomaly,0
2013-10-04,9.170000076293944,9.289999961853027,9.15999984741211,9.270000457763672,7.952937602996826,94600,no_news,0.0,Not Recession,no_anomaly,0
2013-10-03,9.229999542236328,9.34000015258789,9.079999923706056,9.1899995803833,7.884303092956543,345200,no_news,0.0,Not Recession,no_anomaly,0
2013-10-02,9.3100004196167,9.359999656677246,9.18000030517578,9.279999732971191,7.961516857147217,134700,no_news,0.0,Not Recession,no_anomaly,0
2013-10-01,9.329999923706056,9.399999618530272,9.270000457763672,9.380000114440918,8.047307968139648,276800,no_news,0.0,Not Recession,no_anomaly,0
2013-09-30,9.130000114440918,9.329999923706056,9.079999923706056,9.3100004196167,7.987254619598389,288500,no_news,0.0,Not Recession,no_anomaly,0
2013-09-27,9.210000038146973,9.300000190734863,9.130000114440918,9.239999771118164,7.927197456359863,172300,no_news,0.0,Not Recession,no_anomaly,0
2013-09-26,9.279999732971191,9.3100004196167,9.220000267028809,9.300000190734863,7.978672981262207,163400,no_news,0.0,Not Recession,no_anomaly,0
2013-09-25,9.239999771118164,9.359999656677246,9.18000030517578,9.270000457763672,7.952937602996826,287700,no_news,0.0,Not Recession,no_anomaly,0
2013-09-24,9.289999961853027,9.369999885559082,9.220000267028809,9.239999771118164,7.927197456359863,273100,no_news,0.0,Not Recession,no_anomaly,0
2013-09-23,9.329999923706056,9.369999885559082,9.140000343322754,9.229999542236328,7.918617725372314,491900,no_news,0.0,Not Recession,no_anomaly,0
2013-09-20,9.390000343322754,9.390000343322754,9.15999984741211,9.279999732971191,7.961516857147217,496200,no_news,0.0,Not Recession,no_anomaly,0
2013-09-19,9.43000030517578,9.470000267028809,9.329999923706056,9.399999618530272,8.064467430114746,76800,no_news,0.0,Not Recession,no_anomaly,0
2013-09-18,9.31999969482422,9.460000038146973,9.199999809265137,9.390000343322754,8.055886268615723,110600,no_news,0.0,Not Recession,no_anomaly,0
2013-09-17,9.300000190734863,9.390000343322754,9.25,9.300000190734863,7.978672981262207,127500,no_news,0.0,Not Recession,no_anomaly,0
2013-09-16,9.489999771118164,9.489999771118164,9.260000228881836,9.300000190734863,7.978672981262207,148900,no_news,0.0,Not Recession,no_anomaly,0
2013-09-13,9.359999656677246,9.489999771118164,9.199999809265137,9.3100004196167,7.987254619598389,81100,no_news,0.0,Not Recession,no_anomaly,0
2013-09-12,9.4399995803833,9.470000267028809,9.270000457763672,9.300000190734863,7.978672981262207,122900,no_news,0.0,Not Recession,no_anomaly,0
2013-09-11,9.359999656677246,9.5,9.34000015258789,9.420000076293944,8.081623077392578,93900,no_news,0.0,Not Recession,no_anomaly,0
2013-09-10,9.300000190734863,9.420000076293944,9.229999542236328,9.359999656677246,8.030145645141602,157400,no_news,0.0,Not Recession,no_anomaly,0
2013-09-09,9.18000030517578,9.260000228881836,9.109999656677246,9.239999771118164,7.927197456359863,164000,no_news,0.0,Not Recession,no_anomaly,0
2013-09-06,9.130000114440918,9.15999984741211,8.890000343322754,9.140000343322754,7.841405391693115,191800,no_news,0.0,Not Recession,no_anomaly,0
2013-09-05,9.010000228881836,9.130000114440918,8.90999984741211,9.050000190734863,7.764193058013916,118000,no_news,0.0,Not Recession,no_anomaly,0
2013-09-04,8.779999732971191,9.029999732971191,8.779999732971191,8.979999542236328,7.704138278961182,284100,no_news,0.0,Not Recession,no_anomaly,0
2013-09-03,8.979999542236328,9.210000038146973,8.739999771118164,8.819999694824219,7.498237609863281,241700,no_news,0.0,Not Recession,no_anomaly,0
2013-08-30,9.039999961853027,9.100000381469728,8.789999961853027,8.800000190734863,7.481234550476074,221100,no_news,0.0,Not Recession,no_anomaly,0
2013-08-29,8.970000267028809,9.149999618530272,8.970000267028809,9.079999923706056,7.719274044036865,112000,no_news,0.0,Not Recession,no_anomaly,0
2013-08-28,9.15999984741211,9.199999809265137,8.930000305175781,8.970000267028809,7.625757217407227,208100,no_news,0.0,Not Recession,no_anomaly,0
2013-08-27,8.989999771118164,9.020000457763672,8.920000076293945,8.970000267028809,7.625757217407227,201600,no_news,0.0,Not Recession,no_anomaly,0
2013-08-26,9.050000190734863,9.149999618530272,9.010000228881836,9.119999885559082,7.753278732299805,94600,no_news,0.0,Not Recession,no_anomaly,0
2013-08-23,9.119999885559082,9.119999885559082,8.989999771118164,9.050000190734863,7.693769454956055,147000,no_news,0.0,Not Recession,no_anomaly,0
2013-08-22,9.0,9.149999618530272,8.979999542236328,9.109999656677246,7.744775772094727,119000,no_news,0.0,Not Recession,no_anomaly,0
2013-08-21,8.960000038146973,9.100000381469728,8.890000343322754,8.970000267028809,7.625757217407227,161000,no_news,0.0,Not Recession,no_anomaly,0
2013-08-20,8.960000038146973,9.100000381469728,8.90999984741211,9.020000457763672,7.668267250061035,144600,no_news,0.0,Not Recession,no_anomaly,0
2013-08-19,8.949999809265137,9.0,8.920000076293945,8.930000305175781,7.591753005981445,193700,no_news,0.0,Not Recession,no_anomaly,0
2013-08-16,8.930000305175781,9.079999923706056,8.930000305175781,8.930000305175781,7.591753005981445,157000,no_news,0.0,Not Recession,no_anomaly,0
2013-08-15,9.210000038146973,9.25,8.949999809265137,8.970000267028809,7.625757217407227,216800,no_news,0.0,Not Recession,no_anomaly,0
2013-08-14,9.329999923706056,9.4399995803833,9.329999923706056,9.34000015258789,7.940311908721924,230000,no_news,0.0,Not Recession,no_anomaly,0
2013-08-13,9.390000343322754,9.399999618530272,9.300000190734863,9.359999656677246,7.957309722900391,195600,no_news,0.0,Not Recession,no_anomaly,0
2013-08-12,9.170000076293944,9.470000267028809,9.15999984741211,9.350000381469728,7.948811054229736,299900,no_news,0.0,Not Recession,no_anomaly,0
2013-08-09,9.579999923706056,9.579999923706056,9.149999618530272,9.31999969482422,7.923307418823242,730600,no_news,0.0,Not Recession,no_anomaly,0
2013-08-08,9.829999923706056,9.899999618530272,9.720000267028809,9.800000190734863,8.331376075744629,244100,no_news,0.0,Not Recession,no_anomaly,0
2013-08-07,9.789999961853027,9.859999656677246,9.68000030517578,9.710000038146973,8.254859924316406,149600,no_news,0.0,Not Recession,no_anomaly,0
2013-08-06,10.050000190734863,10.050000190734863,9.81999969482422,9.850000381469728,8.373883247375488,178300,no_news,0.0,Not Recession,no_anomaly,0
2013-08-05,9.739999771118164,10.050000190734863,9.699999809265137,10.050000190734863,8.54391098022461,308700,no_news,0.0,Not Recession,no_anomaly,0
2013-08-02,9.880000114440918,9.899999618530272,9.68000030517578,9.75,8.288864135742188,326900,no_news,0.0,Not Recession,no_anomaly,0
2013-08-01,9.899999618530272,9.979999542236328,9.779999732971191,9.93000030517578,8.44189167022705,193200,no_news,0.0,Not Recession,no_anomaly,0
2013-07-31,9.890000343322754,9.90999984741211,9.75,9.81999969482422,8.348377227783203,258800,no_news,0.0,Not Recession,no_anomaly,0
2013-07-30,10.039999961853027,10.0600004196167,9.829999923706056,9.869999885559082,8.390881538391113,222100,no_news,0.0,Not Recession,no_anomaly,0
2013-07-29,10.0600004196167,10.229999542236328,9.899999618530272,9.970000267028809,8.475898742675781,235700,no_news,0.0,Not Recession,no_anomaly,0
2013-07-26,10.18000030517578,10.279999732971191,10.09000015258789,10.15999984741211,8.637426376342773,181500,no_news,0.0,Not Recession,no_anomaly,0
2013-07-25,10.18000030517578,10.420000076293944,10.170000076293944,10.3100004196167,8.764947891235352,309100,no_news,0.0,Not Recession,no_anomaly,0
2013-07-24,10.479999542236328,10.479999542236328,10.140000343322754,10.1899995803833,8.66292953491211,260100,no_news,0.0,Not Recession,no_anomaly,0
2013-07-23,10.460000038146973,10.520000457763672,10.369999885559082,10.380000114440918,8.824455261230469,266700,no_news,0.0,Not Recession,no_anomaly,0
2013-07-22,10.359999656677246,10.449999809265137,10.300000190734863,10.380000114440918,8.824455261230469,161900,no_news,0.0,Not Recession,no_anomaly,0
2013-07-19,10.329999923706056,10.399999618530272,10.279999732971191,10.329999923706056,8.781949996948242,254700,no_news,0.0,Not Recession,no_anomaly,0
2013-07-18,10.449999809265137,10.460000038146973,10.3100004196167,10.34000015258789,8.790452003479004,252700,no_news,0.0,Not Recession,no_anomaly,0
2013-07-17,10.479999542236328,10.520000457763672,10.350000381469728,10.380000114440918,8.824455261230469,241800,no_news,0.0,Not Recession,no_anomaly,0
2013-07-16,10.4399995803833,10.479999542236328,10.140000343322754,10.380000114440918,8.824455261230469,277600,no_news,0.0,Not Recession,no_anomaly,0
2013-07-15,10.460000038146973,10.5600004196167,10.34000015258789,10.399999618530272,8.841458320617676,309300,no_news,0.0,Not Recession,no_anomaly,0
2013-07-12,10.3100004196167,10.380000114440918,10.279999732971191,10.359999656677246,8.807453155517578,180300,no_news,0.0,Not Recession,no_anomaly,0
2013-07-11,10.489999771118164,10.529999732971191,10.260000228881836,10.300000190734863,8.756446838378906,352600,no_news,0.0,Not Recession,no_anomaly,0
2013-07-10,10.31999969482422,10.460000038146973,10.220000267028809,10.369999885559082,8.815951347351074,316600,no_news,0.0,Not Recession,no_anomaly,0
2013-07-09,10.140000343322754,10.390000343322754,10.140000343322754,10.300000190734863,8.756446838378906,223700,no_news,0.0,Not Recession,no_anomaly,0
2013-07-08,10.260000228881836,10.31999969482422,10.079999923706056,10.09000015258789,8.57791519165039,160600,no_news,0.0,Not Recession,no_anomaly,0
2013-07-05,10.1899995803833,10.239999771118164,9.960000038146973,10.239999771118164,8.705434799194336,150400,no_news,0.0,Not Recession,no_anomaly,0
2013-07-03,9.800000190734863,9.979999542236328,9.739999771118164,9.93000030517578,8.44189167022705,90800,no_news,0.0,Not Recession,no_anomaly,0
2013-07-02,9.81999969482422,9.989999771118164,9.739999771118164,9.84000015258789,8.36538028717041,130800,no_news,0.0,Not Recession,no_anomaly,0
2013-07-01,9.800000190734863,9.970000267028809,9.800000190734863,9.859999656677246,8.38238525390625,172000,no_news,0.0,Not Recession,no_anomaly,0
2013-06-28,9.699999809265137,9.850000381469728,9.6899995803833,9.729999542236328,8.271867752075195,355200,no_news,0.0,Not Recession,no_anomaly,0
2013-06-27,9.779999732971191,9.869999885559082,9.720000267028809,9.729999542236328,8.271867752075195,250800,no_news,0.0,Not Recession,no_anomaly,0
2013-06-26,9.880000114440918,9.90999984741211,9.720000267028809,9.720000267028809,8.263364791870117,214700,no_news,0.0,Not Recession,no_anomaly,0
2013-06-25,9.800000190734863,9.920000076293944,9.520000457763672,9.829999923706056,8.356876373291016,389100,no_news,0.0,Not Recession,no_anomaly,0
2013-06-24,9.779999732971191,9.880000114440918,9.5600004196167,9.65999984741211,8.212356567382812,373000,no_news,0.0,Not Recession,no_anomaly,0
2013-06-21,9.75,9.90999984741211,9.640000343322754,9.84000015258789,8.36538028717041,557700,no_news,0.0,Not Recession,no_anomaly,0
2013-06-20,9.850000381469728,9.859999656677246,9.68000030517578,9.720000267028809,8.263364791870117,194300,no_news,0.0,Not Recession,no_anomaly,0
2013-06-19,10.399999618530272,10.420000076293944,10.029999732971191,10.039999961853027,8.535407066345215,218800,no_news,0.0,Not Recession,no_anomaly,0
2013-06-18,10.279999732971191,10.4399995803833,10.239999771118164,10.380000114440918,8.824455261230469,166300,no_news,0.0,Not Recession,no_anomaly,0
2013-06-17,10.300000190734863,10.40999984741211,10.130000114440918,10.229999542236328,8.696932792663574,120000,no_news,0.0,Not Recession,no_anomaly,0
2013-06-14,10.31999969482422,10.34000015258789,10.050000190734863,10.140000343322754,8.62042236328125,138500,no_news,0.0,Not Recession,no_anomaly,0
2013-06-13,10.039999961853027,10.34000015258789,9.970000267028809,10.31999969482422,8.773447036743164,108200,no_news,0.0,Not Recession,no_anomaly,0
2013-06-12,10.3100004196167,10.420000076293944,10.0600004196167,10.0600004196167,8.552414894104004,152300,no_news,0.0,Not Recession,no_anomaly,0
2013-06-11,10.300000190734863,10.5600004196167,10.210000038146973,10.210000038146973,8.679931640625,104000,no_news,0.0,Not Recession,no_anomaly,0
2013-06-10,10.479999542236328,10.529999732971191,10.289999961853027,10.470000267028809,8.900969505310059,186800,no_news,0.0,Not Recession,no_anomaly,0
2013-06-07,10.369999885559082,10.4399995803833,10.149999618530272,10.420000076293944,8.858461380004883,143500,no_news,0.0,Not Recession,no_anomaly,0
2013-06-06,10.279999732971191,10.40999984741211,10.0600004196167,10.300000190734863,8.756446838378906,243300,no_news,0.0,Not Recession,no_anomaly,0
2013-06-05,10.479999542236328,10.550000190734863,10.229999542236328,10.260000228881836,8.72243881225586,271800,no_news,0.0,Not Recession,no_anomaly,0
2013-06-04,10.81999969482422,10.90999984741211,10.510000228881836,10.609999656677246,8.95197582244873,540100,no_news,0.0,Not Recession,no_anomaly,0
2013-06-03,10.68000030517578,10.970000267028809,10.65999984741211,10.789999961853027,9.103849411010742,470300,no_news,0.0,Not Recession,no_anomaly,0
2013-05-31,10.75,10.899999618530272,10.630000114440918,10.649999618530272,8.985725402832031,308400,no_news,0.0,Not Recession,no_anomaly,0
2013-05-30,10.649999618530272,10.84000015258789,10.609999656677246,10.84000015258789,9.146035194396973,238500,no_news,0.0,Not Recession,no_anomaly,0
2013-05-29,10.479999542236328,10.65999984741211,10.460000038146973,10.609999656677246,8.95197582244873,202100,no_news,0.0,Not Recession,no_anomaly,0
2013-05-28,10.520000457763672,10.739999771118164,10.369999885559082,10.550000190734863,8.901355743408203,337100,no_news,0.0,Not Recession,no_anomaly,0
2013-05-24,10.260000228881836,10.4399995803833,10.18000030517578,10.359999656677246,8.741044044494629,274900,no_news,0.0,Not Recession,no_anomaly,0
2013-05-23,10.149999618530272,10.3100004196167,10.119999885559082,10.3100004196167,8.698858261108398,252200,no_news,0.0,Not Recession,no_anomaly,0
2013-05-22,10.289999961853027,10.5,10.170000076293944,10.239999771118164,8.639796257019043,469900,no_news,0.0,Not Recession,no_anomaly,0
2013-05-21,10.279999732971191,10.449999809265137,10.210000038146973,10.300000190734863,8.69041919708252,415200,no_news,0.0,Not Recession,no_anomaly,0
2013-05-20,9.9399995803833,10.260000228881836,9.859999656677246,10.25,8.648234367370605,317900,no_news,0.0,Not Recession,no_anomaly,0
2013-05-17,9.869999885559082,9.949999809265137,9.779999732971191,9.949999809265137,8.395113945007324,188500,no_news,0.0,Not Recession,no_anomaly,0
2013-05-16,9.93000030517578,10.039999961853027,9.770000457763672,9.800000190734863,8.268555641174316,251700,no_news,0.0,Not Recession,no_anomaly,0
2013-05-15,9.800000190734863,10.010000228881836,9.739999771118164,9.9399995803833,8.386678695678711,258900,no_news,0.0,Not Recession,no_anomaly,0
2013-05-14,9.890000343322754,9.989999771118164,9.81999969482422,9.890000343322754,8.344494819641113,245000,no_news,0.0,Not Recession,no_anomaly,0
2013-05-13,9.90999984741211,9.989999771118164,9.829999923706056,9.90999984741211,8.361367225646973,270300,no_news,0.0,Not Recession,no_anomaly,0
2013-05-10,9.699999809265137,10.06999969482422,9.6899995803833,10.06999969482422,8.49636173248291,441200,no_news,0.0,Not Recession,no_anomaly,0
2013-05-09,9.779999732971191,9.90999984741211,9.600000381469728,9.68000030517578,8.16730785369873,282400,no_news,0.0,Not Recession,no_anomaly,0
2013-05-08,9.640000343322754,9.8100004196167,9.329999923706056,9.8100004196167,8.276993751525879,252200,no_news,0.0,Not Recession,no_anomaly,0
2013-05-07,9.899999618530272,9.899999618530272,9.619999885559082,9.729999542236328,8.209493637084961,206700,no_news,0.0,Not Recession,no_anomaly,0
2013-05-06,9.739999771118164,9.920000076293944,9.699999809265137,9.850000381469728,8.310742378234863,281700,no_news,0.0,Not Recession,no_anomaly,0
2013-05-03,9.609999656677246,9.84000015258789,9.600000381469728,9.760000228881836,8.234807968139648,340600,no_news,0.0,Not Recession,no_anomaly,0
2013-05-02,9.25,9.510000228881836,9.210000038146973,9.449999809265137,7.973251342773437,223600,no_news,0.0,Not Recession,no_anomaly,0
2013-05-01,9.699999809265137,9.729999542236328,9.1899995803833,9.210000038146973,7.770756721496582,401000,no_news,0.0,Not Recession,no_anomaly,0
2013-04-30,9.609999656677246,9.829999923706056,9.550000190734863,9.720000267028809,8.201058387756348,276400,no_news,0.0,Not Recession,no_anomaly,0
2013-04-29,9.40999984741211,9.65999984741211,9.300000190734863,9.640000343322754,8.13355827331543,174200,no_news,0.0,Not Recession,no_anomaly,0
2013-04-26,9.43000030517578,9.43000030517578,9.239999771118164,9.329999923706056,7.872003555297852,186400,no_news,0.0,Not Recession,no_anomaly,0
2013-04-25,9.359999656677246,9.59000015258789,9.350000381469728,9.43000030517578,7.956375122070312,267600,no_news,0.0,Not Recession,no_anomaly,0
2013-04-24,9.25,9.359999656677246,9.229999542236328,9.300000190734863,7.846691608428955,190500,no_news,0.0,Not Recession,no_anomaly,0
2013-04-23,9.130000114440918,9.329999923706056,9.09000015258789,9.260000228881836,7.812943458557129,371400,no_news,0.0,Not Recession,no_anomaly,0
2013-04-22,9.029999732971191,9.0600004196167,8.779999732971191,9.010000228881836,7.602010250091553,265300,no_news,0.0,Not Recession,no_anomaly,0
2013-04-19,8.890000343322754,9.0600004196167,8.819999694824219,9.0,7.593571186065674,302300,no_news,0.0,Not Recession,no_anomaly,0
2013-04-18,9.130000114440918,9.25,8.850000381469727,8.899999618530273,7.509197235107422,360300,no_news,0.0,Not Recession,no_anomaly,0
2013-04-17,9.300000190734863,9.31999969482422,9.039999961853027,9.079999923706056,7.661069393157959,409000,no_news,0.0,Not Recession,no_anomaly,0
2013-04-16,9.220000267028809,9.399999618530272,9.15999984741211,9.380000114440918,7.914186954498291,272200,no_news,0.0,Not Recession,no_anomaly,0
2013-04-15,9.510000228881836,9.670000076293944,9.119999885559082,9.15999984741211,7.7285661697387695,295300,no_news,0.0,Not Recession,no_anomaly,0
2013-04-12,9.84000015258789,9.859999656677246,9.609999656677246,9.649999618530272,8.141998291015625,186200,no_news,0.0,Not Recession,no_anomaly,0
2013-04-11,9.899999618530272,10.100000381469728,9.81999969482422,9.84000015258789,8.302303314208984,200500,no_news,0.0,Not Recession,no_anomaly,0
2013-04-10,9.649999618530272,9.93000030517578,9.630000114440918,9.920000076293944,8.369803428649902,159200,no_news,0.0,Not Recession,no_anomaly,0
2013-04-09,9.6899995803833,9.729999542236328,9.550000190734863,9.579999923706056,8.08293628692627,110900,no_news,0.0,Not Recession,no_anomaly,0
2013-04-08,9.539999961853027,9.649999618530272,9.25,9.649999618530272,8.141998291015625,161800,no_news,0.0,Not Recession,no_anomaly,0
2013-04-05,9.489999771118164,9.640000343322754,9.43000030517578,9.489999771118164,8.007000923156738,249200,no_news,0.0,Not Recession,no_anomaly,0
2013-04-04,9.460000038146973,9.699999809265137,9.449999809265137,9.699999809265137,8.184184074401855,126500,no_news,0.0,Not Recession,no_anomaly,0
2013-04-03,9.8100004196167,9.8100004196167,9.420000076293944,9.460000038146973,7.981688022613525,276100,no_news,0.0,Not Recession,no_anomaly,0
2013-04-02,10.09000015258789,10.140000343322754,9.6899995803833,9.760000228881836,8.234807968139648,422400,no_news,0.0,Not Recession,no_anomaly,0
2013-04-01,10.149999618530272,10.170000076293944,9.960000038146973,10.010000228881836,8.445740699768066,327100,no_news,0.0,Not Recession,no_anomaly,0
2013-03-28,10.210000038146973,10.239999771118164,10.109999656677246,10.18000030517578,8.58917236328125,235200,no_news,0.0,Not Recession,no_anomaly,0
2013-03-27,10.119999885559082,10.149999618530272,9.979999542236328,10.149999618530272,8.563861846923828,235500,no_news,0.0,Not Recession,no_anomaly,0
2013-03-26,10.18000030517578,10.239999771118164,10.06999969482422,10.239999771118164,8.639796257019043,157800,no_news,0.0,Not Recession,no_anomaly,0
2013-03-25,10.0,10.1899995803833,10.0,10.09000015258789,8.513236999511719,221700,no_news,0.0,Not Recession,no_anomaly,0
2013-03-22,9.979999542236328,9.989999771118164,9.859999656677246,9.9399995803833,8.386678695678711,331400,no_news,0.0,Not Recession,no_anomaly,0
2013-03-21,9.869999885559082,10.039999961853027,9.869999885559082,9.90999984741211,8.361367225646973,167400,no_news,0.0,Not Recession,no_anomaly,0
2013-03-20,10.0,10.020000457763672,9.789999961853027,10.0,8.437301635742188,201300,no_news,0.0,Not Recession,no_anomaly,0
2013-03-19,9.84000015258789,9.949999809265137,9.770000457763672,9.9399995803833,8.386678695678711,217700,no_news,0.0,Not Recession,no_anomaly,0
2013-03-18,9.850000381469728,9.9399995803833,9.420000076293944,9.8100004196167,8.276993751525879,197800,no_news,0.0,Not Recession,no_anomaly,0
2013-03-15,10.300000190734863,10.300000190734863,9.90999984741211,9.989999771118164,8.428864479064941,633200,no_news,0.0,Not Recession,no_anomaly,0
2013-03-14,10.140000343322754,10.300000190734863,10.140000343322754,10.289999961853027,8.681983947753906,279100,no_news,0.0,Not Recession,no_anomaly,0
2013-03-13,10.029999732971191,10.18000030517578,9.890000343322754,10.140000343322754,8.555424690246582,151200,no_news,0.0,Not Recession,no_anomaly,0
2013-03-12,10.109999656677246,10.170000076293944,9.949999809265137,10.050000190734863,8.479487419128418,181300,no_news,0.0,Not Recession,no_anomaly,0
2013-03-11,10.140000343322754,10.199999809265137,10.050000190734863,10.149999618530272,8.563861846923828,146000,no_news,0.0,Not Recession,no_anomaly,0
2013-03-08,10.100000381469728,10.18000030517578,10.06999969482422,10.149999618530272,8.563861846923828,208900,no_news,0.0,Not Recession,no_anomaly,0
2013-03-07,10.029999732971191,10.079999923706056,9.9399995803833,10.029999732971191,8.462615013122559,295100,no_news,0.0,Not Recession,no_anomaly,0
2013-03-06,10.149999618530272,10.15999984741211,9.979999542236328,10.050000190734863,8.479487419128418,273100,no_news,0.0,Not Recession,no_anomaly,0
2013-03-05,10.119999885559082,10.369999885559082,10.109999656677246,10.170000076293944,8.513236999511719,233200,no_news,0.0,Not Recession,no_anomaly,0
2013-03-04,10.020000457763672,10.09000015258789,9.880000114440918,10.020000457763672,8.387674331665039,255300,no_news,0.0,Not Recession,no_anomaly,0
2013-03-01,10.010000228881836,10.15999984741211,9.970000267028809,10.079999923706056,8.437899589538574,293500,no_news,0.0,Not Recession,no_anomaly,0
2013-02-28,9.989999771118164,10.199999809265137,9.989999771118164,10.109999656677246,8.4630126953125,441200,no_news,0.0,Not Recession,no_anomaly,0
2013-02-27,9.979999542236328,10.170000076293944,9.979999542236328,10.039999961853027,8.40441608428955,212100,no_news,0.0,Not Recession,no_anomaly,0
2013-02-26,9.949999809265137,10.0600004196167,9.869999885559082,9.989999771118164,8.362560272216797,299300,no_news,0.0,Not Recession,no_anomaly,0
2013-02-25,10.25,10.25,9.829999923706056,9.880000114440918,8.27048110961914,345100,no_news,0.0,Not Recession,no_anomaly,0
2013-02-22,10.18000030517578,10.289999961853027,10.140000343322754,10.1899995803833,8.529977798461914,330000,no_news,0.0,Not Recession,no_anomaly,0
2013-02-21,10.079999923706056,10.15999984741211,9.90999984741211,10.119999885559082,8.471383094787598,347100,no_news,0.0,Not Recession,no_anomaly,0
2013-02-20,10.4399995803833,10.5,10.109999656677246,10.109999656677246,8.4630126953125,367700,no_news,0.0,Not Recession,no_anomaly,0
2013-02-19,10.239999771118164,10.449999809265137,10.170000076293944,10.399999618530272,8.705768585205078,431800,no_news,0.0,Not Recession,no_anomaly,0
2013-02-15,10.239999771118164,10.270000457763672,10.100000381469728,10.25,8.580205917358398,279900,no_news,0.0,Not Recession,no_anomaly,0
2013-02-14,10.029999732971191,10.220000267028809,9.949999809265137,10.210000038146973,8.54671859741211,237700,no_news,0.0,Not Recession,no_anomaly,0
2013-02-13,10.079999923706056,10.18000030517578,10.039999961853027,10.119999885559082,8.471383094787598,234300,no_news,0.0,Not Recession,no_anomaly,0
2013-02-12,9.949999809265137,10.079999923706056,9.93000030517578,10.039999961853027,8.40441608428955,268200,no_news,0.0,Not Recession,no_anomaly,0
2013-02-11,9.90999984741211,9.979999542236328,9.850000381469728,9.960000038146973,8.337448120117188,153000,no_news,0.0,Not Recession,no_anomaly,0
2013-02-08,9.949999809265137,10.09000015258789,9.9399995803833,9.9399995803833,8.32070541381836,522600,no_news,0.0,Not Recession,no_anomaly,0
2013-02-07,9.960000038146973,9.960000038146973,9.770000457763672,9.899999618530272,8.287225723266602,263100,no_news,0.0,Not Recession,no_anomaly,0
2013-02-06,9.760000228881836,9.979999542236328,9.710000038146973,9.960000038146973,8.337448120117188,307500,no_news,0.0,Not Recession,no_anomaly,0
2013-02-05,9.359999656677246,9.890000343322754,9.359999656677246,9.869999885559082,8.262110710144043,591000,no_news,0.0,Not Recession,no_anomaly,0
2013-02-04,9.529999732971191,9.640000343322754,9.25,9.260000228881836,7.75148344039917,447300,no_news,0.0,Not Recession,no_anomaly,0
2013-02-01,9.470000267028809,9.789999961853027,9.3100004196167,9.68000030517578,8.103063583374023,780800,no_news,0.0,Not Recession,no_anomaly,0
2013-01-31,9.449999809265137,9.550000190734863,9.270000457763672,9.359999656677246,7.835192203521728,422000,no_news,0.0,Not Recession,no_anomaly,0
2013-01-30,9.40999984741211,9.479999542236328,9.329999923706056,9.4399995803833,7.902162075042725,272800,no_news,0.0,Not Recession,no_anomaly,0
2013-01-29,9.350000381469728,9.380000114440918,9.220000267028809,9.380000114440918,7.85193395614624,435400,no_news,0.0,Not Recession,no_anomaly,0
2013-01-28,9.640000343322754,9.65999984741211,9.300000190734863,9.390000343322754,7.860306262969971,522800,no_news,0.0,Not Recession,no_anomaly,0
2013-01-25,9.40999984741211,9.579999923706056,9.31999969482422,9.579999923706056,8.019352912902832,430100,no_news,0.0,Not Recession,no_anomaly,0
2013-01-24,9.34000015258789,9.43000030517578,9.25,9.31999969482422,7.801708221435547,351900,no_news,0.0,Not Recession,no_anomaly,0
2013-01-23,9.3100004196167,9.350000381469728,9.210000038146973,9.3100004196167,7.793338298797607,398400,no_news,0.0,Not Recession,no_anomaly,0
2013-01-22,9.199999809265137,9.3100004196167,9.010000228881836,9.289999961853027,7.776595115661621,409800,no_news,0.0,Not Recession,no_anomaly,0
2013-01-18,8.960000038146973,9.220000267028809,8.960000038146973,9.15999984741211,7.667774677276611,438100,no_news,0.0,Not Recession,no_anomaly,0
2013-01-17,8.75,8.979999542236328,8.739999771118164,8.930000305175781,7.47524356842041,434700,no_news,0.0,Not Recession,no_anomaly,0
2013-01-16,8.649999618530273,8.760000228881836,8.649999618530273,8.729999542236328,7.307825565338135,254100,no_news,0.0,Not Recession,no_anomaly,0
2013-01-15,8.710000038146973,8.770000457763672,8.649999618530273,8.699999809265137,7.282711982727051,212500,no_news,0.0,Not Recession,no_anomaly,0
2013-01-14,8.75,9.0,8.680000305175781,8.760000228881836,7.332936286926269,246200,no_news,0.0,Not Recession,no_anomaly,0
2013-01-11,8.720000267028809,8.760000228881836,8.630000114440918,8.75,7.324564933776855,176900,no_news,0.0,Not Recession,no_anomaly,0
2013-01-10,8.680000305175781,8.789999961853027,8.609999656677246,8.710000038146973,7.291081428527832,215500,no_news,0.0,Not Recession,no_anomaly,0
2013-01-09,8.479999542236328,8.649999618530273,8.479999542236328,8.5600004196167,7.16551685333252,184100,no_news,0.0,Not Recession,no_anomaly,0
2013-01-08,8.59000015258789,8.600000381469727,8.420000076293945,8.420000076293945,7.048325061798096,199300,no_news,0.0,Not Recession,no_anomaly,0
2013-01-07,8.470000267028809,8.600000381469727,8.40999984741211,8.5600004196167,7.16551685333252,207300,no_news,0.0,Not Recession,no_anomaly,0
2013-01-04,8.65999984741211,8.65999984741211,8.479999542236328,8.489999771118164,7.106919288635254,198900,no_news,0.0,Not Recession,no_anomaly,0
2013-01-03,8.850000381469727,8.850000381469727,8.5,8.539999961853027,7.148777484893799,374200,no_news,0.0,Not Recession,no_anomaly,0
2013-01-02,8.239999771118164,8.640000343322754,8.229999542236328,8.600000381469727,7.199000835418701,491000,no_news,0.0,Not Recession,no_anomaly,0
2012-12-31,7.929999828338623,8.210000038146973,7.909999847412109,8.050000190734863,6.73859977722168,354700,no_news,0.0,Not Recession,no_anomaly,0
2012-12-28,8.029999732971191,8.130000114440918,7.940000057220459,7.949999809265137,6.654891490936279,144700,no_news,0.0,Not Recession,no_anomaly,0
2012-12-27,8.130000114440918,8.140000343322754,7.889999866485596,8.079999923706055,6.7637128829956055,163300,no_news,0.0,Not Recession,no_anomaly,0
2012-12-26,8.130000114440918,8.1899995803833,8.010000228881836,8.140000343322754,6.813939571380615,167700,no_news,0.0,Not Recession,no_anomaly,0
2012-12-24,8.170000076293945,8.239999771118164,8.010000228881836,8.0600004196167,6.746971130371094,100500,no_news,0.0,Not Recession,no_anomaly,0
2012-12-21,7.909999847412109,8.180000305175781,7.78000020980835,8.180000305175781,6.847421169281006,1355100,no_news,0.0,Not Recession,no_anomaly,0
2012-12-20,7.840000152587891,8.050000190734863,7.800000190734863,8.020000457763672,6.71348762512207,313500,no_news,0.0,Not Recession,no_anomaly,0
2012-12-19,7.880000114440918,7.960000038146973,7.769999980926514,7.809999942779541,6.537697792053223,346100,no_news,0.0,Not Recession,no_anomaly,0
2012-12-18,7.880000114440918,7.909999847412109,7.75,7.889999866485596,6.604665279388428,222600,no_news,0.0,Not Recession,no_anomaly,0
2012-12-17,7.849999904632568,8.100000381469727,7.699999809265137,7.840000152587891,6.56281042098999,339900,no_news,0.0,Not Recession,no_anomaly,0
2012-12-14,8.010000228881836,8.079999923706055,7.75,7.829999923706055,6.554439067840576,276200,no_news,0.0,Not Recession,no_anomaly,0
2012-12-13,8.039999961853027,8.130000114440918,7.96999979019165,8.0600004196167,6.746971130371094,318900,no_news,0.0,Not Recession,no_anomaly,0
2012-12-12,7.809999942779541,8.050000190734863,7.809999942779541,8.039999961853027,6.730229377746582,371500,no_news,0.0,Not Recession,no_anomaly,0
2012-12-11,7.889999866485596,7.960000038146973,7.730000019073486,7.809999942779541,6.537697792053223,393900,no_news,0.0,Not Recession,no_anomaly,0
2012-12-10,7.670000076293945,7.800000190734863,7.650000095367432,7.800000190734863,6.529327392578125,210400,no_news,0.0,Not Recession,no_anomaly,0
2012-12-07,7.75,7.75,7.610000133514404,7.650000095367432,6.4037628173828125,181800,no_news,0.0,Not Recession,no_anomaly,0
2012-12-06,7.699999809265137,7.800000190734863,7.579999923706055,7.730000019073486,6.470730304718018,632800,no_news,0.0,Not Recession,no_anomaly,0
2012-12-05,7.710000038146973,7.809999942779541,7.579999923706055,7.679999828338623,6.428874492645264,251600,no_news,0.0,Not Recession,no_anomaly,0
2012-12-04,7.710000038146973,7.789999961853027,7.590000152587891,7.75,6.420505046844482,267400,no_news,0.0,Not Recession,no_anomaly,0
2012-12-03,7.820000171661377,7.820000171661377,7.650000095367432,7.710000038146973,6.387369155883789,407600,no_news,0.0,Not Recession,no_anomaly,0
2012-11-30,7.670000076293945,7.75,7.579999923706055,7.699999809265137,6.379082679748535,832100,no_news,0.0,Not Recession,no_anomaly,0
2012-11-29,7.53000020980835,7.679999828338623,7.449999809265137,7.619999885559082,6.312806129455566,469800,no_news,0.0,Not Recession,no_anomaly,0
2012-11-28,7.360000133514404,7.53000020980835,7.179999828338623,7.429999828338623,6.155399799346924,618600,no_news,0.0,Not Recession,no_anomaly,0
2012-11-27,7.480000019073486,7.610000133514404,7.380000114440918,7.389999866485596,6.12226152420044,273200,no_news,0.0,Not Recession,no_anomaly,0
2012-11-26,7.420000076293945,7.480000019073486,7.360000133514404,7.480000019073486,6.196822643280029,336000,no_news,0.0,Not Recession,no_anomaly,0
2012-11-23,7.28000020980835,7.480000019073486,7.260000228881836,7.460000038146973,6.180252552032471,180100,no_news,0.0,Not Recession,no_anomaly,0
2012-11-21,7.25,7.300000190734863,7.210000038146973,7.260000228881836,6.014564037322998,198500,no_news,0.0,Not Recession,no_anomaly,0
2012-11-20,7.230000019073486,7.340000152587891,7.170000076293945,7.239999771118164,5.99799394607544,191500,no_news,0.0,Not Recession,no_anomaly,0
2012-11-19,7.199999809265137,7.329999923706055,7.170000076293945,7.269999980926514,6.0228471755981445,355400,no_news,0.0,Not Recession,no_anomaly,0
2012-11-16,7.139999866485596,7.239999771118164,7.03000020980835,7.090000152587891,5.873727321624756,364100,no_news,0.0,Not Recession,no_anomaly,0
2012-11-15,7.150000095367432,7.199999809265137,7.0,7.010000228881836,5.807452201843262,541600,no_news,0.0,Not Recession,no_anomaly,0
2012-11-14,7.289999961853027,7.340000152587891,7.099999904632568,7.130000114440918,5.906866073608398,267700,no_news,0.0,Not Recession,no_anomaly,0
2012-11-13,7.300000190734863,7.380000114440918,7.230000019073486,7.25,6.0062785148620605,297800,no_news,0.0,Not Recession,no_anomaly,0
2012-11-12,7.550000190734863,7.550000190734863,7.260000228881836,7.369999885559082,6.105692386627197,353700,no_news,0.0,Not Recession,no_anomaly,0
2012-11-09,7.159999847412109,7.929999828338623,7.150000095367432,7.519999980926514,6.22996187210083,604000,no_news,0.0,Not Recession,no_anomaly,0
2012-11-08,7.420000076293945,7.489999771118164,7.21999979019165,7.230000019073486,5.98970890045166,340800,no_news,0.0,Not Recession,no_anomaly,0
2012-11-07,7.71999979019165,7.71999979019165,7.409999847412109,7.420000076293945,6.147114276885986,167700,no_news,0.0,Not Recession,no_anomaly,0
2012-11-06,7.829999923706055,8.039999961853027,7.789999961853027,7.800000190734863,6.461927890777588,274800,no_news,0.0,Not Recession,no_anomaly,0
2012-11-05,7.519999980926514,7.800000190734863,7.519999980926514,7.78000020980835,6.445359230041504,227300,no_news,0.0,Not Recession,no_anomaly,0
2012-11-02,7.679999828338623,7.829999923706055,7.420000076293945,7.5,6.213392734527588,287300,no_news,0.0,Not Recession,no_anomaly,0
2012-11-01,7.25,7.659999847412109,7.25,7.630000114440918,6.321091651916504,425300,no_news,0.0,Not Recession,no_anomaly,0
2012-10-31,7.25,7.329999923706055,7.179999828338623,7.210000038146973,5.973141193389893,302200,no_news,0.0,Not Recession,no_anomaly,0
2012-10-26,7.329999923706055,7.489999771118164,7.199999809265137,7.21999979019165,5.9814229011535645,175600,no_news,0.0,Not Recession,no_anomaly,0
2012-10-25,7.460000038146973,7.489999771118164,7.300000190734863,7.349999904632568,6.089124202728272,282400,no_news,0.0,Not Recession,no_anomaly,0
2012-10-24,7.489999771118164,7.489999771118164,7.369999885559082,7.440000057220459,6.163684844970703,186500,no_news,0.0,Not Recession,no_anomaly,0
2012-10-23,7.260000228881836,7.440000057220459,7.260000228881836,7.429999828338623,6.155399799346924,238600,no_news,0.0,Not Recession,no_anomaly,0
2012-10-22,7.320000171661377,7.349999904632568,7.25,7.340000152587891,6.080838680267334,111300,no_news,0.0,Not Recession,no_anomaly,0
2012-10-19,7.409999847412109,7.480000019073486,7.239999771118164,7.329999923706055,6.072555065155029,273700,no_news,0.0,Not Recession,no_anomaly,0
2012-10-18,7.420000076293945,7.489999771118164,7.25,7.449999809265137,6.171968936920166,251100,no_news,0.0,Not Recession,no_anomaly,0
2012-10-17,7.46999979019165,7.480000019073486,7.360000133514404,7.400000095367432,6.130547046661377,214800,no_news,0.0,Not Recession,no_anomaly,0
2012-10-16,7.289999961853027,7.429999828338623,7.210000038146973,7.429999828338623,6.155399799346924,298800,no_news,0.0,Not Recession,no_anomaly,0
2012-10-15,7.139999866485596,7.25,7.110000133514404,7.139999866485596,5.915147304534912,234000,no_news,0.0,Not Recession,no_anomaly,0
2012-10-12,7.170000076293945,7.269999980926514,7.110000133514404,7.119999885559082,5.898579120635986,108200,no_news,0.0,Not Recession,no_anomaly,0
2012-10-11,7.199999809265137,7.199999809265137,7.110000133514404,7.179999828338623,5.948287010192871,169500,no_news,0.0,Not Recession,no_anomaly,0
2012-10-10,7.230000019073486,7.239999771118164,7.079999923706055,7.139999866485596,5.915147304534912,160500,no_news,0.0,Not Recession,no_anomaly,0
2012-10-09,7.320000171661377,7.380000114440918,7.150000095367432,7.21999979019165,5.9814229011535645,180700,no_news,0.0,Not Recession,no_anomaly,0
2012-10-08,7.190000057220459,7.340000152587891,7.099999904632568,7.309999942779541,6.055985927581787,280200,no_news,0.0,Not Recession,no_anomaly,0
2012-10-05,7.269999980926514,7.309999942779541,7.159999847412109,7.199999809265137,5.964855194091797,376300,no_news,0.0,Not Recession,no_anomaly,0
2012-10-04,7.369999885559082,7.369999885559082,7.150000095367432,7.210000038146973,5.973141193389893,287000,no_news,0.0,Not Recession,no_anomaly,0
2012-10-03,7.400000095367432,7.46999979019165,7.230000019073486,7.309999942779541,6.055985927581787,521600,no_news,0.0,Not Recession,no_anomaly,0
2012-10-02,7.670000076293945,7.829999923706055,7.269999980926514,7.409999847412109,6.138829708099365,1051900,no_news,0.0,Not Recession,no_anomaly,0
2012-10-01,7.800000190734863,7.960000038146973,7.75,7.800000190734863,6.461927890777588,676700,no_news,0.0,Not Recession,no_anomaly,0
2012-09-28,8.020000457763672,8.0600004196167,7.980000019073486,8.039999961853027,6.66075611114502,410500,no_news,0.0,Not Recession,no_anomaly,0
2012-09-27,8.020000457763672,8.079999923706055,7.920000076293945,8.079999923706055,6.693894386291504,269900,no_news,0.0,Not Recession,no_anomaly,0
2012-09-26,7.880000114440918,8.010000228881836,7.849999904632568,7.960000038146973,6.594480514526367,243900,no_news,0.0,Not Recession,no_anomaly,0
2012-09-25,8.1899995803833,8.220000267028809,7.869999885559082,7.869999885559082,6.519918918609619,288800,no_news,0.0,Not Recession,no_anomaly,0
2012-09-24,8.149999618530273,8.180000305175781,8.039999961853027,8.100000381469727,6.71046257019043,190900,no_news,0.0,Not Recession,no_anomaly,0
2012-09-21,8.130000114440918,8.3100004196167,8.100000381469727,8.1899995803833,6.78502368927002,381200,no_news,0.0,Not Recession,no_anomaly,0
2012-09-20,8.079999923706055,8.140000343322754,7.929999828338623,8.0600004196167,6.677326202392578,182500,no_news,0.0,Not Recession,no_anomaly,0
2012-09-19,8.369999885559082,8.390000343322754,8.079999923706055,8.119999885559082,6.727032661437988,283300,no_news,0.0,Not Recession,no_anomaly,0
2012-09-18,8.5,8.529999732971191,8.289999961853027,8.430000305175781,6.983852863311768,239700,no_news,0.0,Not Recession,no_anomaly,0
2012-09-17,8.489999771118164,8.539999961853027,8.430000305175781,8.489999771118164,7.03355884552002,299100,no_news,0.0,Not Recession,no_anomaly,0
2012-09-14,8.260000228881836,8.510000228881836,8.050000190734863,8.479999542236328,7.025273323059082,444100,no_news,0.0,Not Recession,no_anomaly,0
2012-09-13,8.069999694824219,8.239999771118164,7.980000019073486,8.199999809265137,6.793308258056641,631800,no_news,0.0,Not Recession,no_anomaly,0
2012-09-12,8.079999923706055,8.109999656677246,7.949999809265137,8.029999732971191,6.652470588684082,257100,no_news,0.0,Not Recession,no_anomaly,0
2012-09-11,8.0,8.050000190734863,7.940000057220459,8.029999732971191,6.652470588684082,339700,no_news,0.0,Not Recession,no_anomaly,0
2012-09-10,8.140000343322754,8.149999618530273,7.920000076293945,7.96999979019165,6.602763652801514,642300,no_news,0.0,Not Recession,no_anomaly,0
2012-09-07,8.050000190734863,8.140000343322754,8.0,8.109999656677246,6.718746662139893,347100,no_news,0.0,Not Recession,no_anomaly,0
2012-09-06,7.949999809265137,8.100000381469727,7.869999885559082,8.069999694824219,6.685609817504883,288800,no_news,0.0,Not Recession,no_anomaly,0
2012-09-05,8.039999961853027,8.1899995803833,7.889999866485596,7.909999847412109,6.553056240081787,345200,no_news,0.0,Not Recession,no_anomaly,0
2012-09-04,8.029999732971191,8.180000305175781,7.849999904632568,8.079999923706055,6.627618312835693,272500,no_news,0.0,Not Recession,no_anomaly,0
2012-08-31,7.96999979019165,8.050000190734863,7.860000133514404,8.010000228881836,6.570201396942139,205100,no_news,0.0,Not Recession,no_anomaly,0
2012-08-30,7.980000019073486,8.09000015258789,7.900000095367432,7.929999828338623,6.504580020904541,128800,no_news,0.0,Not Recession,no_anomaly,0
2012-08-29,7.909999847412109,8.020000457763672,7.860000133514404,8.0,6.561997890472412,231800,no_news,0.0,Not Recession,no_anomaly,0
2012-08-28,7.900000095367432,7.989999771118164,7.869999885559082,7.909999847412109,6.488174915313721,237600,no_news,0.0,Not Recession,no_anomaly,0
2012-08-27,7.949999809265137,7.989999771118164,7.880000114440918,7.880000114440918,6.463569641113281,164500,no_news,0.0,Not Recession,no_anomaly,0
2012-08-24,7.920000076293945,7.980000019073486,7.809999942779541,7.860000133514404,6.447164535522461,123900,no_news,0.0,Not Recession,no_anomaly,0
2012-08-23,7.960000038146973,7.980000019073486,7.78000020980835,7.929999828338623,6.504580020904541,326300,no_news,0.0,Not Recession,no_anomaly,0
2012-08-22,8.0,8.050000190734863,7.949999809265137,8.0,6.561997890472412,195900,no_news,0.0,Not Recession,no_anomaly,0
2012-08-21,8.170000076293945,8.3100004196167,7.949999809265137,7.989999771118164,6.553794860839844,347900,no_news,0.0,Not Recession,no_anomaly,0
2012-08-20,8.239999771118164,8.270000457763672,8.119999885559082,8.149999618530273,6.685035705566406,264800,no_news,0.0,Not Recession,no_anomaly,0
2012-08-17,8.260000228881836,8.399999618530273,8.239999771118164,8.279999732971191,6.791666030883789,211800,no_news,0.0,Not Recession,no_anomaly,0
2012-08-16,8.109999656677246,8.319999694824219,8.0,8.279999732971191,6.791666030883789,249900,no_news,0.0,Not Recession,no_anomaly,0
2012-08-15,8.130000114440918,8.279999732971191,8.0600004196167,8.140000343322754,6.676833629608154,205000,no_news,0.0,Not Recession,no_anomaly,0
2012-08-14,8.069999694824219,8.199999809265137,8.0,8.119999885559082,6.660428524017334,473500,no_news,0.0,Not Recession,no_anomaly,0
2012-08-13,8.210000038146973,8.289999961853027,7.909999847412109,8.0,6.561997890472412,482200,no_news,0.0,Not Recession,no_anomaly,0
2012-08-10,8.5,8.899999618530273,8.1899995803833,8.25,6.76706075668335,1111600,no_news,0.0,Not Recession,no_anomaly,0
2012-08-09,9.579999923706056,9.729999542236328,9.479999542236328,9.56999969482422,7.849789142608643,210100,no_news,0.0,Not Recession,no_anomaly,0
2012-08-08,9.510000228881836,9.640000343322754,9.390000343322754,9.56999969482422,7.849789142608643,130400,no_news,0.0,Not Recession,no_anomaly,0
2012-08-07,9.56999969482422,9.75,9.390000343322754,9.579999923706056,7.857992172241211,175800,no_news,0.0,Not Recession,no_anomaly,0
2012-08-06,9.31999969482422,9.739999771118164,9.260000228881836,9.520000457763672,7.808780193328857,323200,no_news,0.0,Not Recession,no_anomaly,0
2012-08-03,9.119999885559082,9.380000114440918,9.09000015258789,9.300000190734863,7.628322601318359,239600,no_news,0.0,Not Recession,no_anomaly,0
2012-08-02,8.979999542236328,9.199999809265137,8.960000038146973,9.020000457763672,7.398653507232666,168200,no_news,0.0,Not Recession,no_anomaly,0
2012-08-01,9.270000457763672,9.329999923706056,9.010000228881836,9.020000457763672,7.398653507232666,227500,no_news,0.0,Not Recession,no_anomaly,0
2012-07-31,8.960000038146973,9.289999961853027,8.960000038146973,9.260000228881836,7.595512866973877,231400,no_news,0.0,Not Recession,no_anomaly,0
2012-07-30,9.140000343322754,9.229999542236328,8.920000076293945,8.979999542236328,7.365839004516602,166100,no_news,0.0,Not Recession,no_anomaly,0
2012-07-27,8.84000015258789,9.18000030517578,8.729999542236328,9.140000343322754,7.497082233428955,209400,no_news,0.0,Not Recession,no_anomaly,0
2012-07-26,8.779999732971191,8.869999885559082,8.6899995803833,8.800000190734863,7.218197822570801,282200,no_news,0.0,Not Recession,no_anomaly,0
2012-07-25,8.710000038146973,8.869999885559082,8.59000015258789,8.640000343322754,7.086959838867188,203700,no_news,0.0,Not Recession,no_anomaly,0
2012-07-24,8.779999732971191,8.84000015258789,8.550000190734863,8.640000343322754,7.086959838867188,216500,no_news,0.0,Not Recession,no_anomaly,0
2012-07-23,8.6899995803833,8.880000114440918,8.6899995803833,8.779999732971191,7.201791763305664,195300,no_news,0.0,Not Recession,no_anomaly,0
2012-07-20,9.149999618530272,9.149999618530272,8.880000114440918,8.890000343322754,7.292018890380859,232200,no_news,0.0,Not Recession,no_anomaly,0
2012-07-19,9.350000381469728,9.369999885559082,9.050000190734863,9.220000267028809,7.562703132629394,237900,no_news,0.0,Not Recession,no_anomaly,0
2012-07-18,9.18000030517578,9.489999771118164,9.140000343322754,9.270000457763672,7.603714942932129,207300,no_news,0.0,Not Recession,no_anomaly,0
2012-07-17,9.119999885559082,9.229999542236328,8.949999809265137,9.15999984741211,7.513489723205566,169100,no_news,0.0,Not Recession,no_anomaly,0
2012-07-16,9.18000030517578,9.229999542236328,9.020000457763672,9.100000381469728,7.464272022247314,210300,no_news,0.0,Not Recession,no_anomaly,0
2012-07-13,9.229999542236328,9.329999923706056,9.1899995803833,9.239999771118164,7.57910680770874,299200,no_news,0.0,Not Recession,no_anomaly,0
2012-07-12,9.300000190734863,9.359999656677246,9.09000015258789,9.229999542236328,7.570907592773437,267800,no_news,0.0,Not Recession,no_anomaly,0
2012-07-11,9.390000343322754,9.479999542236328,9.300000190734863,9.420000076293944,7.726753234863281,190400,no_news,0.0,Not Recession,no_anomaly,0
2012-07-10,9.56999969482422,9.619999885559082,9.31999969482422,9.380000114440918,7.693943500518799,271500,no_news,0.0,Not Recession,no_anomaly,0
2012-07-09,9.529999732971191,9.56999969482422,9.43000030517578,9.550000190734863,7.833383560180664,266400,no_news,0.0,Not Recession,no_anomaly,0
2012-07-06,9.720000267028809,9.850000381469728,9.550000190734863,9.579999923706056,7.857992172241211,130400,no_news,0.0,Not Recession,no_anomaly,0
2012-07-05,9.609999656677246,9.890000343322754,9.56999969482422,9.84000015258789,8.071259498596191,208800,no_news,0.0,Not Recession,no_anomaly,0
2012-07-03,9.539999961853027,9.649999618530272,9.449999809265137,9.640000343322754,7.9072113037109375,143600,no_news,0.0,Not Recession,no_anomaly,0
2012-07-02,9.489999771118164,9.579999923706056,9.3100004196167,9.56999969482422,7.849789142608643,173700,no_news,0.0,Not Recession,no_anomaly,0
2012-06-29,9.279999732971191,9.460000038146973,9.1899995803833,9.4399995803833,7.743156433105469,388500,no_news,0.0,Not Recession,no_anomaly,0
2012-06-28,9.0,9.109999656677246,8.899999618530273,9.109999656677246,7.472472667694092,166800,no_news,0.0,Not Recession,no_anomaly,0
2012-06-27,8.9399995803833,9.18000030517578,8.9399995803833,9.029999732971191,7.406853675842285,124900,no_news,0.0,Not Recession,no_anomaly,0
2012-06-26,8.9399995803833,9.029999732971191,8.819999694824219,8.949999809265137,7.341235637664795,208700,no_news,0.0,Not Recession,no_anomaly,0
2012-06-25,9.300000190734863,9.380000114440918,8.869999885559082,8.960000038146973,7.349435806274414,335400,no_news,0.0,Not Recession,no_anomaly,0
2012-06-22,9.34000015258789,9.520000457763672,9.3100004196167,9.489999771118164,7.784171104431152,304400,no_news,0.0,Not Recession,no_anomaly,0
2012-06-21,9.81999969482422,9.81999969482422,9.270000457763672,9.279999732971191,7.611917495727539,216100,no_news,0.0,Not Recession,no_anomaly,0
2012-06-20,9.880000114440918,9.960000038146973,9.739999771118164,9.850000381469728,8.079461097717285,206700,no_news,0.0,Not Recession,no_anomaly,0
2012-06-19,9.619999885559082,10.0,9.550000190734863,9.899999618530272,8.120471954345703,218600,no_news,0.0,Not Recession,no_anomaly,0
2012-06-18,9.59000015258789,9.670000076293944,9.4399995803833,9.59000015258789,7.8661956787109375,157200,no_news,0.0,Not Recession,no_anomaly,0
2012-06-15,9.380000114440918,9.760000228881836,9.369999885559082,9.640000343322754,7.9072113037109375,382400,no_news,0.0,Not Recession,no_anomaly,0
2012-06-14,9.220000267028809,9.479999542236328,9.1899995803833,9.420000076293944,7.726753234863281,190300,no_news,0.0,Not Recession,no_anomaly,0
2012-06-13,9.359999656677246,9.520000457763672,9.1899995803833,9.229999542236328,7.570907592773437,197900,no_news,0.0,Not Recession,no_anomaly,0
2012-06-12,9.18000030517578,9.399999618530272,9.149999618530272,9.399999618530272,7.71034574508667,179300,no_news,0.0,Not Recession,no_anomaly,0
2012-06-11,9.479999542236328,9.479999542236328,9.06999969482422,9.149999618530272,7.505285263061523,335800,no_news,0.0,Not Recession,no_anomaly,0
2012-06-08,9.329999923706056,9.449999809265137,9.239999771118164,9.40999984741211,7.71854829788208,331100,no_news,0.0,Not Recession,no_anomaly,0
2012-06-07,9.65999984741211,9.729999542236328,9.359999656677246,9.369999885559082,7.685739040374756,220300,no_news,0.0,Not Recession,no_anomaly,0
2012-06-06,9.229999542236328,9.5600004196167,9.229999542236328,9.539999961853027,7.825182437896728,250400,no_news,0.0,Not Recession,no_anomaly,0
2012-06-05,9.119999885559082,9.289999961853027,9.09000015258789,9.260000228881836,7.529891490936279,163800,no_news,0.0,Not Recession,no_anomaly,0
2012-06-04,9.119999885559082,9.260000228881836,9.06999969482422,9.18000030517578,7.464840412139893,253800,no_news,0.0,Not Recession,no_anomaly,0
2012-06-01,9.199999809265137,9.289999961853027,9.09000015258789,9.100000381469728,7.39978551864624,236100,no_news,0.0,Not Recession,no_anomaly,0
2012-05-31,9.529999732971191,9.59000015258789,9.3100004196167,9.369999885559082,7.619339466094971,537900,no_news,0.0,Not Recession,no_anomaly,0
2012-05-30,9.649999618530272,9.670000076293944,9.520000457763672,9.539999961853027,7.757577419281006,309600,no_news,0.0,Not Recession,no_anomaly,0
2012-05-29,9.829999923706056,9.90999984741211,9.59000015258789,9.710000038146973,7.895815849304199,441900,no_news,0.0,Not Recession,no_anomaly,0
2012-05-25,9.720000267028809,9.800000190734863,9.630000114440918,9.6899995803833,7.879554271697998,431400,no_news,0.0,Not Recession,no_anomaly,0
2012-05-24,9.899999618530272,9.899999618530272,9.59000015258789,9.68000030517578,7.871421813964844,406400,no_news,0.0,Not Recession,no_anomaly,0
2012-05-23,9.770000457763672,9.869999885559082,9.579999923706056,9.84000015258789,8.001526832580566,195000,no_news,0.0,Not Recession,no_anomaly,0
2012-05-22,9.949999809265137,9.949999809265137,9.760000228881836,9.899999618530272,8.050315856933594,576800,no_news,0.0,Not Recession,no_anomaly,0
2012-05-21,9.920000076293944,10.0600004196167,9.8100004196167,9.970000267028809,8.10723876953125,251000,no_news,0.0,Not Recession,no_anomaly,0
2012-05-18,9.899999618530272,10.029999732971191,9.720000267028809,9.93000030517578,8.074711799621582,436300,no_news,0.0,Not Recession,no_anomaly,0
2012-05-17,10.06999969482422,10.119999885559082,9.899999618530272,9.920000076293944,8.066580772399902,430600,no_news,0.0,Not Recession,no_anomaly,0
2012-05-16,10.100000381469728,10.18000030517578,9.93000030517578,10.06999969482422,8.188554763793945,426200,no_news,0.0,Not Recession,no_anomaly,0
2012-05-15,10.229999542236328,10.300000190734863,10.039999961853027,10.079999923706056,8.196685791015625,221000,no_news,0.0,Not Recession,no_anomaly,0
2012-05-14,10.18000030517578,10.350000381469728,10.149999618530272,10.25,8.334924697875977,376500,no_news,0.0,Not Recession,no_anomaly,0
2012-05-11,10.050000190734863,10.670000076293944,9.93000030517578,10.359999656677246,8.424368858337402,1061200,no_news,0.0,Not Recession,no_anomaly,0
2012-05-10,10.56999969482422,10.6899995803833,10.350000381469728,10.670000076293944,8.67645263671875,450000,no_news,0.0,Not Recession,no_anomaly,0
2012-05-09,10.399999618530272,10.619999885559082,10.359999656677246,10.470000267028809,8.513819694519043,333100,no_news,0.0,Not Recession,no_anomaly,0
2012-05-08,10.56999969482422,10.640000343322754,10.270000457763672,10.489999771118164,8.530083656311035,927800,no_news,0.0,Not Recession,no_anomaly,0
2012-05-07,10.729999542236328,10.770000457763672,10.630000114440918,10.68000030517578,8.68458366394043,238000,no_news,0.0,Not Recession,no_anomaly,0
2012-05-04,11.029999732971191,11.029999732971191,10.739999771118164,10.75,8.74150562286377,261500,no_news,0.0,Not Recession,no_anomaly,0
2012-05-03,11.5600004196167,11.5600004196167,11.039999961853027,11.109999656677246,9.034245491027832,304900,no_news,0.0,Not Recession,no_anomaly,0
2012-05-02,11.5,11.579999923706056,11.399999618530272,11.550000190734863,9.39203643798828,304400,no_news,0.0,Not Recession,no_anomaly,0
2012-05-01,11.8100004196167,11.960000038146973,11.59000015258789,11.609999656677246,9.440826416015623,347300,no_news,0.0,Not Recession,no_anomaly,0
2012-04-30,11.979999542236328,11.979999542236328,11.739999771118164,11.760000228881836,9.562800407409668,228000,no_news,0.0,Not Recession,no_anomaly,0
2012-04-27,11.84000015258789,12.0,11.630000114440918,11.979999542236328,9.741697311401367,191100,no_news,0.0,Not Recession,no_anomaly,0
2012-04-26,11.609999656677246,11.850000381469728,11.539999961853027,11.829999923706056,9.619721412658691,135900,no_news,0.0,Not Recession,no_anomaly,0
2012-04-25,11.470000267028809,11.829999923706056,11.470000267028809,11.609999656677246,9.440826416015623,269400,no_news,0.0,Not Recession,no_anomaly,0
2012-04-24,11.539999961853027,11.619999885559082,11.210000038146973,11.359999656677246,9.237533569335938,275800,no_news,0.0,Not Recession,no_anomaly,0
2012-04-23,11.550000190734863,11.550000190734863,11.279999732971191,11.520000457763672,9.367642402648926,308400,no_news,0.0,Not Recession,no_anomaly,0
2012-04-20,11.9399995803833,12.0,11.760000228881836,11.770000457763672,9.570931434631348,310200,no_news,0.0,Not Recession,no_anomaly,0
2012-04-19,11.899999618530272,12.09000015258789,11.729999542236328,11.779999732971191,9.57906723022461,245100,no_news,0.0,Not Recession,no_anomaly,0
2012-04-18,11.970000267028809,11.979999542236328,11.6899995803833,11.859999656677246,9.644116401672363,391800,no_news,0.0,Not Recession,no_anomaly,0
2012-04-17,12.0,12.199999809265137,11.9399995803833,12.09000015258789,9.831147193908691,230000,no_news,0.0,Not Recession,no_anomaly,0
2012-04-16,11.850000381469728,12.020000457763672,11.760000228881836,11.890000343322754,9.668513298034668,202100,no_news,0.0,Not Recession,no_anomaly,0
2012-04-13,11.989999771118164,11.989999771118164,11.630000114440918,11.75,9.554670333862305,288500,no_news,0.0,Not Recession,no_anomaly,0
2012-04-12,11.859999656677246,12.119999885559082,11.720000267028809,12.029999732971191,9.782354354858398,210500,no_news,0.0,Not Recession,no_anomaly,0
2012-04-11,11.75,11.829999923706056,11.59000015258789,11.81999969482422,9.611589431762695,236600,no_news,0.0,Not Recession,no_anomaly,0
2012-04-10,11.760000228881836,11.81999969482422,11.43000030517578,11.609999656677246,9.440826416015623,458400,no_news,0.0,Not Recession,no_anomaly,0
2012-04-09,11.8100004196167,12.0,11.579999923706056,11.75,9.554670333862305,365800,no_news,0.0,Not Recession,no_anomaly,0
2012-04-05,11.93000030517578,12.079999923706056,11.93000030517578,12.050000190734863,9.798616409301758,292000,no_news,0.0,Not Recession,no_anomaly,0
2012-04-04,12.079999923706056,12.079999923706056,11.93000030517578,12.0,9.757959365844728,389900,no_news,0.0,Not Recession,no_anomaly,0
2012-04-03,12.270000457763672,12.649999618530272,12.09000015258789,12.18000030517578,9.904329299926758,464300,no_news,0.0,Not Recession,no_anomaly,0
2012-04-02,12.3100004196167,12.369999885559082,12.0600004196167,12.34000015258789,10.034436225891112,314200,no_news,0.0,Not Recession,no_anomaly,0
2012-03-30,12.449999809265137,12.449999809265137,12.18000030517578,12.329999923706056,10.0263032913208,343300,no_news,0.0,Not Recession,no_anomaly,0
2012-03-29,12.109999656677246,12.390000343322754,12.050000190734863,12.329999923706056,10.0263032913208,295600,no_news,0.0,Not Recession,no_anomaly,0
2012-03-28,12.350000381469728,12.350000381469728,12.0,12.25,9.961249351501465,251700,no_news,0.0,Not Recession,no_anomaly,0
2012-03-27,12.34000015258789,12.460000038146973,12.149999618530272,12.3100004196167,10.010042190551758,278300,no_news,0.0,Not Recession,no_anomaly,0
2012-03-26,12.289999961853027,12.4399995803833,12.18000030517578,12.31999969482422,10.018171310424805,442700,no_news,0.0,Not Recession,no_anomaly,0
2012-03-23,12.06999969482422,12.210000038146973,11.93000030517578,12.18000030517578,9.904329299926758,301400,no_news,0.0,Not Recession,no_anomaly,0
2012-03-22,12.020000457763672,12.130000114440918,11.93000030517578,12.029999732971191,9.782354354858398,198400,no_news,0.0,Not Recession,no_anomaly,0
2012-03-21,12.210000038146973,12.270000457763672,12.09000015258789,12.130000114440918,9.863672256469728,209800,no_news,0.0,Not Recession,no_anomaly,0
2012-03-20,12.100000381469728,12.210000038146973,11.979999542236328,12.140000343322754,9.87180233001709,202300,no_news,0.0,Not Recession,no_anomaly,0
2012-03-19,12.039999961853027,12.43000030517578,12.010000228881836,12.239999771118164,9.953120231628418,251600,no_news,0.0,Not Recession,no_anomaly,0
2012-03-16,12.100000381469728,12.130000114440918,11.970000267028809,12.06999969482422,9.814881324768066,553500,no_news,0.0,Not Recession,no_anomaly,0
2012-03-15,12.079999923706056,12.260000228881836,11.979999542236328,12.0600004196167,9.806748390197754,423900,no_news,0.0,Not Recession,no_anomaly,0
2012-03-14,12.270000457763672,12.289999961853027,11.9399995803833,12.029999732971191,9.782354354858398,356400,no_news,0.0,Not Recession,no_anomaly,0
2012-03-13,12.210000038146973,12.329999923706056,12.020000457763672,12.329999923706056,10.0263032913208,351700,no_news,0.0,Not Recession,no_anomaly,0
2012-03-12,12.279999732971191,12.289999961853027,12.0600004196167,12.079999923706056,9.823013305664062,230300,no_news,0.0,Not Recession,no_anomaly,0
2012-03-09,11.979999542236328,12.270000457763672,11.920000076293944,12.229999542236328,9.944986343383787,484400,no_news,0.0,Not Recession,no_anomaly,0
2012-03-08,11.710000038146973,12.039999961853027,11.640000343322754,12.020000457763672,9.774224281311035,515700,no_news,0.0,Not Recession,no_anomaly,0
2012-03-07,11.609999656677246,11.770000457763672,11.489999771118164,11.649999618530272,9.473352432250977,456600,no_news,0.0,Not Recession,no_anomaly,0
2012-03-06,11.550000190734863,11.8100004196167,11.539999961853027,11.649999618530272,9.40829849243164,518000,no_news,0.0,Not Recession,no_anomaly,0
2012-03-05,11.720000267028809,11.829999923706056,11.56999969482422,11.6899995803833,9.440601348876951,551200,no_news,0.0,Not Recession,no_anomaly,0
2012-03-02,11.979999542236328,12.029999732971191,11.510000228881836,11.760000228881836,9.49713134765625,705200,no_news,0.0,Not Recession,no_anomaly,0
2012-03-01,12.029999732971191,12.1899995803833,11.920000076293944,11.949999809265137,9.650574684143066,661800,no_news,0.0,Not Recession,no_anomaly,0
2012-02-29,12.3100004196167,12.359999656677246,11.949999809265137,11.989999771118164,9.682878494262695,497500,no_news,0.0,Not Recession,no_anomaly,0
2012-02-28,12.09000015258789,12.4399995803833,11.890000343322754,12.279999732971191,9.917074203491213,256600,no_news,0.0,Not Recession,no_anomaly,0
2012-02-27,12.0,12.18000030517578,11.850000381469728,12.039999961853027,9.723255157470703,318600,no_news,0.0,Not Recession,no_anomaly,0
2012-02-24,12.050000190734863,12.220000267028809,11.979999542236328,12.06999969482422,9.747483253479004,446200,no_news,0.0,Not Recession,no_anomaly,0
2012-02-23,11.989999771118164,12.09000015258789,11.800000190734863,12.010000228881836,9.699028968811035,738700,no_news,0.0,Not Recession,no_anomaly,0
2012-02-22,12.170000076293944,12.260000228881836,11.9399995803833,11.979999542236328,9.674800872802734,681100,no_news,0.0,Not Recession,no_anomaly,0
2012-02-21,12.380000114440918,12.380000114440918,12.130000114440918,12.15999984741211,9.820164680480955,562000,no_news,0.0,Not Recession,no_anomaly,0
2012-02-17,12.43000030517578,12.489999771118164,12.34000015258789,12.380000114440918,9.997831344604492,489100,no_news,0.0,Not Recession,no_anomaly,0
2012-02-16,12.149999618530272,12.380000114440918,12.06999969482422,12.359999656677246,9.981681823730469,639100,no_news,0.0,Not Recession,no_anomaly,0
2012-02-15,12.25,12.25,11.979999542236328,12.100000381469728,9.77171230316162,573200,no_news,0.0,Not Recession,no_anomaly,0
2012-02-14,12.0,12.18000030517578,11.850000381469728,12.18000030517578,9.836316108703612,710900,no_news,0.0,Not Recession,no_anomaly,0
2012-02-13,12.149999618530272,12.43000030517578,11.90999984741211,12.039999961853027,9.723255157470703,801200,no_news,0.0,Not Recession,no_anomaly,0
2012-02-10,12.0,12.390000343322754,11.630000114440918,12.0600004196167,9.739405632019045,2273600,no_news,0.0,Not Recession,no_anomaly,0
2012-02-09,11.300000190734863,11.359999656677246,11.130000114440918,11.289999961853027,9.117572784423828,439200,no_news,0.0,Not Recession,no_anomaly,0
2012-02-08,11.149999618530272,11.300000190734863,11.010000228881836,11.25,9.085268020629885,407900,no_news,0.0,Not Recession,no_anomaly,0
2012-02-07,11.039999961853027,11.1899995803833,10.949999809265137,11.079999923706056,8.947978019714355,315500,no_news,0.0,Not Recession,no_anomaly,0
2012-02-06,10.949999809265137,11.100000381469728,10.81999969482422,11.06999969482422,8.939902305603027,303000,no_news,0.0,Not Recession,no_anomaly,0
2012-02-03,11.06999969482422,11.100000381469728,10.970000267028809,11.0,8.883373260498047,709200,no_news,0.0,Not Recession,no_anomaly,0
2012-02-02,10.899999618530272,11.029999732971191,10.880000114440918,10.890000343322754,8.794538497924805,366500,no_news,0.0,Not Recession,no_anomaly,0
2012-02-01,10.8100004196167,10.960000038146973,10.739999771118164,10.869999885559082,8.778389930725098,550400,no_news,0.0,Not Recession,no_anomaly,0
2012-01-31,10.899999618530272,11.0,10.670000076293944,10.720000267028809,8.657249450683594,424600,no_news,0.0,Not Recession,no_anomaly,0
2012-01-30,11.09000015258789,11.149999618530272,10.800000190734863,10.850000381469728,8.762235641479492,465900,no_news,0.0,Not Recession,no_anomaly,0
2012-01-27,10.81999969482422,10.949999809265137,10.8100004196167,10.859999656677246,8.770310401916504,364700,no_news,0.0,Not Recession,no_anomaly,0
2012-01-26,10.949999809265137,11.06999969482422,10.75,10.829999923706056,8.746084213256836,483000,no_news,0.0,Not Recession,no_anomaly,0
2012-01-25,10.920000076293944,11.020000457763672,10.649999618530272,10.899999618530272,8.802616119384766,547200,no_news,0.0,Not Recession,no_anomaly,0
2012-01-24,10.829999923706056,10.979999542236328,10.710000038146973,10.920000076293944,8.818764686584473,377200,no_news,0.0,Not Recession,no_anomaly,0
2012-01-23,10.869999885559082,10.960000038146973,10.6899995803833,10.859999656677246,8.770310401916504,243100,no_news,0.0,Not Recession,no_anomaly,0
2012-01-20,10.829999923706056,11.029999732971191,10.800000190734863,10.84000015258789,8.75416088104248,403900,no_news,0.0,Not Recession,no_anomaly,0
2012-01-19,10.760000228881836,11.020000457763672,10.729999542236328,10.850000381469728,8.762235641479492,502300,no_news,0.0,Not Recession,no_anomaly,0
2012-01-18,10.390000343322754,10.850000381469728,10.260000228881836,10.699999809265137,8.641100883483887,1025200,no_news,0.0,Not Recession,no_anomaly,0
2012-01-17,10.649999618530272,10.93000030517578,10.390000343322754,10.43000030517578,8.423052787780762,476900,no_news,0.0,Not Recession,no_anomaly,0
2012-01-13,10.779999732971191,10.779999732971191,10.420000076293944,10.56999969482422,8.536114692687988,359000,no_news,0.0,Not Recession,no_anomaly,0
2012-01-12,10.989999771118164,11.029999732971191,10.829999923706056,10.949999809265137,8.84299373626709,361800,no_news,0.0,Not Recession,no_anomaly,0
2012-01-11,10.399999618530272,11.0600004196167,10.399999618530272,10.989999771118164,8.875296592712402,649600,no_news,0.0,Not Recession,no_anomaly,0
2012-01-10,10.420000076293944,10.59000015258789,10.329999923706056,10.40999984741211,8.406901359558105,178000,no_news,0.0,Not Recession,no_anomaly,0
2012-01-09,10.1899995803833,10.40999984741211,10.140000343322754,10.270000457763672,8.293839454650879,190300,no_news,0.0,Not Recession,no_anomaly,0
2012-01-06,10.380000114440918,10.460000038146973,10.109999656677246,10.130000114440918,8.180780410766602,332400,no_news,0.0,Not Recession,no_anomaly,0
2012-01-05,10.140000343322754,10.420000076293944,9.979999542236328,10.359999656677246,8.366520881652832,314300,no_news,0.0,Not Recession,no_anomaly,0
2012-01-04,10.350000381469728,10.520000457763672,10.149999618530272,10.199999809265137,8.237309455871582,223100,no_news,0.0,Not Recession,no_anomaly,0
2012-01-03,10.600000381469728,10.800000190734863,10.350000381469728,10.40999984741211,8.406901359558105,337400,no_news,0.0,Not Recession,no_anomaly,0
2011-12-30,10.479999542236328,10.539999961853027,10.260000228881836,10.270000457763672,8.293839454650879,186800,no_news,0.0,Not Recession,no_anomaly,0
2011-12-29,10.369999885559082,10.600000381469728,10.31999969482422,10.479999542236328,8.463428497314453,164100,no_news,0.0,Not Recession,no_anomaly,0
2011-12-28,10.65999984741211,10.65999984741211,10.329999923706056,10.359999656677246,8.366520881652832,107800,no_news,0.0,Not Recession,no_anomaly,0
2011-12-27,10.529999732971191,10.8100004196167,10.449999809265137,10.65999984741211,8.608797073364258,92700,no_news,0.0,Not Recession,no_anomaly,0
2011-12-23,10.579999923706056,10.59000015258789,10.40999984741211,10.56999969482422,8.536114692687988,91300,no_news,0.0,Not Recession,no_anomaly,0
2011-12-22,10.5,10.75,10.34000015258789,10.510000228881836,8.487659454345703,184600,no_news,0.0,Not Recession,no_anomaly,0
2011-12-21,10.5,10.5,10.06999969482422,10.420000076293944,8.4149751663208,191700,no_news,0.0,Not Recession,no_anomaly,0
2011-12-20,10.18000030517578,10.5,10.100000381469728,10.489999771118164,8.471505165100098,322200,no_news,0.0,Not Recession,no_anomaly,0
2011-12-19,10.260000228881836,10.390000343322754,9.880000114440918,9.920000076293944,8.011187553405762,271000,no_news,0.0,Not Recession,no_anomaly,0
2011-12-16,9.949999809265137,10.31999969482422,9.75,10.119999885559082,8.172704696655273,959900,no_news,0.0,Not Recession,no_anomaly,0
2011-12-15,10.06999969482422,10.130000114440918,9.760000228881836,9.869999885559082,7.970807075500488,288200,no_news,0.0,Not Recession,no_anomaly,0
2011-12-14,9.899999618530272,10.0600004196167,9.779999732971191,9.850000381469728,7.954656600952148,352100,no_news,0.0,Not Recession,no_anomaly,0
2011-12-13,10.18000030517578,10.43000030517578,9.920000076293944,10.010000228881836,8.083869934082031,374800,no_news,0.0,Not Recession,no_anomaly,0
2011-12-12,10.260000228881836,10.399999618530272,9.84000015258789,10.050000190734863,8.116171836853027,308500,no_news,0.0,Not Recession,no_anomaly,0
2011-12-09,9.880000114440918,10.5,9.739999771118164,10.460000038146973,8.44727897644043,433800,no_news,0.0,Not Recession,no_anomaly,0
2011-12-08,10.109999656677246,10.140000343322754,9.729999542236328,9.899999618530272,7.995034217834473,412900,no_news,0.0,Not Recession,no_anomaly,0
2011-12-07,9.989999771118164,10.3100004196167,9.81999969482422,10.279999732971191,8.301918029785156,311400,no_news,0.0,Not Recession,no_anomaly,0
2011-12-06,10.09000015258789,10.289999961853027,9.90999984741211,10.119999885559082,8.108098983764648,414200,no_news,0.0,Not Recession,no_anomaly,0
2011-12-05,10.170000076293944,10.210000038146973,9.850000381469728,10.09000015258789,8.08405876159668,305200,no_news,0.0,Not Recession,no_anomaly,0
2011-12-02,9.81999969482422,10.119999885559082,9.739999771118164,9.920000076293944,7.9478583335876465,275000,no_news,0.0,Not Recession,no_anomaly,0
2011-12-01,9.550000190734863,9.729999542236328,9.350000381469728,9.619999885559082,7.707499980926514,376400,no_news,0.0,Not Recession,no_anomaly,0
2011-11-30,9.210000038146973,9.56999969482422,9.029999732971191,9.539999961853027,7.643405914306641,676400,no_news,0.0,Not Recession,no_anomaly,0
2011-11-29,8.949999809265137,8.949999809265137,8.670000076293945,8.75,7.010458469390869,346600,no_news,0.0,Not Recession,no_anomaly,0
2011-11-28,8.880000114440918,8.989999771118164,8.640000343322754,8.960000038146973,7.178709030151367,476000,no_news,0.0,Not Recession,no_anomaly,0
2011-11-25,8.859999656677246,9.079999923706056,8.5,8.510000228881836,6.818172931671143,160800,no_news,0.0,Not Recession,no_anomaly,0
2011-11-23,9.220000267028809,9.300000190734863,8.869999885559082,8.899999618530273,7.130637168884277,370800,no_news,0.0,Not Recession,no_anomaly,0
2011-11-22,9.699999809265137,9.829999923706056,9.350000381469728,9.350000381469728,7.491178512573242,405200,no_news,0.0,Not Recession,no_anomaly,0
2011-11-21,9.779999732971191,9.869999885559082,9.399999618530272,9.729999542236328,7.795629024505615,445600,no_news,0.0,Not Recession,no_anomaly,0
2011-11-18,10.039999961853027,10.15999984741211,9.829999923706056,10.010000228881836,8.019964218139648,461500,no_news,0.0,Not Recession,no_anomaly,0
2011-11-17,9.949999809265137,10.09000015258789,9.84000015258789,10.029999732971191,8.035988807678223,637000,no_news,0.0,Not Recession,no_anomaly,0
2011-11-16,10.130000114440918,10.4399995803833,9.960000038146973,10.010000228881836,8.019964218139648,431800,no_news,0.0,Not Recession,no_anomaly,0
2011-11-15,9.890000343322754,10.239999771118164,9.800000190734863,10.18000030517578,8.156169891357422,355900,no_news,0.0,Not Recession,no_anomaly,0
2011-11-14,10.140000343322754,10.140000343322754,9.699999809265137,9.979999542236328,7.995929718017578,620600,no_news,0.0,Not Recession,no_anomaly,0
2011-11-11,9.3100004196167,10.350000381469728,9.260000228881836,10.260000228881836,8.22026252746582,827500,no_news,0.0,Not Recession,no_anomaly,0
2011-11-10,10.010000228881836,10.18000030517578,9.699999809265137,10.010000228881836,8.019964218139648,392800,no_news,0.0,Not Recession,no_anomaly,0
2011-11-09,10.300000190734863,10.539999961853027,9.800000190734863,9.829999923706056,7.875750064849853,346800,no_news,0.0,Not Recession,no_anomaly,0
2011-11-08,10.390000343322754,10.710000038146973,10.18000030517578,10.6899995803833,8.564777374267578,252600,no_news,0.0,Not Recession,no_anomaly,0
2011-11-07,10.75,10.75,10.020000457763672,10.31999969482422,8.26833438873291,456000,no_news,0.0,Not Recession,no_anomaly,0
2011-11-04,10.850000381469728,10.989999771118164,10.6899995803833,10.8100004196167,8.660922050476074,299800,no_news,0.0,Not Recession,no_anomaly,0
2011-11-03,10.65999984741211,11.050000190734863,10.4399995803833,10.960000038146973,8.78110122680664,410000,no_news,0.0,Not Recession,no_anomaly,0
2011-11-02,10.15999984741211,10.4399995803833,10.0,10.43000030517578,8.356465339660645,563700,no_news,0.0,Not Recession,no_anomaly,0
2011-11-01,9.93000030517578,10.09000015258789,9.710000038146973,9.920000076293944,7.9478583335876465,704100,no_news,0.0,Not Recession,no_anomaly,0
2011-10-31,10.5,10.630000114440918,10.260000228881836,10.449999809265137,8.372492790222168,439000,no_news,0.0,Not Recession,no_anomaly,0
2011-10-28,10.68000030517578,10.779999732971191,10.43000030517578,10.649999618530272,8.532731056213379,807600,no_news,0.0,Not Recession,no_anomaly,0
2011-10-27,10.020000457763672,10.84000015258789,9.81999969482422,10.760000228881836,8.620859146118164,557000,no_news,0.0,Not Recession,no_anomaly,0
2011-10-26,9.550000190734863,9.84000015258789,9.300000190734863,9.649999618530272,7.731533527374268,293100,no_news,0.0,Not Recession,no_anomaly,0
2011-10-25,9.649999618530272,9.770000457763672,9.350000381469728,9.380000114440918,7.515212535858154,314300,no_news,0.0,Not Recession,no_anomaly,0
2011-10-24,9.229999542236328,9.800000190734863,9.199999809265137,9.779999732971191,7.835690498352051,295700,no_news,0.0,Not Recession,no_anomaly,0
2011-10-21,9.239999771118164,9.300000190734863,8.979999542236328,9.1899995803833,7.362984180450439,237700,no_news,0.0,Not Recession,no_anomaly,0
2011-10-20,9.199999809265137,9.220000267028809,8.609999656677246,9.029999732971191,7.234793663024902,261400,no_news,0.0,Not Recession,no_anomaly,0
2011-10-19,9.470000267028809,9.5,9.18000030517578,9.239999771118164,7.403044700622559,272000,no_news,0.0,Not Recession,no_anomaly,0
2011-10-18,8.949999809265137,9.510000228881836,8.859999656677246,9.489999771118164,7.603344917297363,346400,no_news,0.0,Not Recession,no_anomaly,0
2011-10-17,9.390000343322754,9.390000343322754,8.859999656677246,8.899999618530273,7.130637168884277,279100,no_news,0.0,Not Recession,no_anomaly,0
2011-10-14,9.470000267028809,9.5600004196167,9.199999809265137,9.520000457763672,7.627381324768066,244100,no_news,0.0,Not Recession,no_anomaly,0
2011-10-13,9.020000457763672,9.449999809265137,8.979999542236328,9.359999656677246,7.499187469482422,314000,no_news,0.0,Not Recession,no_anomaly,0
2011-10-12,8.75,9.199999809265137,8.75,9.119999885559082,7.306901454925537,313200,no_news,0.0,Not Recession,no_anomaly,0
2011-10-11,8.489999771118164,8.640000343322754,8.4399995803833,8.609999656677246,6.898292064666748,245000,no_news,0.0,Not Recession,no_anomaly,0
2011-10-10,8.170000076293945,8.630000114440918,8.170000076293945,8.600000381469727,6.890280723571777,534000,no_news,0.0,Not Recession,no_anomaly,0
2011-10-07,8.300000190734863,8.399999618530273,7.809999942779541,7.96999979019165,6.385526180267334,553900,no_news,0.0,Not Recession,no_anomaly,0
2011-10-06,8.300000190734863,8.430000305175781,8.199999809265137,8.260000228881836,6.617875099182129,609500,no_news,0.0,Not Recession,no_anomaly,0
2011-10-05,8.359999656677246,8.550000190734863,8.199999809265137,8.289999961853027,6.641909122467041,546700,no_news,0.0,Not Recession,no_anomaly,0
2011-10-04,7.46999979019165,8.399999618530273,7.400000095367432,8.380000114440918,6.714017868041992,549900,no_news,0.0,Not Recession,no_anomaly,0
2011-10-03,8.029999732971191,8.260000228881836,7.519999980926514,7.519999980926514,6.024990558624268,472000,no_news,0.0,Not Recession,no_anomaly,0
2011-09-30,8.1899995803833,8.449999809265137,8.069999694824219,8.149999618530273,6.529741287231445,480100,no_news,0.0,Not Recession,no_anomaly,0
2011-09-29,8.34000015258789,8.59000015258789,8.039999961853027,8.369999885559082,6.706003189086914,392500,no_news,0.0,Not Recession,no_anomaly,0
2011-09-28,8.180000305175781,8.34000015258789,7.949999809265137,8.140000343322754,6.521730899810791,579000,no_news,0.0,Not Recession,no_anomaly,0
2011-09-27,8.039999961853027,8.5,8.020000457763672,8.149999618530273,6.529741287231445,388200,no_news,0.0,Not Recession,no_anomaly,0
2011-09-26,8.350000381469727,8.350000381469727,7.739999771118164,7.809999942779541,6.2573347091674805,700100,no_news,0.0,Not Recession,no_anomaly,0
2011-09-23,7.989999771118164,8.3100004196167,7.909999847412109,8.289999961853027,6.641909122467041,435400,no_news,0.0,Not Recession,no_anomaly,0
2011-09-22,7.840000152587891,8.279999732971191,7.809999942779541,7.980000019073486,6.3935394287109375,473400,no_news,0.0,Not Recession,no_anomaly,0
2011-09-21,8.579999923706055,8.760000228881836,8.140000343322754,8.15999984741211,6.537754535675049,293600,no_news,0.0,Not Recession,no_anomaly,0
2011-09-20,8.90999984741211,9.09000015258789,8.550000190734863,8.5600004196167,6.85823392868042,213100,no_news,0.0,Not Recession,no_anomaly,0
2011-09-19,9.079999923706056,9.079999923706056,8.729999542236328,8.899999618530273,7.130637168884277,198700,no_news,0.0,Not Recession,no_anomaly,0
2011-09-16,9.3100004196167,9.34000015258789,9.079999923706056,9.289999961853027,7.443103790283203,387400,no_news,0.0,Not Recession,no_anomaly,0
2011-09-15,9.229999542236328,9.279999732971191,8.869999885559082,9.229999542236328,7.395033359527588,303200,no_news,0.0,Not Recession,no_anomaly,0
2011-09-14,8.890000343322754,9.279999732971191,8.649999618530273,9.09000015258789,7.28286600112915,359100,no_news,0.0,Not Recession,no_anomaly,0
2011-09-13,8.5600004196167,8.829999923706055,8.479999542236328,8.760000228881836,7.018472671508789,339200,no_news,0.0,Not Recession,no_anomaly,0
2011-09-12,8.09000015258789,8.489999771118164,8.020000457763672,8.479999542236328,6.794137477874756,309300,no_news,0.0,Not Recession,no_anomaly,0
2011-09-09,8.479999542236328,8.680000305175781,8.130000114440918,8.229999542236328,6.593838214874268,391000,no_news,0.0,Not Recession,no_anomaly,0
2011-09-08,8.800000190734863,9.0,8.5,8.579999923706055,6.874256610870361,363200,no_news,0.0,Not Recession,no_anomaly,0
2011-09-07,8.619999885559082,8.949999809265137,8.619999885559082,8.920000076293945,7.146663188934326,348300,no_news,0.0,Not Recession,no_anomaly,0
2011-09-06,8.239999771118164,8.5600004196167,8.050000190734863,8.520000457763672,6.762091159820557,424100,no_news,0.0,Not Recession,no_anomaly,0
2011-09-02,8.699999809265137,8.899999618530273,8.460000038146973,8.529999732971191,6.770023345947266,413100,no_news,0.0,Not Recession,no_anomaly,0
2011-09-01,9.510000228881836,9.630000114440918,8.859999656677246,8.930000305175781,7.0874924659729,406500,no_news,0.0,Not Recession,no_anomaly,0
2011-08-31,9.489999771118164,9.699999809265137,9.270000457763672,9.470000267028809,7.516077995300293,573800,no_news,0.0,Not Recession,no_anomaly,0
2011-08-30,9.579999923706056,9.579999923706056,9.239999771118164,9.449999809265137,7.500205039978027,422000,no_news,0.0,Not Recession,no_anomaly,0
2011-08-29,9.100000381469728,9.6899995803833,8.989999771118164,9.640000343322754,7.651002883911133,412300,no_news,0.0,Not Recession,no_anomaly,0
2011-08-26,8.649999618530273,9.010000228881836,8.520000457763672,8.970000267028809,7.119242191314697,235500,no_news,0.0,Not Recession,no_anomaly,0
2011-08-25,9.130000114440918,9.130000114440918,8.649999618530273,8.739999771118164,6.936695098876953,318400,no_news,0.0,Not Recession,no_anomaly,0
2011-08-24,9.06999969482422,9.270000457763672,8.859999656677246,9.18000030517578,7.285913467407227,203300,no_news,0.0,Not Recession,no_anomaly,0
2011-08-23,8.609999656677246,9.09000015258789,8.329999923706055,9.079999923706056,7.206544399261475,402200,no_news,0.0,Not Recession,no_anomaly,0
2011-08-22,8.800000190734863,9.010000228881836,8.470000267028809,8.550000190734863,6.7858991622924805,333900,no_news,0.0,Not Recession,no_anomaly,0
2011-08-19,8.399999618530273,8.800000190734863,8.1899995803833,8.529999732971191,6.770023345947266,491600,no_news,0.0,Not Recession,no_anomaly,0
2011-08-18,8.920000076293945,8.920000076293945,8.5,8.569999694824219,6.801772117614746,457300,no_news,0.0,Not Recession,no_anomaly,0
2011-08-17,9.34000015258789,9.5600004196167,9.140000343322754,9.260000228881836,7.349405765533447,339300,no_news,0.0,Not Recession,no_anomaly,0
2011-08-16,9.470000267028809,9.56999969482422,9.119999885559082,9.279999732971191,7.3652801513671875,361200,no_news,0.0,Not Recession,no_anomaly,0
2011-08-15,9.449999809265137,9.710000038146973,9.25,9.640000343322754,7.651002883911133,447700,no_news,0.0,Not Recession,no_anomaly,0
2011-08-12,9.520000457763672,9.550000190734863,9.220000267028809,9.350000381469728,7.420836925506592,284800,no_news,0.0,Not Recession,no_anomaly,0
2011-08-11,8.819999694824219,9.619999885559082,8.819999694824219,9.4399995803833,7.49226713180542,800700,no_news,0.0,Not Recession,no_anomaly,0
2011-08-10,8.300000190734863,9.170000076293944,8.180000305175781,8.699999809265137,6.9049506187438965,807500,no_news,0.0,Not Recession,no_anomaly,0
2011-08-09,8.859999656677246,8.989999771118164,7.849999904632568,8.5600004196167,6.793837070465088,1337200,no_news,0.0,Not Recession,no_anomaly,0
2011-08-08,8.800000190734863,9.420000076293944,8.640000343322754,8.640000343322754,6.857331275939941,1012900,no_news,0.0,Not Recession,no_anomaly,0
2011-08-05,9.329999923706056,9.899999618530272,8.640000343322754,9.1899995803833,7.293847560882568,1416600,no_news,0.0,Not Recession,no_anomaly,0
2011-08-04,9.010000228881836,9.109999656677246,8.630000114440918,8.640000343322754,6.857331275939941,491800,no_news,0.0,Not Recession,no_anomaly,0
2011-08-03,9.210000038146973,9.380000114440918,8.890000343322754,9.199999809265137,7.301785945892334,426400,no_news,0.0,Not Recession,no_anomaly,0
2011-08-02,9.350000381469728,9.56999969482422,9.170000076293944,9.1899995803833,7.293847560882568,430800,no_news,0.0,Not Recession,no_anomaly,0
2011-08-01,9.670000076293944,9.84000015258789,9.369999885559082,9.449999809265137,7.500205039978027,420400,no_news,0.0,Not Recession,no_anomaly,0
2011-07-29,9.579999923706056,9.6899995803833,9.399999618530272,9.510000228881836,7.547824859619141,324000,no_news,0.0,Not Recession,no_anomaly,0
2011-07-28,9.779999732971191,10.020000457763672,9.630000114440918,9.710000038146973,7.706558704376221,307900,no_news,0.0,Not Recession,no_anomaly,0
2011-07-27,10.0600004196167,10.170000076293944,9.640000343322754,9.770000457763672,7.754180431365967,493300,no_news,0.0,Not Recession,no_anomaly,0
2011-07-26,10.600000381469728,10.65999984741211,10.079999923706056,10.130000114440918,8.03990364074707,353000,no_news,0.0,Not Recession,no_anomaly,0
2011-07-25,10.630000114440918,10.8100004196167,10.289999961853027,10.600000381469728,8.412925720214844,209000,no_news,0.0,Not Recession,no_anomaly,0
2011-07-22,10.619999885559082,10.859999656677246,10.420000076293944,10.779999732971191,8.55578899383545,310900,no_news,0.0,Not Recession,no_anomaly,0
2011-07-21,10.460000038146973,10.619999885559082,10.06999969482422,10.59000015258789,8.404988288879395,297800,no_news,0.0,Not Recession,no_anomaly,0
2011-07-20,10.369999885559082,10.510000228881836,9.789999961853027,10.460000038146973,8.301813125610352,264100,no_news,0.0,Not Recession,no_anomaly,0
2011-07-19,9.949999809265137,10.40999984741211,9.949999809265137,10.329999923706056,8.198634147644043,467200,no_news,0.0,Not Recession,no_anomaly,0
2011-07-18,9.90999984741211,10.079999923706056,9.520000457763672,9.800000190734863,7.777987003326416,394000,no_news,0.0,Not Recession,no_anomaly,0
2011-07-15,10.220000267028809,10.270000457763672,9.869999885559082,9.979999542236328,7.92085075378418,407200,no_news,0.0,Not Recession,no_anomaly,0
2011-07-14,10.1899995803833,10.289999961853027,10.029999732971191,10.210000038146973,8.103394508361816,543900,no_news,0.0,Not Recession,no_anomaly,0
2011-07-13,10.06999969482422,10.300000190734863,9.979999542236328,10.170000076293944,8.071649551391602,361000,no_news,0.0,Not Recession,no_anomaly,0
2011-07-12,10.75,10.75,9.960000038146973,10.039999961853027,7.968470096588135,611000,no_news,0.0,Not Recession,no_anomaly,0
2011-07-11,10.989999771118164,11.119999885559082,10.720000267028809,10.789999961853027,8.563724517822266,272600,no_news,0.0,Not Recession,no_anomaly,0
2011-07-08,11.199999809265137,11.239999771118164,10.880000114440918,11.210000038146973,8.897065162658691,516300,no_news,0.0,Not Recession,no_anomaly,0
2011-07-07,11.220000267028809,11.65999984741211,11.109999656677246,11.350000381469728,9.008180618286133,440500,no_news,0.0,Not Recession,no_anomaly,0
2011-07-06,11.0,11.149999618530272,10.779999732971191,11.0600004196167,8.778014183044434,255200,no_news,0.0,Not Recession,no_anomaly,0
2011-07-05,11.149999618530272,11.149999618530272,10.960000038146973,11.050000190734863,8.7700777053833,274800,no_news,0.0,Not Recession,no_anomaly,0
2011-07-01,10.899999618530272,11.270000457763672,10.75,11.199999809265137,8.889129638671875,309200,no_news,0.0,Not Recession,no_anomaly,0
2011-06-30,10.520000457763672,10.869999885559082,10.520000457763672,10.859999656677246,8.619282722473145,331900,no_news,0.0,Not Recession,no_anomaly,0
2011-06-29,10.539999961853027,10.84000015258789,10.4399995803833,10.529999732971191,8.357370376586914,593800,no_news,0.0,Not Recession,no_anomaly,0
2011-06-28,10.5600004196167,10.68000030517578,10.470000267028809,10.510000228881836,8.341496467590332,247000,no_news,0.0,Not Recession,no_anomaly,0
2011-06-27,10.289999961853027,10.600000381469728,10.220000267028809,10.529999732971191,8.357370376586914,224300,no_news,0.0,Not Recession,no_anomaly,0
2011-06-24,10.640000343322754,10.68000030517578,10.220000267028809,10.270000457763672,8.151015281677246,1320000,no_news,0.0,Not Recession,no_anomaly,0
2011-06-23,10.119999885559082,10.609999656677246,10.029999732971191,10.579999923706056,8.397053718566895,308500,no_news,0.0,Not Recession,no_anomaly,0
2011-06-22,10.279999732971191,10.510000228881836,10.270000457763672,10.300000190734863,8.17482852935791,200400,no_news,0.0,Not Recession,no_anomaly,0
2011-06-21,10.220000267028809,10.550000190734863,10.15999984741211,10.359999656677246,8.222442626953125,384000,no_news,0.0,Not Recession,no_anomaly,0
2011-06-20,10.050000190734863,10.3100004196167,10.039999961853027,10.130000114440918,8.03990364074707,250200,no_news,0.0,Not Recession,no_anomaly,0
2011-06-17,10.31999969482422,10.470000267028809,9.960000038146973,10.100000381469728,8.016091346740723,659400,no_news,0.0,Not Recession,no_anomaly,0
2011-06-16,10.609999656677246,10.710000038146973,10.079999923706056,10.1899995803833,8.087520599365234,508900,no_news,0.0,Not Recession,no_anomaly,0
2011-06-15,10.670000076293944,10.760000228881836,10.510000228881836,10.609999656677246,8.420865058898926,407700,no_news,0.0,Not Recession,no_anomaly,0
2011-06-14,10.670000076293944,10.979999542236328,10.65999984741211,10.869999885559082,8.627218246459961,402900,no_news,0.0,Not Recession,no_anomaly,0
2011-06-13,10.609999656677246,10.720000267028809,10.239999771118164,10.479999542236328,8.3176851272583,486200,no_news,0.0,Not Recession,no_anomaly,0
2011-06-10,10.06999969482422,10.619999885559082,10.020000457763672,10.510000228881836,8.341496467590332,767700,no_news,0.0,Not Recession,no_anomaly,0
2011-06-09,10.460000038146973,10.529999732971191,10.06999969482422,10.100000381469728,8.016091346740723,395400,no_news,0.0,Not Recession,no_anomaly,0
2011-06-08,10.739999771118164,10.90999984741211,10.369999885559082,10.4399995803833,8.28593921661377,298300,no_news,0.0,Not Recession,no_anomaly,0
2011-06-07,10.899999618530272,10.960000038146973,10.619999885559082,10.760000228881836,8.539912223815918,286600,no_news,0.0,Not Recession,no_anomaly,0
2011-06-06,10.720000267028809,11.0600004196167,10.59000015258789,10.770000457763672,8.547852516174316,415800,no_news,0.0,Not Recession,no_anomaly,0
2011-06-03,10.84000015258789,10.989999771118164,10.65999984741211,10.720000267028809,8.508169174194336,291000,no_news,0.0,Not Recession,no_anomaly,0
2011-06-02,11.199999809265137,11.25,10.779999732971191,11.119999885559082,8.825636863708496,397600,no_news,0.0,Not Recession,no_anomaly,0
2011-06-01,11.300000190734863,11.43000030517578,11.020000457763672,11.130000114440918,8.833573341369629,824700,no_news,0.0,Not Recession,no_anomaly,0
2011-05-31,11.1899995803833,11.399999618530272,10.989999771118164,11.34000015258789,9.000245094299316,845500,no_news,0.0,Not Recession,no_anomaly,0
2011-05-27,11.220000267028809,11.220000267028809,10.93000030517578,10.970000267028809,8.706585884094238,252100,no_news,0.0,Not Recession,no_anomaly,0
2011-05-26,11.0600004196167,11.300000190734863,10.899999618530272,11.149999618530272,8.84945011138916,246100,no_news,0.0,Not Recession,no_anomaly,0
2011-05-25,10.93000030517578,11.220000267028809,10.81999969482422,11.09000015258789,8.801824569702148,391500,no_news,0.0,Not Recession,no_anomaly,0
2011-05-24,11.140000343322754,11.550000190734863,10.989999771118164,11.050000190734863,8.7700777053833,711000,no_news,0.0,Not Recession,no_anomaly,0
2011-05-23,11.0,11.149999618530272,10.75,10.970000267028809,8.706585884094238,281500,no_news,0.0,Not Recession,no_anomaly,0
2011-05-20,11.329999923706056,11.489999771118164,11.140000343322754,11.3100004196167,8.976435661315918,277700,no_news,0.0,Not Recession,no_anomaly,0
2011-05-19,11.81999969482422,11.81999969482422,11.15999984741211,11.43000030517578,9.071674346923828,316100,no_news,0.0,Not Recession,no_anomaly,0
2011-05-18,11.489999771118164,11.789999961853027,11.3100004196167,11.670000076293944,9.262155532836914,349900,no_news,0.0,Not Recession,no_anomaly,0
2011-05-17,11.329999923706056,11.56999969482422,11.170000076293944,11.399999618530272,9.047863006591797,250100,no_news,0.0,Not Recession,no_anomaly,0
2011-05-16,11.649999618530272,11.779999732971191,11.380000114440918,11.43000030517578,9.071674346923828,320000,no_news,0.0,Not Recession,no_anomaly,0
2011-05-13,12.100000381469728,12.149999618530272,11.699999809265137,11.699999809265137,9.285967826843262,219000,no_news,0.0,Not Recession,no_anomaly,0
2011-05-12,11.81999969482422,12.140000343322754,11.609999656677246,12.109999656677246,9.611372947692873,496000,no_news,0.0,Not Recession,no_anomaly,0
2011-05-11,12.399999618530272,12.4399995803833,11.859999656677246,11.90999984741211,9.45263957977295,441300,no_news,0.0,Not Recession,no_anomaly,0
2011-05-10,12.130000114440918,12.489999771118164,12.050000190734863,12.420000076293944,9.857412338256836,339300,no_news,0.0,Not Recession,no_anomaly,0
2011-05-09,12.1899995803833,12.239999771118164,11.949999809265137,12.109999656677246,9.611372947692873,531200,no_news,0.0,Not Recession,no_anomaly,0
2011-05-06,12.15999984741211,12.380000114440918,11.960000038146973,12.25,9.72248363494873,603600,no_news,0.0,Not Recession,no_anomaly,0
2011-05-05,11.59000015258789,12.300000190734863,11.25,11.989999771118164,9.516131401062012,786700,no_news,0.0,Not Recession,no_anomaly,0
2011-05-04,11.93000030517578,12.130000114440918,11.510000228881836,11.75,9.32565212249756,339900,no_news,0.0,Not Recession,no_anomaly,0
2011-05-03,11.779999732971191,12.0,11.550000190734863,11.850000381469728,9.405019760131836,392600,no_news,0.0,Not Recession,no_anomaly,0
2011-05-02,12.350000381469728,12.369999885559082,11.779999732971191,11.800000190734863,9.36533546447754,695800,no_news,0.0,Not Recession,no_anomaly,0
2011-04-29,12.390000343322754,12.399999618530272,12.039999961853027,12.229999542236328,9.706613540649414,269000,no_news,0.0,Not Recession,no_anomaly,0
2011-04-28,12.510000228881836,12.510000228881836,12.140000343322754,12.3100004196167,9.770109176635742,288000,no_news,0.0,Not Recession,no_anomaly,0
2011-04-27,12.4399995803833,12.600000381469728,12.359999656677246,12.539999961853027,9.952649116516112,282000,no_news,0.0,Not Recession,no_anomaly,0
2011-04-26,12.100000381469728,12.470000267028809,12.039999961853027,12.4399995803833,9.873284339904783,584400,no_news,0.0,Not Recession,no_anomaly,0
2011-04-25,12.630000114440918,12.75,11.970000267028809,12.020000457763672,9.53994369506836,620900,no_news,0.0,Not Recession,no_anomaly,0
2011-04-21,12.989999771118164,13.149999618530272,12.489999771118164,12.93000030517578,10.26218318939209,593900,no_news,0.0,Not Recession,no_anomaly,0
2011-04-20,12.050000190734863,12.529999732971191,12.039999961853027,12.43000030517578,9.865347862243652,614000,no_news,0.0,Not Recession,no_anomaly,0
2011-04-19,11.829999923706056,11.920000076293944,11.4399995803833,11.649999618530272,9.246281623840332,434600,no_news,0.0,Not Recession,no_anomaly,0
2011-04-18,11.949999809265137,12.199999809265137,11.600000381469728,11.789999961853027,9.357396125793455,364900,no_news,0.0,Not Recession,no_anomaly,0
2011-04-15,12.0,12.449999809265137,11.779999732971191,12.220000267028809,9.698675155639648,350500,no_news,0.0,Not Recession,no_anomaly,0
2011-04-14,11.949999809265137,12.09000015258789,11.770000457763672,12.0600004196167,9.571690559387209,339000,no_news,0.0,Not Recession,no_anomaly,0
2011-04-13,12.729999542236328,12.899999618530272,12.010000228881836,12.06999969482422,9.579623222351074,540000,no_news,0.0,Not Recession,no_anomaly,0
2011-04-12,12.850000381469728,12.899999618530272,12.279999732971191,12.600000381469728,10.000274658203123,440500,no_news,0.0,Not Recession,no_anomaly,0
2011-04-11,12.850000381469728,13.0600004196167,12.760000228881836,12.93000030517578,10.26218318939209,442000,no_news,0.0,Not Recession,no_anomaly,0
2011-04-08,13.170000076293944,13.18000030517578,12.75,12.880000114440918,10.22249984741211,306200,no_news,0.0,Not Recession,no_anomaly,0
2011-04-07,13.630000114440918,13.640000343322754,13.039999961853027,13.079999923706056,10.381235122680664,457200,no_news,0.0,Not Recession,no_anomaly,0
2011-04-06,13.68000030517578,13.859999656677246,13.31999969482422,13.640000343322754,10.825691223144531,416600,no_news,0.0,Not Recession,no_anomaly,0
2011-04-05,13.989999771118164,14.050000190734863,13.539999961853027,13.550000190734863,10.754262924194336,547200,no_news,0.0,Not Recession,no_anomaly,0
2011-04-04,14.31999969482422,14.31999969482422,13.850000381469728,13.970000267028809,11.087604522705078,1133500,no_news,0.0,Not Recession,no_anomaly,0
2011-04-01,13.850000381469728,14.59000015258789,13.800000190734863,14.3100004196167,11.357454299926758,1084000,no_news,0.0,Not Recession,no_anomaly,0
2011-03-31,13.300000190734863,13.760000228881836,13.100000381469728,13.729999542236328,10.897120475769045,605400,no_news,0.0,Not Recession,no_anomaly,0
2011-03-30,13.220000267028809,13.359999656677246,12.970000267028809,13.289999961853027,10.547906875610352,443300,no_news,0.0,Not Recession,no_anomaly,0
2011-03-29,12.869999885559082,13.239999771118164,12.600000381469728,13.109999656677246,10.405046463012695,503200,no_news,0.0,Not Recession,no_anomaly,0
2011-03-28,12.93000030517578,13.140000343322754,12.869999885559082,12.869999885559082,10.214564323425291,267100,no_news,0.0,Not Recession,no_anomaly,0
2011-03-25,12.890000343322754,13.140000343322754,12.75,12.90999984741211,10.246310234069824,355800,no_news,0.0,Not Recession,no_anomaly,0
2011-03-24,12.380000114440918,12.93000030517578,12.300000190734863,12.84000015258789,10.190753936767578,418800,no_news,0.0,Not Recession,no_anomaly,0
2011-03-23,11.9399995803833,12.420000076293944,11.739999771118164,12.270000457763672,9.738361358642578,363400,no_news,0.0,Not Recession,no_anomaly,0
2011-03-22,12.260000228881836,12.300000190734863,11.800000190734863,12.010000228881836,9.532005310058594,222100,no_news,0.0,Not Recession,no_anomaly,0
2011-03-21,12.0600004196167,12.3100004196167,12.010000228881836,12.199999809265137,9.682801246643066,377200,no_news,0.0,Not Recession,no_anomaly,0
2011-03-18,11.779999732971191,11.960000038146973,11.609999656677246,11.899999618530272,9.4447021484375,430400,no_news,0.0,Not Recession,no_anomaly,0
2011-03-17,11.739999771118164,11.8100004196167,11.5,11.59000015258789,9.198663711547852,346700,no_news,0.0,Not Recession,no_anomaly,0
2011-03-16,11.829999923706056,12.220000267028809,11.329999923706056,11.449999809265137,9.087546348571776,772700,no_news,0.0,Not Recession,no_anomaly,0
2011-03-15,11.210000038146973,11.90999984741211,11.09000015258789,11.850000381469728,9.405019760131836,890100,no_news,0.0,Not Recession,no_anomaly,0
2011-03-14,11.40999984741211,11.609999656677246,11.079999923706056,11.43000030517578,9.071674346923828,393600,no_news,0.0,Not Recession,no_anomaly,0
2011-03-11,11.470000267028809,11.699999809265137,11.039999961853027,11.539999961853027,9.158979415893556,613100,no_news,0.0,Not Recession,no_anomaly,0
2011-03-10,12.43000030517578,12.43000030517578,11.539999961853027,11.619999885559082,9.222475051879885,1013300,no_news,0.0,Not Recession,no_anomaly,0
2011-03-09,12.979999542236328,13.079999923706056,12.600000381469728,12.619999885559082,10.016143798828123,654700,no_news,0.0,Not Recession,no_anomaly,0
2011-03-08,12.539999961853027,13.210000038146973,12.5,12.989999771118164,10.30980396270752,986500,no_news,0.0,Not Recession,no_anomaly,0
2011-03-07,13.539999961853027,13.59000015258789,12.239999771118164,12.800000190734863,10.159008026123049,1548300,no_news,0.0,Not Recession,no_anomaly,0
2011-03-04,13.600000381469728,13.6899995803833,13.270000457763672,13.550000190734863,10.754262924194336,491200,no_news,0.0,Not Recession,no_anomaly,0
2011-03-03,13.470000267028809,13.9399995803833,13.420000076293944,13.619999885559082,10.809819221496582,842100,no_news,0.0,Not Recession,no_anomaly,0
2011-03-02,12.640000343322754,13.59000015258789,12.609999656677246,13.239999771118164,10.508219718933104,1169700,no_news,0.0,Not Recession,no_anomaly,0
2011-03-01,12.600000381469728,12.720000267028809,12.329999923706056,12.619999885559082,10.016143798828123,755500,no_news,0.0,Not Recession,no_anomaly,0
2011-02-28,12.739999771118164,12.800000190734863,12.359999656677246,12.550000190734863,9.960588455200195,335600,no_news,0.0,Not Recession,no_anomaly,0
2011-02-25,12.359999656677246,12.649999618530272,12.0,12.640000343322754,10.032018661499023,279200,no_news,0.0,Not Recession,no_anomaly,0
2011-02-24,12.260000228881836,12.420000076293944,12.0,12.300000190734863,9.762167930603027,422300,no_news,0.0,Not Recession,no_anomaly,0
2011-02-23,12.520000457763672,12.5600004196167,11.899999618530272,12.270000457763672,9.738361358642578,820800,no_news,0.0,Not Recession,no_anomaly,0
2011-02-22,12.520000457763672,12.899999618530272,12.199999809265137,12.5600004196167,9.96852684020996,907000,no_news,0.0,Not Recession,no_anomaly,0
2011-02-18,12.859999656677246,12.869999885559082,12.619999885559082,12.8100004196167,10.166943550109863,456100,no_news,0.0,Not Recession,no_anomaly,0
2011-02-17,12.670000076293944,12.93000030517578,12.510000228881836,12.739999771118164,10.111384391784668,331700,no_news,0.0,Not Recession,no_anomaly,0
2011-02-16,12.289999961853027,12.75,12.289999961853027,12.640000343322754,10.032018661499023,466900,no_news,0.0,Not Recession,no_anomaly,0
2011-02-15,12.789999961853027,12.789999961853027,12.1899995803833,12.239999771118164,9.71455192565918,897900,no_news,0.0,Not Recession,no_anomaly,0
2011-02-14,12.670000076293944,13.149999618530272,12.600000381469728,12.81999969482422,10.174877166748049,667800,no_news,0.0,Not Recession,no_anomaly,0
2011-02-11,12.460000038146973,12.729999542236328,12.3100004196167,12.670000076293944,10.055826187133787,429600,no_news,0.0,Not Recession,no_anomaly,0
2011-02-10,12.079999923706056,12.529999732971191,11.949999809265137,12.520000457763672,9.936777114868164,585600,no_news,0.0,Not Recession,no_anomaly,0
2011-02-09,12.449999809265137,12.5,12.119999885559082,12.25,9.72248363494873,429400,no_news,0.0,Not Recession,no_anomaly,0
2011-02-08,12.15999984741211,12.5,11.869999885559082,12.5,9.920907974243164,705500,no_news,0.0,Not Recession,no_anomaly,0
2011-02-07,12.5600004196167,12.56999969482422,12.029999732971191,12.130000114440918,9.627245903015137,1154400,no_news,0.0,Not Recession,no_anomaly,0
2011-02-04,12.039999961853027,12.789999961853027,11.699999809265137,12.770000457763672,10.135197639465332,1584500,no_news,0.0,Not Recession,no_anomaly,0
2011-02-03,12.380000114440918,12.56999969482422,12.210000038146973,12.390000343322754,9.83360195159912,915900,no_news,0.0,Not Recession,no_anomaly,0
2011-02-02,12.18000030517578,12.68000030517578,12.0600004196167,12.420000076293944,9.857412338256836,796200,no_news,0.0,Not Recession,no_anomaly,0
2011-02-01,11.890000343322754,12.289999961853027,11.800000190734863,12.149999618530272,9.64311695098877,390300,no_news,0.0,Not Recession,no_anomaly,0
2011-01-31,11.649999618530272,11.920000076293944,11.420000076293944,11.739999771118164,9.317713737487791,424800,no_news,0.0,Not Recession,no_anomaly,0
2011-01-28,12.300000190734863,12.359999656677246,11.5,11.550000190734863,9.166915893554688,632800,no_news,0.0,Not Recession,no_anomaly,0
2011-01-27,12.0,12.489999771118164,11.869999885559082,12.369999885559082,9.81772518157959,637800,no_news,0.0,Not Recession,no_anomaly,0
2011-01-26,11.449999809265137,12.0,11.40999984741211,11.850000381469728,9.405019760131836,680600,no_news,0.0,Not Recession,no_anomaly,0
2011-01-25,11.289999961853027,11.329999923706056,11.039999961853027,11.31999969482422,8.984369277954102,365900,no_news,0.0,Not Recession,no_anomaly,0
2011-01-24,11.239999771118164,11.380000114440918,11.079999923706056,11.350000381469728,9.008180618286133,376300,no_news,0.0,Not Recession,no_anomaly,0
2011-01-21,11.369999885559082,11.489999771118164,11.18000030517578,11.18000030517578,8.873258590698242,578900,no_news,0.0,Not Recession,no_anomaly,0
2011-01-20,11.210000038146973,11.40999984741211,10.609999656677246,11.210000038146973,8.897065162658691,799400,no_news,0.0,Not Recession,no_anomaly,0
2011-01-19,11.489999771118164,11.489999771118164,11.18000030517578,11.369999885559082,9.024054527282717,829000,no_news,0.0,Not Recession,no_anomaly,0
2011-01-18,11.829999923706056,11.880000114440918,11.550000190734863,11.5600004196167,9.174853324890137,1023200,no_news,0.0,Not Recession,no_anomaly,0
2011-01-14,10.5,11.9399995803833,10.449999809265137,11.850000381469728,9.405019760131836,1946500,no_news,0.0,Not Recession,no_anomaly,0
2011-01-13,9.699999809265137,10.229999542236328,9.609999656677246,10.229999542236328,8.119268417358398,595200,no_news,0.0,Not Recession,no_anomaly,0
2011-01-12,9.5,9.699999809265137,9.380000114440918,9.68000030517578,7.6827497482299805,344500,no_news,0.0,Not Recession,no_anomaly,0
2011-01-11,9.359999656677246,9.40999984741211,9.010000228881836,9.369999885559082,7.436709880828857,316800,no_news,0.0,Not Recession,no_anomaly,0
2011-01-10,9.010000228881836,9.43000030517578,8.989999771118164,9.329999923706056,7.404962539672852,503200,no_news,0.0,Not Recession,no_anomaly,0
2011-01-07,9.130000114440918,9.199999809265137,8.84000015258789,9.050000190734863,7.18273401260376,429200,no_news,0.0,Not Recession,no_anomaly,0
2011-01-06,8.899999618530273,9.130000114440918,8.899999618530273,9.050000190734863,7.18273401260376,435000,no_news,0.0,Not Recession,no_anomaly,0
2011-01-05,9.029999732971191,9.130000114440918,8.720000267028809,8.859999656677246,7.031938076019287,609200,no_news,0.0,Not Recession,no_anomaly,0
2011-01-04,9.239999771118164,9.260000228881836,9.010000228881836,9.010000228881836,7.150988578796387,561300,no_news,0.0,Not Recession,no_anomaly,0
2011-01-03,9.170000076293944,9.40999984741211,9.130000114440918,9.18000030517578,7.285913467407227,367900,no_news,0.0,Not Recession,no_anomaly,0
2010-12-31,9.170000076293944,9.260000228881836,9.029999732971191,9.06999969482422,7.198610305786133,287400,no_news,0.0,Not Recession,no_anomaly,0
2010-12-30,9.1899995803833,9.359999656677246,9.1899995803833,9.229999542236328,7.325597763061523,248500,no_news,0.0,Not Recession,no_anomaly,0
2010-12-29,9.420000076293944,9.420000076293944,9.100000381469728,9.229999542236328,7.325597763061523,264400,no_news,0.0,Not Recession,no_anomaly,0
2010-12-28,9.43000030517578,9.460000038146973,9.25,9.369999885559082,7.436709880828857,197000,no_news,0.0,Not Recession,no_anomaly,0
2010-12-27,9.25,9.43000030517578,9.18000030517578,9.43000030517578,7.484330654144287,134500,no_news,0.0,Not Recession,no_anomaly,0
2010-12-23,9.239999771118164,9.300000190734863,9.1899995803833,9.25,7.341470241546631,139700,no_news,0.0,Not Recession,no_anomaly,0
2010-12-22,9.329999923706056,9.350000381469728,9.199999809265137,9.25,7.341470241546631,159200,no_news,0.0,Not Recession,no_anomaly,0
2010-12-21,9.1899995803833,9.34000015258789,9.119999885559082,9.279999732971191,7.3652801513671875,252300,no_news,0.0,Not Recession,no_anomaly,0
2010-12-20,9.43000030517578,9.479999542236328,9.079999923706056,9.109999656677246,7.230353355407715,504500,no_news,0.0,Not Recession,no_anomaly,0
2010-12-17,8.960000038146973,9.260000228881836,8.930000305175781,9.239999771118164,7.333532333374023,1002300,no_news,0.0,Not Recession,no_anomaly,0
2010-12-16,8.829999923706055,8.9399995803833,8.710000038146973,8.890000343322754,7.055746555328369,337500,no_news,0.0,Not Recession,no_anomaly,0
2010-12-15,8.8100004196167,9.06999969482422,8.609999656677246,8.819999694824219,7.00018835067749,349000,no_news,0.0,Not Recession,no_anomaly,0
2010-12-14,8.90999984741211,8.979999542236328,8.779999732971191,8.84000015258789,7.016064167022705,424000,no_news,0.0,Not Recession,no_anomaly,0
2010-12-13,8.779999732971191,9.0600004196167,8.699999809265137,8.899999618530273,7.063683986663818,754100,no_news,0.0,Not Recession,no_anomaly,0
2010-12-10,8.510000228881836,8.859999656677246,8.430000305175781,8.770000457763672,6.960505962371826,387600,no_news,0.0,Not Recession,no_anomaly,0
2010-12-09,8.399999618530273,8.539999961853027,8.319999694824219,8.510000228881836,6.754152774810791,339100,no_news,0.0,Not Recession,no_anomaly,0
2010-12-08,8.369999885559082,8.510000228881836,8.289999961853027,8.350000381469727,6.627163887023926,293000,no_news,0.0,Not Recession,no_anomaly,0
2010-12-07,8.3100004196167,8.550000190734863,8.289999961853027,8.319999694824219,6.6033549308776855,583200,no_news,0.0,Not Recession,no_anomaly,0
2010-12-06,8.0,8.229999542236328,8.0,8.170000076293945,6.484303951263428,353700,no_news,0.0,Not Recession,no_anomaly,0
2010-12-03,7.869999885559082,8.069999694824219,7.690000057220459,8.0,6.349379062652588,630900,no_news,0.0,Not Recession,no_anomaly,0
2010-12-02,7.53000020980835,8.0,7.53000020980835,7.929999828338623,6.293822288513184,934300,no_news,0.0,Not Recession,no_anomaly,0
2010-12-01,7.420000076293945,7.699999809265137,7.360000133514404,7.539999961853027,5.984289646148682,1369600,no_news,0.0,Not Recession,no_anomaly,0
2010-11-30,7.150000095367432,7.300000190734863,7.039999961853027,7.239999771118164,5.746185779571533,719700,no_news,0.0,Not Recession,no_anomaly,0
2010-11-29,7.28000020980835,7.320000171661377,7.119999885559082,7.239999771118164,5.746185779571533,395400,no_news,0.0,Not Recession,no_anomaly,0
2010-11-26,7.460000038146973,7.489999771118164,7.360000133514404,7.360000133514404,5.841428756713867,134400,no_news,0.0,Not Recession,no_anomaly,0
2010-11-24,7.360000133514404,7.570000171661377,7.260000228881836,7.519999980926514,5.968417167663574,233900,no_news,0.0,Not Recession,no_anomaly,0
2010-11-23,7.340000152587891,7.409999847412109,7.039999961853027,7.25,5.754125118255615,242900,no_news,0.0,Not Recession,no_anomaly,0
2010-11-22,7.389999866485596,7.489999771118164,7.130000114440918,7.440000057220459,5.9049224853515625,505000,no_news,0.0,Not Recession,no_anomaly,0
2010-11-19,7.440000057220459,7.460000038146973,7.289999961853027,7.400000095367432,5.873174667358398,291200,no_news,0.0,Not Recession,no_anomaly,0
2010-11-18,7.130000114440918,7.510000228881836,7.130000114440918,7.440000057220459,5.9049224853515625,468900,no_news,0.0,Not Recession,no_anomaly,0
2010-11-17,7.400000095367432,7.409999847412109,7.019999980926514,7.03000020980835,5.579517841339111,560200,no_news,0.0,Not Recession,no_anomaly,0
2010-11-16,7.409999847412109,7.5,7.269999980926514,7.380000114440918,5.857302188873291,522100,no_news,0.0,Not Recession,no_anomaly,0
2010-11-15,7.599999904632568,7.739999771118164,7.289999961853027,7.480000019073486,5.936668872833252,506400,no_news,0.0,Not Recession,no_anomaly,0
2010-11-12,7.710000038146973,7.840000152587891,7.46999979019165,7.579999923706055,6.016036510467529,546600,no_news,0.0,Not Recession,no_anomaly,0
2010-11-11,7.769999980926514,8.0600004196167,7.46999979019165,7.78000020980835,6.174771308898926,1280100,no_news,0.0,Not Recession,no_anomaly,0
2010-11-10,7.309999942779541,7.460000038146973,7.150000095367432,7.409999847412109,5.881113052368164,502600,no_news,0.0,Not Recession,no_anomaly,0
2010-11-09,7.519999980926514,7.519999980926514,7.199999809265137,7.269999980926514,5.769997596740723,443700,no_news,0.0,Not Recession,no_anomaly,0
2010-11-08,7.480000019073486,7.559999942779541,7.389999866485596,7.5,5.952542781829834,276800,no_news,0.0,Not Recession,no_anomaly,0
2010-11-05,7.5,7.610000133514404,7.400000095367432,7.480000019073486,5.936668872833252,346400,no_news,0.0,Not Recession,no_anomaly,0
2010-11-04,7.300000190734863,7.579999923706055,7.21999979019165,7.510000228881836,5.960479259490967,504700,no_news,0.0,Not Recession,no_anomaly,0
2010-11-03,7.070000171661377,7.239999771118164,6.889999866485596,7.170000076293945,5.69063138961792,312500,no_news,0.0,Not Recession,no_anomaly,0
2010-11-02,6.730000019073486,7.079999923706055,6.679999828338623,7.079999923706055,5.619200229644775,588500,no_news,0.0,Not Recession,no_anomaly,0
2010-11-01,6.809999942779541,6.840000152587891,6.619999885559082,6.639999866485596,5.269983768463135,380700,no_news,0.0,Not Recession,no_anomaly,0
2010-10-29,6.860000133514404,6.889999866485596,6.690000057220459,6.800000190734863,5.396973609924316,429600,no_news,0.0,Not Recession,no_anomaly,0
2010-10-28,7.059999942779541,7.059999942779541,6.760000228881836,6.880000114440918,5.460465908050537,341700,no_news,0.0,Not Recession,no_anomaly,0
2010-10-27,6.760000228881836,7.070000171661377,6.670000076293945,6.989999771118164,5.547768592834473,731600,no_news,0.0,Not Recession,no_anomaly,0
2010-10-26,6.940000057220459,6.940000057220459,6.769999980926514,6.800000190734863,5.396973609924316,491000,no_news,0.0,Not Recession,no_anomaly,0
2010-10-25,7.110000133514404,7.170000076293945,6.949999809265137,6.989999771118164,5.547768592834473,364000,no_news,0.0,Not Recession,no_anomaly,0
2010-10-22,6.789999961853027,7.170000076293945,6.639999866485596,7.019999980926514,5.571580410003662,640200,no_news,0.0,Not Recession,no_anomaly,0
2010-10-21,6.960000038146973,7.03000020980835,6.639999866485596,6.75,5.357287883758545,477800,no_news,0.0,Not Recession,no_anomaly,0
2010-10-20,6.920000076293945,7.079999923706055,6.71999979019165,6.909999847412109,5.484276294708252,390000,no_news,0.0,Not Recession,no_anomaly,0
2010-10-19,7.150000095367432,7.239999771118164,6.829999923706055,6.889999866485596,5.46840238571167,533300,no_news,0.0,Not Recession,no_anomaly,0
2010-10-18,7.130000114440918,7.28000020980835,7.039999961853027,7.28000020980835,5.77793550491333,299800,no_news,0.0,Not Recession,no_anomaly,0
2010-10-15,7.099999904632568,7.269999980926514,6.929999828338623,7.130000114440918,5.658884525299072,708200,no_news,0.0,Not Recession,no_anomaly,0
2010-10-14,7.050000190734863,7.179999828338623,6.940000057220459,6.989999771118164,5.547768592834473,427000,no_news,0.0,Not Recession,no_anomaly,0
2010-10-13,6.96999979019165,7.230000019073486,6.889999866485596,7.079999923706055,5.619200229644775,441100,no_news,0.0,Not Recession,no_anomaly,0
2010-10-12,6.739999771118164,7.0,6.619999885559082,6.929999828338623,5.500148773193359,363400,no_news,0.0,Not Recession,no_anomaly,0
2010-10-11,6.650000095367432,6.880000114440918,6.619999885559082,6.78000020980835,5.381100654602051,315300,no_news,0.0,Not Recession,no_anomaly,0
2010-10-08,6.630000114440918,6.630000114440918,6.409999847412109,6.53000020980835,5.182681560516357,543700,no_news,0.0,Not Recession,no_anomaly,0
2010-10-07,6.650000095367432,6.760000228881836,6.599999904632568,6.650000095367432,5.277920722961426,315900,no_news,0.0,Not Recession,no_anomaly,0
2010-10-06,6.699999809265137,6.699999809265137,6.460000038146973,6.619999885559082,5.254109859466553,840200,no_news,0.0,Not Recession,no_anomaly,0
2010-10-05,6.539999961853027,6.699999809265137,6.46999979019165,6.679999828338623,5.301732063293457,480400,no_news,0.0,Not Recession,no_anomaly,0
2010-10-04,6.650000095367432,6.71999979019165,6.369999885559082,6.46999979019165,5.135061264038086,504800,no_news,0.0,Not Recession,no_anomaly,0
2010-10-01,6.769999980926514,6.829999923706055,6.619999885559082,6.699999809265137,5.317605495452881,381200,no_news,0.0,Not Recession,no_anomaly,0
2010-09-30,6.920000076293945,6.949999809265137,6.489999771118164,6.710000038146973,5.325541496276856,678300,no_news,0.0,Not Recession,no_anomaly,0
2010-09-29,6.78000020980835,7.03000020980835,6.730000019073486,6.869999885559082,5.452528953552246,459100,no_news,0.0,Not Recession,no_anomaly,0
2010-09-28,6.670000076293945,6.809999942779541,6.489999771118164,6.78000020980835,5.381100654602051,544200,no_news,0.0,Not Recession,no_anomaly,0
2010-09-27,6.659999847412109,6.789999961853027,6.510000228881836,6.630000114440918,5.26204776763916,583100,no_news,0.0,Not Recession,no_anomaly,0
2010-09-24,6.260000228881836,6.650000095367432,6.25,6.639999866485596,5.269983768463135,770300,no_news,0.0,Not Recession,no_anomaly,0
2010-09-23,6.079999923706055,6.400000095367432,6.050000190734863,6.139999866485596,4.873148441314697,675800,no_news,0.0,Not Recession,no_anomaly,0
2010-09-22,6.460000038146973,6.5,6.070000171661377,6.119999885559082,4.85727596282959,929200,no_news,0.0,Not Recession,no_anomaly,0
2010-09-21,6.429999828338623,6.519999980926514,6.260000228881836,6.510000228881836,5.166807651519775,1211000,no_news,0.0,Not Recession,no_anomaly,0
2010-09-20,6.119999885559082,6.309999942779541,6.010000228881836,6.309999942779541,5.008071899414063,1124400,no_news,0.0,Not Recession,no_anomaly,0
2010-09-17,5.800000190734863,6.110000133514404,5.710000038146973,6.079999923706055,4.825528621673584,1118800,no_news,0.0,Not Recession,no_anomaly,0
2010-09-16,5.699999809265137,5.820000171661377,5.599999904632568,5.710000038146973,4.531869888305664,870800,no_news,0.0,Not Recession,no_anomaly,0
2010-09-15,5.880000114440918,5.900000095367432,5.619999885559082,5.699999809265137,4.523931503295898,3600500,no_news,0.0,Not Recession,no_anomaly,0
2010-09-14,5.880000114440918,6.03000020980835,5.730000019073486,5.920000076293945,4.698541164398193,1714500,no_news,0.0,Not Recession,no_anomaly,0
2010-09-13,5.46999979019165,5.96999979019165,5.460000038146973,5.929999828338623,4.706477165222168,1497100,no_news,0.0,Not Recession,no_anomaly,0
2010-09-10,5.610000133514404,5.639999866485596,5.46999979019165,5.53000020980835,4.389007091522217,1050800,no_news,0.0,Not Recession,no_anomaly,0
2010-09-09,5.760000228881836,5.849999904632568,5.539999961853027,5.559999942779541,4.412818431854248,768500,no_news,0.0,Not Recession,no_anomaly,0
2010-09-08,5.909999847412109,5.949999809265137,5.590000152587891,5.639999866485596,4.476312637329102,1467000,no_news,0.0,Not Recession,no_anomaly,0
2010-09-07,6.510000228881836,6.550000190734863,5.789999961853027,5.809999942779541,4.611237525939941,2076600,no_news,0.0,Not Recession,no_anomaly,0
2010-09-03,6.730000019073486,6.909999847412109,6.619999885559082,6.690000057220459,5.30966854095459,637600,no_news,0.0,Not Recession,no_anomaly,0
2010-09-02,6.889999866485596,6.889999866485596,6.489999771118164,6.610000133514404,5.246174812316895,931000,no_news,0.0,Not Recession,no_anomaly,0
2010-09-01,6.949999809265137,7.119999885559082,6.75,6.820000171661377,5.412845611572266,626100,no_news,0.0,Not Recession,no_anomaly,0
2010-08-31,6.869999885559082,7.0,6.710000038146973,6.769999980926514,5.373160362243652,685700,no_news,0.0,Not Recession,no_anomaly,0
2010-08-30,7.050000190734863,7.190000057220459,6.900000095367432,6.900000095367432,5.476339340209961,356300,no_news,0.0,Not Recession,no_anomaly,0
2010-08-27,6.920000076293945,7.099999904632568,6.619999885559082,7.079999923706055,5.619200229644775,408600,no_news,0.0,Not Recession,no_anomaly,0
2010-08-26,7.070000171661377,7.21999979019165,6.730000019073486,6.800000190734863,5.396973609924316,363200,no_news,0.0,Not Recession,no_anomaly,0
2010-08-25,6.840000152587891,7.039999961853027,6.730000019073486,7.019999980926514,5.571580410003662,252300,no_news,0.0,Not Recession,no_anomaly,0
2010-08-24,6.840000152587891,6.96999979019165,6.699999809265137,6.900000095367432,5.476339340209961,371200,no_news,0.0,Not Recession,no_anomaly,0
2010-08-23,7.239999771118164,7.289999961853027,6.989999771118164,6.989999771118164,5.547768592834473,240500,no_news,0.0,Not Recession,no_anomaly,0
2010-08-20,7.25,7.349999904632568,7.099999904632568,7.190000057220459,5.706504821777344,248200,no_news,0.0,Not Recession,no_anomaly,0
2010-08-19,7.400000095367432,7.579999923706055,7.239999771118164,7.269999980926514,5.769997596740723,476600,no_news,0.0,Not Recession,no_anomaly,0
2010-08-18,7.559999942779541,7.570000171661377,7.400000095367432,7.449999809265137,5.912858009338379,328100,no_news,0.0,Not Recession,no_anomaly,0
2010-08-17,7.5,7.630000114440918,7.360000133514404,7.590000152587891,6.0239739418029785,335000,no_news,0.0,Not Recession,no_anomaly,0
2010-08-16,7.139999866485596,7.429999828338623,7.110000133514404,7.360000133514404,5.841428756713867,400400,no_news,0.0,Not Recession,no_anomaly,0
2010-08-13,7.239999771118164,7.380000114440918,7.179999828338623,7.21999979019165,5.7303147315979,387600,no_news,0.0,Not Recession,no_anomaly,0
2010-08-12,7.46999979019165,7.559999942779541,7.110000133514404,7.260000228881836,5.762063026428223,637800,no_news,0.0,Not Recession,no_anomaly,0
2010-08-11,7.800000190734863,7.960000038146973,7.5,7.53000020980835,5.976354598999023,493100,no_news,0.0,Not Recession,no_anomaly,0
2010-08-10,8.229999542236328,8.229999542236328,7.949999809265137,8.010000228881836,6.3573150634765625,884000,no_news,0.0,Not Recession,no_anomaly,0
2010-08-09,8.229999542236328,8.4399995803833,8.170000076293945,8.390000343322754,6.65891170501709,355800,no_news,0.0,Not Recession,no_anomaly,0
2010-08-06,8.029999732971191,8.239999771118164,7.829999923706055,8.109999656677246,6.436680793762207,560200,no_news,0.0,Not Recession,no_anomaly,0
2010-08-05,7.96999979019165,8.210000038146973,7.730000019073486,8.15999984741211,6.4763665199279785,615400,no_news,0.0,Not Recession,no_anomaly,0
2010-08-04,7.920000076293945,8.170000076293945,7.860000133514404,8.100000381469727,6.428746223449707,485900,no_news,0.0,Not Recession,no_anomaly,0
2010-08-03,7.679999828338623,7.900000095367432,7.46999979019165,7.880000114440918,6.254139423370361,508500,no_news,0.0,Not Recession,no_anomaly,0
2010-08-02,7.820000171661377,7.889999866485596,7.53000020980835,7.71999979019165,6.127151012420654,1001700,no_news,0.0,Not Recession,no_anomaly,0
2010-07-30,7.489999771118164,7.760000228881836,7.449999809265137,7.630000114440918,6.055719375610352,280100,no_news,0.0,Not Recession,no_anomaly,0
2010-07-29,7.949999809265137,8.050000190734863,7.46999979019165,7.630000114440918,6.055719375610352,631000,no_news,0.0,Not Recession,no_anomaly,0
2010-07-28,8.149999618530273,8.199999809265137,7.829999923706055,7.860000133514404,6.2382659912109375,517000,no_news,0.0,Not Recession,no_anomaly,0
2010-07-27,8.170000076293945,8.3100004196167,8.09000015258789,8.210000038146973,6.516048431396484,464500,no_news,0.0,Not Recession,no_anomaly,0
2010-07-26,8.260000228881836,8.260000228881836,8.0,8.069999694824219,6.40493631362915,862300,no_news,0.0,Not Recession,no_anomaly,0
2010-07-23,8.260000228881836,8.430000305175781,8.130000114440918,8.300000190734863,6.587481021881104,638900,no_news,0.0,Not Recession,no_anomaly,0
2010-07-22,8.069999694824219,8.359999656677246,8.020000457763672,8.319999694824219,6.6033549308776855,388300,no_news,0.0,Not Recession,no_anomaly,0
2010-07-21,8.350000381469727,8.350000381469727,7.900000095367432,7.909999847412109,6.277947902679443,403800,no_news,0.0,Not Recession,no_anomaly,0
2010-07-20,8.039999961853027,8.329999923706055,7.880000114440918,8.289999961853027,6.579542636871338,680500,no_news,0.0,Not Recession,no_anomaly,0
2010-07-19,8.130000114440918,8.350000381469727,7.880000114440918,8.170000076293945,6.484303951263428,507000,no_news,0.0,Not Recession,no_anomaly,0
2010-07-16,8.550000190734863,8.720000267028809,8.050000190734863,8.109999656677246,6.436680793762207,591900,no_news,0.0,Not Recession,no_anomaly,0
2010-07-15,8.9399995803833,9.010000228881836,8.539999961853027,8.630000114440918,6.849392414093018,446700,no_news,0.0,Not Recession,no_anomaly,0
2010-07-14,8.960000038146973,9.170000076293944,8.760000228881836,8.9399995803833,7.095429420471191,340700,no_news,0.0,Not Recession,no_anomaly,0
2010-07-13,8.5,9.149999618530272,8.5,9.029999732971191,7.166860580444336,1116600,no_news,0.0,Not Recession,no_anomaly,0
2010-07-12,8.149999618530273,8.260000228881836,7.869999885559082,8.020000457763672,6.365253448486328,248000,no_news,0.0,Not Recession,no_anomaly,0
2010-07-09,8.069999694824219,8.180000305175781,7.980000019073486,8.170000076293945,6.484303951263428,376900,no_news,0.0,Not Recession,no_anomaly,0
2010-07-08,8.399999618530273,8.399999618530273,7.929999828338623,8.100000381469727,6.428746223449707,395300,no_news,0.0,Not Recession,no_anomaly,0
2010-07-07,8.0600004196167,8.289999961853027,7.849999904632568,8.279999732971191,6.571606636047363,337500,no_news,0.0,Not Recession,no_anomaly,0
2010-07-06,7.96999979019165,8.09000015258789,7.820000171661377,8.0,6.349379062652588,798600,no_news,0.0,Not Recession,no_anomaly,0
2010-07-02,8.100000381469727,8.100000381469727,7.690000057220459,7.760000228881836,6.15889835357666,267800,no_news,0.0,Not Recession,no_anomaly,0
2010-07-01,7.75,8.100000381469727,7.510000228881836,8.0,6.349379062652588,752900,no_news,0.0,Not Recession,no_anomaly,0
2010-06-30,7.619999885559082,7.769999980926514,7.46999979019165,7.730000019073486,6.135087490081787,633300,no_news,0.0,Not Recession,no_anomaly,0
2010-06-29,7.789999961853027,7.940000057220459,7.519999980926514,7.599999904632568,6.031909942626953,617900,no_news,0.0,Not Recession,no_anomaly,0
2010-06-28,8.029999732971191,8.039999961853027,7.829999923706055,8.010000228881836,6.3573150634765625,561400,no_news,0.0,Not Recession,no_anomaly,0
2010-06-25,8.079999923706055,8.270000457763672,7.900000095367432,8.039999961853027,6.381126880645752,2200300,no_news,0.0,Not Recession,no_anomaly,0
2010-06-24,8.039999961853027,8.170000076293945,7.940000057220459,8.010000228881836,6.3573150634765625,609800,no_news,0.0,Not Recession,no_anomaly,0
2010-06-23,8.0600004196167,8.25,7.949999809265137,8.140000343322754,6.460494041442871,401900,no_news,0.0,Not Recession,no_anomaly,0
2010-06-22,8.100000381469727,8.380000114440918,8.020000457763672,8.0600004196167,6.397000312805176,591900,no_news,0.0,Not Recession,no_anomaly,0
2010-06-21,8.199999809265137,8.329999923706055,8.079999923706055,8.180000305175781,6.492241382598877,752200,no_news,0.0,Not Recession,no_anomaly,0
2010-06-18,7.880000114440918,8.3100004196167,7.800000190734863,8.0600004196167,6.397000312805176,665400,no_news,0.0,Not Recession,no_anomaly,0
2010-06-17,7.690000057220459,7.860000133514404,7.449999809265137,7.809999942779541,6.198581218719482,306400,no_news,0.0,Not Recession,no_anomaly,0
2010-06-16,7.699999809265137,8.020000457763672,7.110000133514404,7.619999885559082,6.047783851623535,244100,no_news,0.0,Not Recession,no_anomaly,0
2010-06-15,7.489999771118164,7.829999923706055,7.420000076293945,7.760000228881836,6.15889835357666,349800,no_news,0.0,Not Recession,no_anomaly,0
2010-06-14,7.309999942779541,7.579999923706055,7.230000019073486,7.440000057220459,5.9049224853515625,568000,no_news,0.0,Not Recession,no_anomaly,0
2010-06-11,6.980000019073486,7.329999923706055,6.960000038146973,7.190000057220459,5.706504821777344,408000,no_news,0.0,Not Recession,no_anomaly,0
2010-06-10,6.869999885559082,7.130000114440918,6.829999923706055,7.110000133514404,5.643011093139648,337700,no_news,0.0,Not Recession,no_anomaly,0
2010-06-09,6.880000114440918,7.28000020980835,6.710000038146973,6.730000019073486,5.341414928436279,374300,no_news,0.0,Not Recession,no_anomaly,0
2010-06-08,7.099999904632568,7.119999885559082,6.630000114440918,6.769999980926514,5.373160362243652,711900,no_news,0.0,Not Recession,no_anomaly,0
2010-06-07,7.789999961853027,7.960000038146973,7.079999923706055,7.090000152587891,5.627137184143066,699200,no_news,0.0,Not Recession,no_anomaly,0
2010-06-04,8.0,8.180000305175781,7.730000019073486,7.760000228881836,6.15889835357666,507700,no_news,0.0,Not Recession,no_anomaly,0
2010-06-03,8.229999542236328,8.40999984741211,8.079999923706055,8.289999961853027,6.579542636871338,767200,negative,1.754334821176533,Not Recession,no_anomaly,0
2010-06-02,8.079999923706055,8.649999618530273,7.920000076293945,8.170000076293945,6.484303951263428,553900,no_news,0.0,Not Recession,no_anomaly,0
2010-06-01,8.210000038146973,8.399999618530273,7.960000038146973,7.96999979019165,6.325568199157715,480300,no_news,0.0,Not Recession,no_anomaly,0
2010-05-28,8.460000038146973,8.510000228881836,8.119999885559082,8.319999694824219,6.6033549308776855,309900,no_news,0.0,Not Recession,no_anomaly,0
2010-05-27,8.279999732971191,8.5,8.1899995803833,8.489999771118164,6.738278388977051,583000,no_news,0.0,Not Recession,no_anomaly,0
2010-05-26,8.210000038146973,8.600000381469727,7.940000057220459,8.010000228881836,6.3573150634765625,898800,no_news,0.0,Not Recession,no_anomaly,0
2010-05-25,8.039999961853027,8.1899995803833,7.739999771118164,8.149999618530273,6.468429088592529,395400,no_news,0.0,Not Recession,no_anomaly,0
2010-05-24,8.319999694824219,8.420000076293945,8.069999694824219,8.079999923706055,6.412872791290283,377400,no_news,0.0,Not Recession,no_anomaly,0
2010-05-21,8.149999618530273,8.600000381469727,8.119999885559082,8.369999885559082,6.643036842346191,527200,no_news,0.0,Not Recession,no_anomaly,0
2010-05-20,8.649999618530273,8.720000267028809,8.300000190734863,8.329999923706055,6.611290454864502,358700,no_news,0.0,Not Recession,no_anomaly,0
2010-05-19,8.880000114440918,9.100000381469728,8.579999923706055,8.930000305175781,7.0874924659729,322400,no_news,0.0,Not Recession,no_anomaly,0
2010-05-18,9.710000038146973,9.75,8.899999618530273,8.9399995803833,7.095429420471191,307700,no_news,0.0,Not Recession,no_anomaly,0
2010-05-17,9.15999984741211,9.619999885559082,9.06999969482422,9.529999732971191,7.563697338104248,535700,no_news,0.0,Not Recession,no_anomaly,0
2010-05-14,9.34000015258789,9.390000343322754,8.779999732971191,9.100000381469728,7.2224202156066895,402700,no_news,0.0,Not Recession,no_anomaly,0
2010-05-13,9.600000381469728,9.6899995803833,9.260000228881836,9.399999618530272,7.460519313812256,365600,no_news,0.0,Not Recession,no_anomaly,0
2010-05-12,9.31999969482422,9.699999809265137,9.3100004196167,9.65999984741211,7.666874885559082,437500,no_news,0.0,Not Recession,no_anomaly,0
2010-05-11,9.199999809265137,9.789999961853027,9.149999618530272,9.270000457763672,7.357342720031738,431400,no_news,0.0,Not Recession,no_anomaly,0
2010-05-10,9.359999656677246,9.489999771118164,8.930000305175781,9.350000381469728,7.420836925506592,674600,no_news,0.0,Not Recession,no_anomaly,0
2010-05-07,8.800000190734863,9.279999732971191,8.0,8.789999961853027,6.976380825042725,940500,no_news,0.0,Not Recession,no_anomaly,0
2010-05-06,9.350000381469728,9.59000015258789,8.0,8.779999732971191,6.968442916870117,466700,no_news,0.0,Not Recession,no_anomaly,0
2010-05-05,9.25,9.65999984741211,9.079999923706056,9.4399995803833,7.49226713180542,503700,no_news,0.0,Not Recession,no_anomaly,0
2010-05-04,9.890000343322754,9.890000343322754,9.350000381469728,9.43000030517578,7.484330654144287,388700,negative,2.189186559629829,Not Recession,no_anomaly,0
2010-05-03,9.770000457763672,10.229999542236328,9.729999542236328,10.06999969482422,7.992280006408691,243600,no_news,0.0,Not Recession,no_anomaly,0
2010-04-30,10.029999732971191,10.079999923706056,9.649999618530272,9.720000267028809,7.714495658874512,476400,no_news,0.0,Not Recession,no_anomaly,0
2010-04-29,9.81999969482422,10.039999961853027,9.710000038146973,10.029999732971191,7.960534572601318,376700,no_news,0.0,Not Recession,no_anomaly,0
2010-04-28,9.859999656677246,10.079999923706056,9.529999732971191,9.760000228881836,7.746243476867676,245800,no_news,0.0,Not Recession,no_anomaly,0
2010-04-27,9.93000030517578,10.18000030517578,9.75,9.800000190734863,7.777987003326416,365700,no_news,0.0,Not Recession,no_anomaly,0
2010-04-26,9.979999542236328,10.15999984741211,9.899999618530272,10.0,7.936727523803711,406300,no_news,0.0,Not Recession,no_anomaly,0
2010-04-23,9.869999885559082,9.989999771118164,9.65999984741211,9.970000267028809,7.912914752960205,180000,no_news,0.0,Not Recession,no_anomaly,0
2010-04-22,9.579999923706056,9.970000267028809,9.510000228881836,9.890000343322754,7.849420547485352,577200,no_news,0.0,Not Recession,no_anomaly,0
2010-04-21,9.65999984741211,9.739999771118164,9.5,9.720000267028809,7.714495658874512,353600,no_news,0.0,Not Recession,no_anomaly,0
2010-04-20,9.630000114440918,9.720000267028809,9.520000457763672,9.670000076293944,7.67481517791748,201900,no_news,0.0,Not Recession,no_anomaly,0
2010-04-19,9.40999984741211,9.65999984741211,9.300000190734863,9.609999656677246,7.62719202041626,292200,no_news,0.0,Not Recession,no_anomaly,0
2010-04-16,9.59000015258789,9.6899995803833,9.390000343322754,9.609999656677246,7.62719202041626,399700,no_news,0.0,Not Recession,no_anomaly,0
2010-04-15,9.619999885559082,9.710000038146973,9.5,9.600000381469728,7.619256496429443,263400,no_news,0.0,Not Recession,no_anomaly,0
2010-04-14,8.930000305175781,9.670000076293944,8.930000305175781,9.65999984741211,7.666874885559082,1099600,negative,0.9903498127987932,Not Recession,no_anomaly,0
2010-04-13,8.770000457763672,8.880000114440918,8.770000457763672,8.850000381469727,7.024001121520996,110900,no_news,0.0,Not Recession,no_anomaly,0
2010-04-12,8.819999694824219,8.90999984741211,8.729999542236328,8.8100004196167,6.992252349853516,190000,no_news,0.0,Not Recession,no_anomaly,0
2010-04-09,8.899999618530273,8.960000038146973,8.770000457763672,8.829999923706055,7.008126735687256,173700,no_news,0.0,Not Recession,no_anomaly,0
2010-04-08,8.979999542236328,8.989999771118164,8.850000381469727,8.920000076293945,7.079559326171875,170600,negative,-0.2652499264166126,Not Recession,no_anomaly,0
2010-04-07,8.890000343322754,9.18000030517578,8.800000190734863,9.0,7.143052577972412,446100,no_news,0.0,Not Recession,no_anomaly,0
2010-04-06,8.800000190734863,8.9399995803833,8.75,8.930000305175781,7.0874924659729,201300,no_news,0.0,Not Recession,no_anomaly,0
2010-04-05,8.75,8.930000305175781,8.6899995803833,8.890000343322754,7.055746555328369,443400,no_news,0.0,Not Recession,no_anomaly,0
2010-04-01,8.90999984741211,9.0,8.520000457763672,8.699999809265137,6.9049506187438965,266100,no_news,0.0,Not Recession,no_anomaly,0
2010-03-31,8.9399995803833,9.100000381469728,8.8100004196167,8.819999694824219,7.00018835067749,351100,no_news,0.0,Not Recession,no_anomaly,0
2010-03-30,8.880000114440918,9.100000381469728,8.779999732971191,9.0,7.143052577972412,161500,no_news,0.0,Not Recession,no_anomaly,0
2010-03-29,8.819999694824219,8.920000076293945,8.6899995803833,8.880000114440918,7.0478105545043945,200700,no_news,0.0,Not Recession,no_anomaly,0
2010-03-26,8.899999618530273,8.989999771118164,8.649999618530273,8.800000190734863,6.984316825866699,244200,no_news,0.0,Not Recession,no_anomaly,0
2010-03-25,8.989999771118164,9.270000457763672,8.819999694824219,8.829999923706055,7.008126735687256,334100,no_news,0.0,Not Recession,no_anomaly,0
2010-03-24,8.869999885559082,9.09000015258789,8.829999923706055,8.880000114440918,7.0478105545043945,377700,no_news,0.0,Not Recession,no_anomaly,0
2010-03-23,8.59000015258789,8.949999809265137,8.550000190734863,8.90999984741211,7.071621417999268,395000,no_news,0.0,Not Recession,no_anomaly,0
2010-03-22,8.3100004196167,8.630000114440918,8.15999984741211,8.5600004196167,6.793837070465088,243600,negative,-0.2805246187154465,Not Recession,no_anomaly,0
2010-03-19,8.670000076293945,8.670000076293945,8.300000190734863,8.369999885559082,6.643036842346191,410200,no_news,0.0,Not Recession,no_anomaly,0
2010-03-18,8.699999809265137,8.800000190734863,8.550000190734863,8.609999656677246,6.833518505096436,186400,no_news,0.0,Not Recession,no_anomaly,0
2010-03-17,8.65999984741211,8.760000228881836,8.609999656677246,8.6899995803833,6.897012710571289,221700,no_news,0.0,Not Recession,no_anomaly,0
2010-03-16,8.649999618530273,8.779999732971191,8.5,8.619999885559082,6.841457366943359,289600,no_news,0.0,Not Recession,no_anomaly,0
2010-03-15,8.779999732971191,8.850000381469727,8.539999961853027,8.579999923706055,6.809709548950195,231300,no_news,0.0,Not Recession,no_anomaly,0
2010-03-12,8.819999694824219,8.880000114440918,8.65999984741211,8.829999923706055,7.008126735687256,114200,no_news,0.0,Not Recession,no_anomaly,0
2010-03-11,8.760000228881836,8.850000381469727,8.720000267028809,8.800000190734863,6.984316825866699,230100,no_news,0.0,Not Recession,no_anomaly,0
2010-03-10,8.6899995803833,8.869999885559082,8.520000457763672,8.84000015258789,7.016064167022705,311200,no_news,0.0,Not Recession,no_anomaly,0
2010-03-09,8.869999885559082,8.869999885559082,8.579999923706055,8.65999984741211,6.873202323913574,205400,no_news,0.0,Not Recession,no_anomaly,0
2010-03-08,8.789999961853027,8.850000381469727,8.710000038146973,8.789999961853027,6.976380825042725,198500,no_news,0.0,Not Recession,no_anomaly,0
2010-03-05,8.739999771118164,8.920000076293945,8.729999542236328,8.819999694824219,7.00018835067749,347600,no_news,0.0,Not Recession,no_anomaly,0
2010-03-04,8.859999656677246,8.9399995803833,8.619999885559082,8.699999809265137,6.9049506187438965,223400,no_news,0.0,Not Recession,no_anomaly,0
2010-03-03,9.079999923706056,9.170000076293944,8.720000267028809,8.8100004196167,6.992252349853516,286700,negative,-1.8127513445095345,Not Recession,no_anomaly,0
2010-03-02,9.229999542236328,9.420000076293944,8.960000038146973,9.039999961853027,7.174797058105469,488300,no_news,0.0,Not Recession,no_anomaly,0
2010-03-01,8.680000305175781,9.329999923706056,8.680000305175781,9.18000030517578,7.285913467407227,340800,no_news,0.0,Not Recession,no_anomaly,0
2010-02-26,8.779999732971191,8.899999618530273,8.550000190734863,8.640000343322754,6.857331275939941,213400,no_news,0.0,Not Recession,no_anomaly,0
2010-02-25,8.710000038146973,8.760000228881836,8.40999984741211,8.75,6.944632530212402,198300,no_news,0.0,Not Recession,no_anomaly,0
2010-02-24,8.970000267028809,9.270000457763672,8.819999694824219,8.850000381469727,7.024001121520996,274600,negative,0.9128709291752772,Not Recession,no_anomaly,0
2010-02-23,9.289999961853027,9.31999969482422,8.880000114440918,8.90999984741211,7.071621417999268,221500,no_news,0.0,Not Recession,no_anomaly,0
2010-02-22,9.40999984741211,9.43000030517578,9.220000267028809,9.279999732971191,7.3652801513671875,372200,negative,1.095445115010332,Not Recession,no_anomaly,0
2010-02-19,9.149999618530272,9.40999984741211,9.0,9.369999885559082,7.436709880828857,278600,no_news,0.0,Not Recession,no_anomaly,0
2010-02-18,9.25,9.270000457763672,9.029999732971191,9.15999984741211,7.270040035247803,149300,no_news,0.0,Not Recession,no_anomaly,0
2010-02-17,9.359999656677246,9.4399995803833,9.050000190734863,9.239999771118164,7.333532333374023,210300,no_news,0.0,Not Recession,no_anomaly,0
2010-02-16,8.9399995803833,9.31999969482422,8.9399995803833,9.3100004196167,7.389091968536377,348800,no_news,0.0,Not Recession,no_anomaly,0
2010-02-12,8.630000114440918,8.949999809265137,8.5600004196167,8.90999984741211,7.071621417999268,330600,no_news,0.0,Not Recession,no_anomaly,0
2010-02-11,8.260000228881836,8.850000381469727,8.260000228881836,8.84000015258789,7.016064167022705,519200,no_news,0.0,Not Recession,no_anomaly,0
2010-02-10,7.96999979019165,8.359999656677246,7.96999979019165,8.270000457763672,6.563671112060547,429000,no_news,0.0,Not Recession,no_anomaly,0
2010-02-09,8.09000015258789,8.25,7.920000076293945,8.039999961853027,6.381126880645752,614300,no_news,0.0,Not Recession,no_anomaly,0
2010-02-08,7.519999980926514,8.100000381469727,7.460000038146973,8.069999694824219,6.40493631362915,843700,no_news,0.0,Not Recession,no_anomaly,0
2010-02-05,8.5,8.5,7.199999809265137,7.489999771118164,5.944605827331543,1592000,no_news,0.0,Not Recession,no_anomaly,0
2010-02-04,8.520000457763672,8.850000381469727,8.390000343322754,8.520000457763672,6.762091159820557,741400,no_news,0.0,Not Recession,no_anomaly,0
2010-02-03,8.5600004196167,8.890000343322754,8.359999656677246,8.520000457763672,6.762091159820557,316900,no_news,0.0,Not Recession,no_anomaly,0
2010-02-02,8.399999618530273,8.739999771118164,8.270000457763672,8.640000343322754,6.857331275939941,388800,no_news,0.0,Not Recession,no_anomaly,0
2010-02-01,8.470000267028809,8.470000267028809,8.119999885559082,8.420000076293945,6.682720184326172,351100,no_news,0.0,Not Recession,no_anomaly,0
2010-01-29,8.899999618530273,8.899999618530273,8.270000457763672,8.34000015258789,6.619227886199951,325900,no_news,0.0,Not Recession,no_anomaly,0
2010-01-28,9.359999656677246,9.390000343322754,8.59000015258789,8.859999656677246,7.031938076019287,324800,no_news,0.0,Not Recession,no_anomaly,0
2010-01-27,9.220000267028809,9.359999656677246,9.079999923706056,9.34000015258789,7.412899971008301,273600,no_news,0.0,Not Recession,no_anomaly,0
2010-01-26,9.239999771118164,9.359999656677246,8.930000305175781,9.300000190734863,7.3811540603637695,422200,no_news,0.0,Not Recession,no_anomaly,0
2010-01-25,9.130000114440918,9.369999885559082,8.880000114440918,9.3100004196167,7.389091968536377,269400,negative,-0.5000000000000001,Not Recession,no_anomaly,0
2010-01-22,9.6899995803833,9.710000038146973,8.899999618530273,9.029999732971191,7.166860580444336,875100,no_news,0.0,Not Recession,no_anomaly,0
2010-01-21,10.020000457763672,10.34000015258789,9.949999809265137,9.989999771118164,7.9287848472595215,501700,no_news,0.0,Not Recession,no_anomaly,0
2010-01-20,10.25,10.3100004196167,9.869999885559082,10.020000457763672,7.952596664428711,356100,no_news,0.0,Not Recession,no_anomaly,0
2010-01-19,9.989999771118164,10.260000228881836,9.869999885559082,10.15999984741211,8.063711166381836,244700,no_news,0.0,Not Recession,no_anomaly,0
2010-01-15,10.390000343322754,10.399999618530272,9.800000190734863,9.989999771118164,7.9287848472595215,355800,no_news,0.0,Not Recession,no_anomaly,0
2010-01-14,10.59000015258789,10.630000114440918,10.3100004196167,10.34000015258789,8.206572532653809,152100,no_news,0.0,Not Recession,no_anomaly,0
2010-01-13,10.5,10.529999732971191,10.149999618530272,10.470000267028809,8.309749603271484,218700,no_news,0.0,Not Recession,no_anomaly,0
2010-01-12,10.600000381469728,10.800000190734863,10.34000015258789,10.40999984741211,8.262127876281738,362000,no_news,0.0,Not Recession,no_anomaly,0
2010-01-11,10.739999771118164,10.81999969482422,10.699999809265137,10.75,8.531980514526367,272500,no_news,0.0,Not Recession,no_anomaly,0
2010-01-08,10.539999961853027,10.770000457763672,10.529999732971191,10.6899995803833,8.484357833862305,346500,no_news,0.0,Not Recession,no_anomaly,0
2010-01-07,10.079999923706056,10.699999809265137,9.84000015258789,10.619999885559082,8.428802490234375,601800,no_news,0.0,Not Recession,no_anomaly,0
2010-01-06,9.850000381469728,10.149999618530272,9.8100004196167,10.06999969482422,7.992280006408691,1487500,no_news,0.0,Not Recession,no_anomaly,0
2010-01-05,8.930000305175781,9.380000114440918,8.829999923706055,9.220000267028809,7.317660331726074,824700,no_news,0.0,Not Recession,no_anomaly,0
2010-01-04,8.75,8.979999542236328,8.75,8.90999984741211,7.071621417999268,242700,no_news,0.0,Not Recession,no_anomaly,0
2009-12-31,8.710000038146973,8.859999656677246,8.579999923706055,8.579999923706055,6.809709548950195,133400,no_news,0.0,Not Recession,no_anomaly,0
2009-12-30,8.600000381469727,8.8100004196167,8.569999694824219,8.739999771118164,6.936695098876953,159400,no_news,0.0,Not Recession,no_anomaly,0
2009-12-29,8.770000457763672,8.770000457763672,8.59000015258789,8.640000343322754,6.857331275939941,118400,no_news,0.0,Not Recession,no_anomaly,0
2009-12-28,9.0,9.0,8.59000015258789,8.75,6.944632530212402,170900,no_news,0.0,Not Recession,no_anomaly,0
2009-12-24,9.0,9.010000228881836,8.930000305175781,8.970000267028809,7.119242191314697,182500,no_news,0.0,Not Recession,no_anomaly,0
2009-12-23,8.979999542236328,9.0,8.770000457763672,8.960000038146973,7.111302852630615,151100,no_news,0.0,Not Recession,no_anomaly,0
2009-12-22,8.800000190734863,9.0,8.789999961853027,8.949999809265137,7.103368759155273,186000,no_news,0.0,Not Recession,no_anomaly,0
2009-12-21,8.850000381469727,9.020000457763672,8.609999656677246,8.770000457763672,6.960505962371826,327600,no_news,0.0,Not Recession,no_anomaly,0
2009-12-18,8.6899995803833,8.970000267028809,8.65999984741211,8.8100004196167,6.992252349853516,632300,no_news,0.0,Not Recession,no_anomaly,0
2009-12-17,8.65999984741211,8.6899995803833,8.279999732971191,8.59000015258789,6.817647457122803,249700,no_news,0.0,Not Recession,no_anomaly,0
2009-12-16,8.359999656677246,8.979999542236328,8.359999656677246,8.710000038146973,6.912887096405029,443700,no_news,0.0,Not Recession,no_anomaly,0
2009-12-15,8.25,8.529999732971191,8.220000267028809,8.25,6.547796726226807,247300,no_news,0.0,Not Recession,no_anomaly,0
2009-12-14,8.140000343322754,8.300000190734863,7.989999771118164,8.279999732971191,6.571606636047363,158400,no_news,0.0,Not Recession,no_anomaly,0
2009-12-11,7.960000038146973,8.149999618530273,7.920000076293945,8.069999694824219,6.40493631362915,121200,no_news,0.0,Not Recession,no_anomaly,0
2009-12-10,8.180000305175781,8.270000457763672,7.840000152587891,7.920000076293945,6.285887718200684,124800,no_news,0.0,Not Recession,no_anomaly,0
2009-12-09,8.119999885559082,8.1899995803833,7.929999828338623,8.15999984741211,6.4763665199279785,125200,no_news,0.0,Not Recession,no_anomaly,0
2009-12-08,8.079999923706055,8.270000457763672,8.020000457763672,8.130000114440918,6.452556610107422,163800,no_news,0.0,Not Recession,no_anomaly,0
2009-12-07,8.039999961853027,8.25,8.020000457763672,8.140000343322754,6.460494041442871,160900,no_news,0.0,Not Recession,no_anomaly,0
2009-12-04,7.929999828338623,8.199999809265137,7.71999979019165,8.0,6.349379062652588,221000,no_news,0.0,Not Recession,no_anomaly,0
2009-12-03,7.760000228881836,7.940000057220459,7.679999828338623,7.710000038146973,6.119213104248047,153700,no_news,0.0,Not Recession,no_anomaly,0
2009-12-02,7.619999885559082,7.96999979019165,7.570000171661377,7.75,6.150960922241211,179600,no_news,0.0,Not Recession,no_anomaly,0
2009-12-01,7.400000095367432,7.800000190734863,7.400000095367432,7.590000152587891,6.0239739418029785,161000,no_news,0.0,Not Recession,no_anomaly,0
2009-11-30,7.150000095367432,7.360000133514404,6.920000076293945,7.329999923706055,5.817618370056152,284500,no_news,0.0,Not Recession,no_anomaly,0
2009-11-27,7.25,7.510000228881836,7.099999904632568,7.190000057220459,5.706504821777344,118900,no_news,0.0,Not Recession,no_anomaly,0
2009-11-25,7.539999961853027,7.730000019073486,7.449999809265137,7.610000133514404,6.0398454666137695,128800,no_news,0.0,Not Recession,no_anomaly,0
2009-11-24,7.639999866485596,7.659999847412109,7.239999771118164,7.519999980926514,5.968417167663574,232600,no_news,0.0,Not Recession,no_anomaly,0
2009-11-23,7.590000152587891,7.75,7.570000171661377,7.659999847412109,6.079530715942383,235800,no_news,0.0,Not Recession,no_anomaly,0
2009-11-20,7.519999980926514,7.690000057220459,7.309999942779541,7.480000019073486,5.936668872833252,283100,no_news,0.0,Not Recession,no_anomaly,0
2009-11-19,7.889999866485596,7.96999979019165,7.510000228881836,7.53000020980835,5.976354598999023,294300,no_news,0.0,Not Recession,no_anomaly,0
2009-11-18,8.170000076293945,8.210000038146973,7.869999885559082,7.940000057220459,6.301760196685791,219600,no_news,0.0,Not Recession,no_anomaly,0
2009-11-17,8.109999656677246,8.25,7.849999904632568,8.1899995803833,6.500176429748535,311800,no_news,0.0,Not Recession,no_anomaly,0
2009-11-16,7.96999979019165,8.359999656677246,7.739999771118164,8.0600004196167,6.397000312805176,413900,no_news,0.0,Not Recession,no_anomaly,0
2009-11-13,7.989999771118164,8.09000015258789,7.610000133514404,7.849999904632568,6.230327129364014,372100,no_news,0.0,Not Recession,no_anomaly,0
2009-11-12,7.460000038146973,8.020000457763672,7.429999828338623,7.929999828338623,6.293822288513184,658600,no_news,0.0,Not Recession,no_anomaly,0
2009-11-11,7.659999847412109,7.940000057220459,7.440000057220459,7.440000057220459,5.9049224853515625,338200,no_news,0.0,Not Recession,no_anomaly,0
2009-11-10,7.650000095367432,7.699999809265137,7.5,7.53000020980835,5.976354598999023,248500,no_news,0.0,Not Recession,no_anomaly,0
2009-11-09,6.980000019073486,7.769999980926514,6.760000228881836,7.630000114440918,6.055719375610352,697500,no_news,0.0,Not Recession,no_anomaly,0
2009-11-06,6.980000019073486,7.289999961853027,6.849999904632568,6.880000114440918,5.460465908050537,165800,no_news,0.0,Not Recession,no_anomaly,0
2009-11-05,6.440000057220459,7.079999923706055,6.420000076293945,7.03000020980835,5.579517841339111,297800,negative,-0.7071067811865477,Not Recession,no_anomaly,0
2009-11-04,6.559999942779541,6.880000114440918,6.349999904632568,6.380000114440918,5.063631534576416,156900,no_news,0.0,Not Recession,no_anomaly,0
2009-11-03,6.559999942779541,6.599999904632568,6.130000114440918,6.5,5.158870697021484,315000,no_news,0.0,Not Recession,no_anomaly,0
2009-11-02,6.929999828338623,6.980000019073486,6.460000038146973,6.610000133514404,5.246174812316895,223000,no_news,0.0,Not Recession,no_anomaly,0
2009-10-30,7.400000095367432,7.400000095367432,6.71999979019165,6.880000114440918,5.460465908050537,312600,no_news,0.0,Not Recession,no_anomaly,0
2009-10-29,7.340000152587891,7.53000020980835,7.239999771118164,7.300000190734863,5.7938079833984375,280300,no_news,0.0,Not Recession,no_anomaly,0
2009-10-28,7.730000019073486,7.869999885559082,7.230000019073486,7.28000020980835,5.77793550491333,244600,no_news,0.0,Not Recession,no_anomaly,0
2009-10-27,7.889999866485596,8.079999923706055,7.550000190734863,7.71999979019165,6.127151012420654,340800,no_news,0.0,Not Recession,no_anomaly,0
2009-10-26,8.350000381469727,8.59000015258789,7.869999885559082,7.880000114440918,6.254139423370361,208800,no_news,0.0,Not Recession,no_anomaly,0
2009-10-23,8.550000190734863,8.6899995803833,8.100000381469727,8.289999961853027,6.579542636871338,322900,no_news,0.0,Not Recession,no_anomaly,0
2009-10-22,8.460000038146973,8.630000114440918,8.289999961853027,8.539999961853027,6.777963638305664,208200,no_news,0.0,Not Recession,no_anomaly,0
2009-10-21,8.869999885559082,9.06999969482422,8.40999984741211,8.460000038146973,6.714468479156494,303000,no_news,0.0,Not Recession,no_anomaly,0
2009-10-20,9.020000457763672,9.029999732971191,8.8100004196167,8.869999885559082,7.039875030517578,299800,no_news,0.0,Not Recession,no_anomaly,0
2009-10-19,8.720000267028809,9.109999656677246,8.699999809265137,8.960000038146973,7.111302852630615,588400,no_news,0.0,Not Recession,no_anomaly,0
2009-10-16,8.619999885559082,8.90999984741211,8.479999542236328,8.609999656677246,6.833518505096436,793900,no_news,0.0,Not Recession,no_anomaly,0
2009-10-15,8.0,8.100000381469727,7.849999904632568,8.050000190734863,6.389063358306885,181100,no_news,0.0,Not Recession,no_anomaly,0
2009-10-14,8.199999809265137,8.350000381469727,7.96999979019165,8.100000381469727,6.428746223449707,237600,no_news,0.0,Not Recession,no_anomaly,0
2009-10-13,8.329999923706055,8.420000076293945,8.0600004196167,8.15999984741211,6.4763665199279785,92500,no_news,0.0,Not Recession,no_anomaly,0
2009-10-12,8.210000038146973,8.380000114440918,8.109999656677246,8.319999694824219,6.6033549308776855,154600,no_news,0.0,Not Recession,no_anomaly,0
2009-10-09,7.989999771118164,8.25,7.900000095367432,8.069999694824219,6.40493631362915,236700,no_news,0.0,Not Recession,no_anomaly,0
2009-10-08,7.769999980926514,8.069999694824219,7.730000019073486,8.0,6.349379062652588,228500,no_news,0.0,Not Recession,no_anomaly,0
2009-10-07,7.650000095367432,7.730000019073486,7.5,7.710000038146973,6.119213104248047,140500,no_news,0.0,Not Recession,no_anomaly,0
2009-10-06,7.369999885559082,7.710000038146973,7.269999980926514,7.679999828338623,6.095404624938965,212700,no_news,0.0,Not Recession,no_anomaly,0
2009-10-05,7.199999809265137,7.380000114440918,7.079999923706055,7.340000152587891,5.82555627822876,259400,no_news,0.0,Not Recession,no_anomaly,0
2009-10-02,7.139999866485596,7.409999847412109,7.139999866485596,7.170000076293945,5.69063138961792,129600,no_news,0.0,Not Recession,no_anomaly,0
2009-10-01,7.659999847412109,7.699999809265137,7.159999847412109,7.179999828338623,5.698567867279053,277700,no_news,0.0,Not Recession,no_anomaly,0
2009-09-30,7.989999771118164,7.989999771118164,7.340000152587891,7.730000019073486,6.135087490081787,565400,no_news,0.0,Not Recession,no_anomaly,0
2009-09-29,8.100000381469727,8.25,7.940000057220459,7.949999809265137,6.309694766998291,137800,no_news,0.0,Not Recession,no_anomaly,0
2009-09-28,7.949999809265137,8.270000457763672,7.809999942779541,8.069999694824219,6.40493631362915,258700,no_news,0.0,Not Recession,no_anomaly,0
2009-09-25,8.0,8.079999923706055,7.849999904632568,7.920000076293945,6.285887718200684,437300,no_news,0.0,Not Recession,no_anomaly,0
2009-09-24,8.149999618530273,8.25,8.010000228881836,8.029999732971191,6.373188495635986,847400,no_news,0.0,Not Recession,no_anomaly,0
2009-09-23,8.0600004196167,8.329999923706055,8.020000457763672,8.149999618530273,6.468429088592529,285700,no_news,0.0,Not Recession,no_anomaly,0
2009-09-22,8.140000343322754,8.1899995803833,8.0,8.029999732971191,6.373188495635986,214000,no_news,0.0,Not Recession,no_anomaly,0
2009-09-21,7.489999771118164,8.149999618530273,7.489999771118164,8.029999732971191,6.373188495635986,570200,no_news,0.0,Not Recession,no_anomaly,0
2009-09-18,7.340000152587891,7.449999809265137,7.099999904632568,7.309999942779541,5.8017449378967285,357100,no_news,0.0,Not Recession,no_anomaly,0
2009-09-17,7.260000228881836,7.489999771118164,7.150000095367432,7.320000171661377,5.809682369232178,127700,no_news,0.0,Not Recession,no_anomaly,0
2009-09-16,7.119999885559082,7.269999980926514,7.050000190734863,7.25,5.754125118255615,225900,no_news,0.0,Not Recession,no_anomaly,0
2009-09-15,7.03000020980835,7.21999979019165,6.940000057220459,7.110000133514404,5.643011093139648,194600,no_news,0.0,Not Recession,no_anomaly,0
2009-09-14,6.510000228881836,7.099999904632568,6.510000228881836,7.070000171661377,5.611262798309326,223000,no_news,0.0,Not Recession,no_anomaly,0
2009-09-11,6.440000057220459,6.579999923706055,6.25,6.550000190734863,5.198554515838623,214900,no_news,0.0,Not Recession,no_anomaly,0
2009-09-10,6.340000152587891,6.510000228881836,6.309999942779541,6.449999809265137,5.119186878204346,453200,no_news,0.0,Not Recession,no_anomaly,0
2009-09-09,6.380000114440918,6.389999866485596,6.21999979019165,6.369999885559082,5.055692195892334,440700,no_news,0.0,Not Recession,no_anomaly,0
2009-09-08,6.489999771118164,6.559999942779541,6.289999961853027,6.400000095367432,5.079504013061523,290800,no_news,0.0,Not Recession,no_anomaly,0
2009-09-04,6.269999980926514,6.460000038146973,6.239999771118164,6.440000057220459,5.111249923706055,344300,no_news,0.0,Not Recession,no_anomaly,0
2009-09-03,6.289999961853027,6.409999847412109,6.21999979019165,6.269999980926514,4.976324558258057,159100,no_news,0.0,Not Recession,no_anomaly,0
2009-09-02,6.179999828338623,6.400000095367432,6.130000114440918,6.260000228881836,4.968388557434082,150800,no_news,0.0,Not Recession,no_anomaly,0
2009-09-01,6.460000038146973,6.920000076293945,6.150000095367432,6.210000038146973,4.928706169128418,336000,no_news,0.0,Not Recession,no_anomaly,0
2009-08-31,6.679999828338623,6.699999809265137,6.489999771118164,6.5,5.158870697021484,199200,no_news,0.0,Not Recession,no_anomaly,0
2009-08-28,7.0,7.179999828338623,6.619999885559082,6.739999771118164,5.34935188293457,116100,no_news,0.0,Not Recession,no_anomaly,0
2009-08-27,7.0,7.0,6.670000076293945,6.889999866485596,5.46840238571167,101500,no_news,0.0,Not Recession,no_anomaly,0
2009-08-26,7.099999904632568,7.139999866485596,6.869999885559082,6.989999771118164,5.547768592834473,123300,no_news,0.0,Not Recession,no_anomaly,0
2009-08-25,7.130000114440918,7.199999809265137,7.010000228881836,7.090000152587891,5.627137184143066,106700,no_news,0.0,Not Recession,no_anomaly,0
2009-08-24,7.039999961853027,7.110000133514404,6.809999942779541,7.070000171661377,5.611262798309326,148500,no_news,0.0,Not Recession,no_anomaly,0
2009-08-21,6.909999847412109,7.130000114440918,6.639999866485596,7.039999961853027,5.587451934814453,292600,no_news,0.0,Not Recession,no_anomaly,0
2009-08-20,6.849999904632568,6.949999809265137,6.619999885559082,6.769999980926514,5.373160362243652,155100,no_news,0.0,Not Recession,no_anomaly,0
2009-08-19,6.429999828338623,6.860000133514404,6.420000076293945,6.849999904632568,5.436655521392822,185900,no_news,0.0,Not Recession,no_anomaly,0
2009-08-18,6.449999809265137,6.590000152587891,6.28000020980835,6.53000020980835,5.182681560516357,151900,no_news,0.0,Not Recession,no_anomaly,0
2009-08-17,6.179999828338623,6.440000057220459,6.050000190734863,6.409999847412109,5.087438583374023,205800,no_news,0.0,Not Recession,no_anomaly,0
2009-08-14,6.449999809265137,6.550000190734863,6.010000228881836,6.329999923706055,5.023946762084961,165700,no_news,0.0,Not Recession,no_anomaly,0
2009-08-13,6.440000057220459,6.610000133514404,6.329999923706055,6.480000019073486,5.1429972648620605,168300,no_news,0.0,Not Recession,no_anomaly,0
2009-08-12,6.139999866485596,6.679999828338623,6.059999942779541,6.400000095367432,5.079504013061523,292400,no_news,0.0,Not Recession,no_anomaly,0
2009-08-11,6.429999828338623,6.429999828338623,5.889999866485596,6.159999847412109,4.889022350311279,242600,no_news,0.0,Not Recession,no_anomaly,0
2009-08-10,6.570000171661377,6.610000133514404,6.380000114440918,6.449999809265137,5.119186878204346,262800,no_news,0.0,Not Recession,no_anomaly,0
2009-08-07,6.360000133514404,7.260000228881836,6.260000228881836,6.650000095367432,5.277920722961426,1250100,no_news,0.0,Not Recession,no_anomaly,0
2009-08-06,5.900000095367432,5.929999828338623,5.599999904632568,5.610000133514404,4.452502727508545,127400,no_news,0.0,Not Recession,no_anomaly,0
2009-08-05,6.090000152587891,6.090000152587891,5.679999828338623,5.889999866485596,4.674731254577637,175800,no_news,0.0,Not Recession,no_anomaly,0
2009-08-04,5.960000038146973,6.130000114440918,5.849999904632568,6.090000152587891,4.833465099334717,198000,no_news,0.0,Not Recession,no_anomaly,0
2009-08-03,5.989999771118164,6.139999866485596,5.920000076293945,6.059999942779541,4.809654235839844,189500,no_news,0.0,Not Recession,no_anomaly,0
2009-07-31,5.78000020980835,6.079999923706055,5.769999980926514,5.929999828338623,4.706477165222168,266300,no_news,0.0,Not Recession,no_anomaly,0
2009-07-30,5.909999847412109,6.050000190734863,5.78000020980835,5.829999923706055,4.627111434936523,289200,no_news,0.0,Not Recession,no_anomaly,0
2009-07-29,6.110000133514404,6.139999866485596,5.800000190734863,5.869999885559082,4.6588568687438965,310300,no_news,0.0,Not Recession,no_anomaly,0
2009-07-28,6.170000076293945,6.360000133514404,5.880000114440918,6.150000095367432,4.881083965301514,141800,no_news,0.0,Not Recession,no_anomaly,0
2009-07-27,6.25,6.309999942779541,6.050000190734863,6.239999771118164,4.952515125274658,128000,no_news,0.0,Not Recession,no_anomaly,0
2009-07-24,6.320000171661377,6.369999885559082,5.949999809265137,6.28000020980835,4.9842634201049805,215000,no_news,0.0,Not Recession,no_anomaly,0
2009-07-23,5.670000076293945,6.599999904632568,5.550000190734863,6.360000133514404,5.047757148742676,561600,no_news,0.0,Not Recession,no_anomaly,0
2009-07-22,5.440000057220459,5.800000190734863,5.329999923706055,5.690000057220459,4.515995502471924,155400,no_news,0.0,Not Recession,no_anomaly,0
2009-07-21,5.539999961853027,5.559999942779541,5.289999961853027,5.460000038146973,4.333449840545654,191800,no_news,0.0,Not Recession,no_anomaly,0
2009-07-20,5.679999828338623,5.679999828338623,5.409999847412109,5.489999771118164,4.357261657714844,112600,no_news,0.0,Not Recession,no_anomaly,0
2009-07-17,5.46999979019165,5.739999771118164,5.380000114440918,5.659999847412109,4.492184638977051,219200,no_news,0.0,Not Recession,no_anomaly,0
2009-07-16,5.320000171661377,5.53000020980835,5.28000020980835,5.460000038146973,4.333449840545654,142300,no_news,0.0,Not Recession,no_anomaly,0
2009-07-15,4.929999828338623,5.380000114440918,4.820000171661377,5.369999885559082,4.262020587921143,399400,no_news,0.0,Not Recession,no_anomaly,0
2009-07-14,4.5,4.849999904632568,4.409999847412109,4.849999904632568,3.849311351776123,171000,no_news,0.0,Not Recession,no_anomaly,0
2009-07-13,4.269999980926514,4.519999980926514,4.199999809265137,4.519999980926514,3.5873985290527344,158500,no_news,0.0,Not Recession,no_anomaly,0
2009-07-10,4.159999847412109,4.329999923706055,4.159999847412109,4.25,3.373107433319092,145600,no_news,0.0,Not Recession,no_anomaly,0
2009-07-09,4.179999828338623,4.300000190734863,4.159999847412109,4.179999828338623,3.3175504207611084,158300,no_news,0.0,Not Recession,no_anomaly,0
2009-07-08,4.329999923706055,4.349999904632568,4.099999904632568,4.159999847412109,3.3016774654388428,249100,no_news,0.0,Not Recession,no_anomaly,0
2009-07-07,4.329999923706055,4.429999828338623,4.289999961853027,4.289999961853027,3.4048547744750977,214300,no_news,0.0,Not Recession,no_anomaly,0
2009-07-06,4.550000190734863,4.559999942779541,4.25,4.329999923706055,3.436601161956787,142300,no_news,0.0,Not Recession,no_anomaly,0
2009-07-02,4.619999885559082,4.730000019073486,4.360000133514404,4.559999942779541,3.6191468238830566,391600,no_news,0.0,Not Recession,no_anomaly,0
2009-07-01,4.53000020980835,4.789999961853027,4.420000076293945,4.699999809265137,3.730259656906128,289700,no_news,0.0,Not Recession,no_anomaly,0
2009-06-30,4.659999847412109,4.75,4.440000057220459,4.480000019073486,3.555651426315308,203100,no_news,0.0,Recession,no_anomaly,0
2009-06-29,4.760000228881836,4.78000020980835,4.5,4.639999866485596,3.6826400756835938,170400,no_news,0.0,Recession,no_anomaly,0
2009-06-26,4.78000020980835,4.909999847412109,4.559999942779541,4.78000020980835,3.793754100799561,672200,no_news,0.0,Recession,no_anomaly,0
2009-06-25,4.46999979019165,4.809999942779541,4.46999979019165,4.800000190734863,3.8096282482147217,232800,no_news,0.0,Recession,no_anomaly,0
2009-06-24,4.489999771118164,4.820000171661377,4.440000057220459,4.53000020980835,3.5953357219696045,187300,no_news,0.0,Recession,no_anomaly,0
2009-06-23,4.199999809265137,4.53000020980835,4.130000114440918,4.460000038146973,3.539779663085937,377200,no_news,0.0,Recession,no_anomaly,0
2009-06-22,4.389999866485596,4.389999866485596,4.130000114440918,4.159999847412109,3.3016774654388428,316600,no_news,0.0,Recession,no_anomaly,0
2009-06-19,4.760000228881836,4.760000228881836,4.400000095367432,4.420000076293945,3.5080320835113525,810800,no_news,0.0,Recession,no_anomaly,0
2009-06-18,4.769999980926514,4.869999885559082,4.619999885559082,4.659999847412109,3.6985135078430176,227000,no_news,0.0,Recession,no_anomaly,0
2009-06-17,4.659999847412109,4.96999979019165,4.570000171661377,4.789999961853027,3.801691055297852,229900,no_news,0.0,Recession,no_anomaly,0
2009-06-16,4.849999904632568,4.869999885559082,4.659999847412109,4.659999847412109,3.6985135078430176,199900,no_news,0.0,Recession,no_anomaly,0
2009-06-15,4.889999866485596,5.019999980926514,4.71999979019165,4.829999923706055,3.833437442779541,296300,no_news,0.0,Recession,no_anomaly,0
2009-06-12,5.039999961853027,5.059999942779541,4.929999828338623,5.059999942779541,4.015981197357178,209700,no_news,0.0,Recession,no_anomaly,0
2009-06-11,5.019999980926514,5.320000171661377,4.989999771118164,5.099999904632568,4.0477294921875,300400,no_news,0.0,Recession,no_anomaly,0
2009-06-10,5.0,5.090000152587891,4.960000038146973,5.019999980926514,3.9842350482940674,345900,no_news,0.0,Recession,no_anomaly,0
2009-06-09,4.75,5.159999847412109,4.75,4.960000038146973,3.936614990234375,314200,no_news,0.0,Recession,no_anomaly,0
2009-06-08,4.570000171661377,4.760000228881836,4.380000114440918,4.730000019073486,3.754070281982422,323100,no_news,0.0,Recession,no_anomaly,0
2009-06-05,4.550000190734863,4.71999979019165,4.5,4.590000152587891,3.642956733703613,407100,no_news,0.0,Recession,no_anomaly,0
2009-06-04,4.190000057220459,4.53000020980835,4.179999828338623,4.440000057220459,3.5239052772521973,1210700,no_news,0.0,Recession,no_anomaly,0
2009-06-03,3.900000095367432,4.070000171661377,3.869999885559082,4.070000171661377,3.2302470207214355,1141000,no_news,0.0,Recession,no_anomaly,0
2009-06-02,3.990000009536743,4.099999904632568,3.900000095367432,3.930000066757202,3.1191329956054688,508900,no_news,0.0,Recession,no_anomaly,0
2009-06-01,3.9800000190734863,4.110000133514404,3.950000047683716,4.0,3.174689531326294,859500,no_news,0.0,Recession,no_anomaly,0
2009-05-29,3.950000047683716,4.010000228881836,3.7899999618530273,3.869999885559082,3.071511745452881,487700,no_news,0.0,Recession,no_anomaly,0
2009-05-28,3.900000095367432,4.019999980926514,3.7899999618530273,3.940000057220459,3.1270697116851807,468000,no_news,0.0,Recession,no_anomaly,0
2009-05-27,3.990000009536743,4.059999942779541,3.849999904632568,3.849999904632568,3.0556387901306152,396700,no_news,0.0,Recession,no_anomaly,0
2009-05-26,3.920000076293945,4.03000020980835,3.819999933242798,4.03000020980835,3.198500156402588,453700,no_news,0.0,Recession,no_anomaly,0
2009-05-22,4.039999961853027,4.079999923706055,3.839999914169312,3.950000047683716,3.135006189346313,533300,no_news,0.0,Recession,no_anomaly,0
2009-05-21,4.329999923706055,4.380000114440918,3.920000076293945,4.019999980926514,3.190563440322876,562400,no_news,0.0,Recession,no_anomaly,0
2009-05-20,4.599999904632568,4.75,4.340000152587891,4.380000114440918,3.476285457611084,340200,no_news,0.0,Recession,no_anomaly,0
2009-05-19,4.800000190734863,4.800000190734863,4.539999961853027,4.559999942779541,3.6191468238830566,363200,no_news,0.0,Recession,no_anomaly,0
2009-05-18,4.820000171661377,4.889999866485596,4.739999771118164,4.769999980926514,3.785817861557007,292400,no_news,0.0,Recession,no_anomaly,0
2009-05-15,4.840000152587891,5.0,4.739999771118164,4.760000228881836,3.777881622314453,513300,no_news,0.0,Recession,no_anomaly,0
2009-05-14,4.329999923706055,4.730000019073486,4.329999923706055,4.670000076293945,3.7064499855041504,376800,no_news,0.0,Recession,no_anomaly,0
2009-05-13,4.480000019073486,4.550000190734863,4.25,4.260000228881836,3.3810455799102783,446900,no_news,0.0,Recession,no_anomaly,0
2009-05-12,4.880000114440918,4.949999809265137,4.5,4.570000171661377,3.627082586288452,296800,no_news,0.0,Recession,no_anomaly,0
2009-05-11,4.949999809265137,5.150000095367432,4.75,4.829999923706055,3.833437442779541,363800,no_news,0.0,Recession,no_anomaly,0
2009-05-08,6.130000114440918,6.150000095367432,4.929999828338623,5.070000171661377,4.023920059204102,554400,no_news,0.0,Recession,no_anomaly,0
2009-05-07,6.449999809265137,6.489999771118164,6.079999923706055,6.25,4.960453987121582,364000,no_news,0.0,Recession,no_anomaly,0
2009-05-06,6.360000133514404,6.46999979019165,6.139999866485596,6.329999923706055,5.023946762084961,253300,no_news,0.0,Recession,no_anomaly,0
2009-05-05,6.420000076293945,6.480000019073486,6.099999904632568,6.28000020980835,4.9842634201049805,276500,no_news,0.0,Recession,no_anomaly,0
2009-05-04,6.130000114440918,6.489999771118164,6.039999961853027,6.480000019073486,5.1429972648620605,206200,no_news,0.0,Recession,no_anomaly,0
2009-05-01,6.139999866485596,6.25,5.909999847412109,6.079999923706055,4.825528621673584,169300,no_news,0.0,Recession,no_anomaly,0
2009-04-30,5.980000019073486,6.489999771118164,5.869999885559082,6.21999979019165,4.936642169952393,272100,no_news,0.0,Recession,no_anomaly,0
2009-04-29,5.650000095367432,6.010000228881836,5.599999904632568,5.920000076293945,4.698541164398193,239100,no_news,0.0,Recession,no_anomaly,0
2009-04-28,5.489999771118164,5.75,5.380000114440918,5.590000152587891,4.436629295349121,266400,no_news,0.0,Recession,no_anomaly,0
2009-04-27,5.659999847412109,5.800000190734863,5.460000038146973,5.579999923706055,4.428691387176514,212600,no_news,0.0,Recession,no_anomaly,0
2009-04-24,5.730000019073486,5.929999828338623,5.659999847412109,5.769999980926514,4.579489707946777,338300,no_news,0.0,Recession,no_anomaly,0
2009-04-23,6.039999961853027,6.139999866485596,5.650000095367432,5.650000095367432,4.484248638153076,431200,no_news,0.0,Recession,no_anomaly,0
2009-04-22,5.889999866485596,6.369999885559082,5.860000133514404,6.03000020980835,4.785845279693604,236400,no_news,0.0,Recession,no_anomaly,0
2009-04-21,5.869999885559082,6.050000190734863,5.849999904632568,6.010000228881836,4.76997184753418,172300,no_news,0.0,Recession,no_anomaly,0
2009-04-20,5.980000019073486,6.099999904632568,5.869999885559082,5.889999866485596,4.674731254577637,311700,no_news,0.0,Recession,no_anomaly,0
2009-04-17,5.940000057220459,6.260000228881836,5.809999942779541,6.159999847412109,4.889022350311279,196200,no_news,0.0,Recession,no_anomaly,0
2009-04-16,5.599999904632568,5.960000038146973,5.599999904632568,5.909999847412109,4.690602779388428,248300,no_news,0.0,Recession,no_anomaly,0
2009-04-15,5.400000095367432,5.710000038146973,5.300000190734863,5.679999828338623,4.508059024810791,197200,no_news,0.0,Recession,no_anomaly,0
2009-04-14,5.550000190734863,5.769999980926514,5.449999809265137,5.539999961853027,4.396944999694824,223800,no_news,0.0,Recession,no_anomaly,0
2009-04-13,5.699999809265137,5.760000228881836,5.340000152587891,5.670000076293945,4.500122547149658,148000,no_news,0.0,Recession,no_anomaly,0
2009-04-09,5.25,5.800000190734863,5.25,5.800000190734863,4.603299617767334,330500,no_news,0.0,Recession,no_anomaly,0
2009-04-08,4.909999847412109,5.139999866485596,4.800000190734863,5.139999866485596,4.079475402832031,147700,no_news,0.0,Recession,no_anomaly,0
2009-04-07,4.900000095367432,4.949999809265137,4.71999979019165,4.880000114440918,3.873121738433838,253400,no_news,0.0,Recession,no_anomaly,0
2009-04-06,4.980000019073486,5.03000020980835,4.71999979019165,4.980000019073486,3.9524872303009033,202100,no_news,0.0,Recession,no_anomaly,0
2009-04-03,5.059999942779541,5.110000133514404,4.829999923706055,5.039999961853027,4.000108242034912,326800,no_news,0.0,Recession,no_anomaly,0
2009-04-02,4.730000019073486,5.179999828338623,4.510000228881836,5.059999942779541,4.015981197357178,419900,no_news,0.0,Recession,no_anomaly,0
2009-04-01,4.510000228881836,4.619999885559082,4.329999923706055,4.599999904632568,3.650892972946167,229400,no_news,0.0,Recession,no_anomaly,0
2009-03-31,4.590000152587891,4.809999942779541,4.46999979019165,4.610000133514404,3.658830165863037,409500,no_news,0.0,Recession,no_anomaly,0
2009-03-30,4.699999809265137,4.699999809265137,4.340000152587891,4.559999942779541,3.6191468238830566,185500,no_news,0.0,Recession,no_anomaly,0
2009-03-27,4.980000019073486,5.190000057220459,4.809999942779541,4.820000171661377,3.8255014419555664,224400,no_news,0.0,Recession,no_anomaly,0
2009-03-26,4.889999866485596,5.239999771118164,4.699999809265137,5.099999904632568,4.0477294921875,271200,no_news,0.0,Recession,no_anomaly,0
2009-03-25,4.989999771118164,4.989999771118164,4.429999828338623,4.800000190734863,3.8096282482147217,221100,no_news,0.0,Recession,no_anomaly,0
2009-03-24,4.699999809265137,4.840000152587891,4.699999809265137,4.739999771118164,3.762006998062134,230700,no_news,0.0,Recession,no_anomaly,0
2009-03-23,4.369999885559082,4.900000095367432,4.260000228881836,4.800000190734863,3.8096282482147217,395800,no_news,0.0,Recession,no_anomaly,0
2009-03-20,4.659999847412109,4.769999980926514,4.179999828338623,4.179999828338623,3.3175504207611084,375000,no_news,0.0,Recession,no_anomaly,0
2009-03-19,4.900000095367432,4.900000095367432,4.590000152587891,4.610000133514404,3.658830165863037,197700,no_news,0.0,Recession,no_anomaly,0
2009-03-18,4.679999828338623,5.0,4.480000019073486,4.840000152587891,3.8413748741149902,254000,no_news,0.0,Recession,no_anomaly,0
2009-03-17,4.159999847412109,4.679999828338623,4.159999847412109,4.679999828338623,3.714385747909546,201800,no_news,0.0,Recession,no_anomaly,0
2009-03-16,4.210000038146973,4.480000019073486,4.130000114440918,4.179999828338623,3.3175504207611084,206200,no_news,0.0,Recession,no_anomaly,0
2009-03-13,4.239999771118164,4.380000114440918,4.159999847412109,4.340000152587891,3.4445388317108154,201600,no_news,0.0,Recession,no_anomaly,0
2009-03-12,3.990000009536743,4.429999828338623,3.839999914169312,4.28000020980835,3.396918535232544,289800,no_news,0.0,Recession,no_anomaly,0
2009-03-11,3.759999990463257,4.070000171661377,3.690000057220459,4.019999980926514,3.190563440322876,269500,no_news,0.0,Recession,no_anomaly,0
2009-03-10,3.4200000762939453,3.7799999713897705,3.390000104904175,3.7200000286102295,2.952461242675781,317100,no_news,0.0,Recession,no_anomaly,0
2009-03-09,3.390000104904175,3.569999933242798,3.299999952316284,3.3299999237060547,2.6429288387298584,289200,no_news,0.0,Recession,no_anomaly,0
2009-03-06,3.4800000190734863,3.609999895095825,3.319999933242798,3.440000057220459,2.730232954025269,273500,no_news,0.0,Recession,no_anomaly,0
2009-03-05,3.609999895095825,3.7200000286102295,3.430000066757202,3.450000047683716,2.7381696701049805,394200,no_news,0.0,Recession,no_anomaly,0
2009-03-04,3.5799999237060547,3.740000009536743,3.509999990463257,3.690000057220459,2.928651094436645,319100,no_news,0.0,Recession,no_anomaly,0
2009-03-03,3.930000066757202,3.930000066757202,3.5199999809265137,3.5199999809265137,2.7937259674072266,259200,no_news,0.0,Recession,no_anomaly,0
2009-03-02,4.190000057220459,4.260000228881836,3.809999942779541,3.839999914169312,3.0477023124694824,423700,no_news,0.0,Recession,no_anomaly,0
2009-02-27,4.190000057220459,4.429999828338623,4.110000133514404,4.28000020980835,3.396918535232544,350400,no_news,0.0,Recession,no_anomaly,0
2009-02-26,4.230000019073486,4.46999979019165,4.119999885559082,4.25,3.373107433319092,380400,no_news,0.0,Recession,no_anomaly,0
2009-02-25,4.159999847412109,4.230000019073486,3.9700000286102295,4.199999809265137,3.333424091339112,352400,no_news,0.0,Recession,no_anomaly,0
2009-02-24,3.829999923706055,4.269999980926514,3.829999923706055,4.179999828338623,3.3175504207611084,415000,no_news,0.0,Recession,no_anomaly,0
2009-02-23,4.03000020980835,4.090000152587891,3.7100000381469727,3.7799999713897705,3.000081777572632,353600,no_news,0.0,Recession,no_anomaly,0
2009-02-20,3.890000104904175,4.099999904632568,3.7799999713897705,4.0,3.174689531326294,389600,no_news,0.0,Recession,no_anomaly,0
2009-02-19,4.170000076293945,4.300000190734863,3.940000057220459,3.9700000286102295,3.1508800983428955,401900,no_news,0.0,Recession,no_anomaly,0
2009-02-18,4.199999809265137,4.409999847412109,4.099999904632568,4.099999904632568,3.254056215286255,478400,no_news,0.0,Recession,no_anomaly,0
2009-02-17,4.480000019073486,4.5,4.170000076293945,4.170000076293945,3.309613943099976,358500,no_news,0.0,Recession,no_anomaly,0
2009-02-13,4.329999923706055,4.75,4.210000038146973,4.670000076293945,3.7064499855041504,359100,no_news,0.0,Recession,no_anomaly,0
2009-02-12,4.150000095367432,4.440000057220459,4.150000095367432,4.309999942779541,3.42072868347168,294800,no_news,0.0,Recession,no_anomaly,0
2009-02-11,4.269999980926514,4.46999979019165,4.110000133514404,4.28000020980835,3.396918535232544,415000,no_news,0.0,Recession,no_anomaly,0
2009-02-10,5.03000020980835,5.230000019073486,4.260000228881836,4.260000228881836,3.3810455799102783,650100,no_news,0.0,Recession,no_anomaly,0
2009-02-09,5.730000019073486,5.860000133514404,5.300000190734863,5.460000038146973,4.333449840545654,378300,no_news,0.0,Recession,no_anomaly,0
2009-02-06,5.110000133514404,5.889999866485596,4.920000076293945,5.860000133514404,4.6509199142456055,734000,no_news,0.0,Recession,no_anomaly,0
2009-02-05,4.949999809265137,5.25,4.809999942779541,5.099999904632568,4.0477294921875,440200,no_news,0.0,Recession,no_anomaly,0
2009-02-04,4.590000152587891,5.110000133514404,4.550000190734863,5.0,3.968363761901856,989400,no_news,0.0,Recession,no_anomaly,0
2009-02-03,4.590000152587891,4.699999809265137,4.46999979019165,4.599999904632568,3.650892972946167,333300,no_news,0.0,Recession,no_anomaly,0
2009-02-02,4.349999904632568,4.760000228881836,4.269999980926514,4.690000057220459,3.722323417663574,311400,no_news,0.0,Recession,no_anomaly,0
2009-01-30,4.690000057220459,4.840000152587891,4.539999961853027,4.570000171661377,3.627082586288452,262800,no_news,0.0,Recession,no_anomaly,0
2009-01-29,5.03000020980835,5.039999961853027,4.639999866485596,4.650000095367432,3.6905770301818848,406800,no_news,0.0,Recession,no_anomaly,0
2009-01-28,4.940000057220459,5.190000057220459,4.730000019073486,5.110000133514404,4.055665969848633,528400,no_news,0.0,Recession,no_anomaly,0
2009-01-27,4.659999847412109,4.909999847412109,4.610000133514404,4.869999885559082,3.865185022354126,221100,no_news,0.0,Recession,no_anomaly,0
2009-01-26,4.570000171661377,4.840000152587891,4.519999980926514,4.659999847412109,3.6985135078430176,318200,no_news,0.0,Recession,no_anomaly,0
2009-01-23,4.289999961853027,4.739999771118164,4.21999979019165,4.590000152587891,3.642956733703613,306500,no_news,0.0,Recession,no_anomaly,0
2009-01-22,4.610000133514404,4.71999979019165,4.320000171661377,4.400000095367432,3.4921584129333496,263900,no_news,0.0,Recession,no_anomaly,0
2009-01-21,4.579999923706055,4.739999771118164,4.239999771118164,4.730000019073486,3.754070281982422,482200,no_news,0.0,Recession,no_anomaly,0
2009-01-20,5.130000114440918,5.21999979019165,4.519999980926514,4.519999980926514,3.5873985290527344,511100,no_news,0.0,Recession,no_anomaly,0
2009-01-16,5.28000020980835,5.329999923706055,4.840000152587891,5.21999979019165,4.142969608306885,651300,no_news,0.0,Recession,no_anomaly,0
2009-01-15,5.400000095367432,5.519999980926514,4.920000076293945,5.21999979019165,4.142969608306885,636800,no_news,0.0,Recession,no_anomaly,0
2009-01-14,5.639999866485596,5.690000057220459,5.409999847412109,5.420000076293945,4.30170488357544,511900,no_news,0.0,Recession,no_anomaly,0
2009-01-13,5.53000020980835,5.880000114440918,5.440000057220459,5.75,4.563617706298828,298800,no_news,0.0,Recession,no_anomaly,0
2009-01-12,5.769999980926514,6.019999980926514,5.5,5.550000190734863,4.404882431030273,492300,no_news,0.0,Recession,no_anomaly,0
2009-01-09,6.260000228881836,6.269999980926514,5.75,5.78000020980835,4.587426662445068,340300,no_news,0.0,Recession,no_anomaly,0
2009-01-08,5.840000152587891,6.289999961853027,5.639999866485596,6.28000020980835,4.9842634201049805,267900,no_news,0.0,Recession,no_anomaly,0
2009-01-07,6.070000171661377,6.070000171661377,5.730000019073486,5.869999885559082,4.6588568687438965,270100,no_news,0.0,Recession,no_anomaly,0
2009-01-06,5.679999828338623,6.28000020980835,5.630000114440918,6.230000019073486,4.944579124450684,257700,no_news,0.0,Recession,no_anomaly,0
2009-01-05,6.21999979019165,6.21999979019165,5.579999923706055,5.630000114440918,4.468376636505127,312500,no_news,0.0,Recession,no_anomaly,0
2009-01-02,5.809999942779541,6.269999980926514,5.659999847412109,6.21999979019165,4.936642169952393,206700,no_news,0.0,Recession,no_anomaly,0
2008-12-31,5.699999809265137,5.849999904632568,5.5,5.809999942779541,4.611237525939941,435000,no_news,0.0,Recession,no_anomaly,0
2008-12-30,5.389999866485596,5.710000038146973,5.340000152587891,5.710000038146973,4.531869888305664,256700,no_news,0.0,Recession,no_anomaly,0
2008-12-29,5.059999942779541,5.409999847412109,5.039999961853027,5.369999885559082,4.262020587921143,365400,no_news,0.0,Recession,no_anomaly,0
2008-12-26,5.130000114440918,5.25,5.079999923706055,5.090000152587891,4.039793491363525,182300,no_news,0.0,Recession,no_anomaly,0
2008-12-24,5.170000076293945,5.190000057220459,5.070000171661377,5.099999904632568,4.0477294921875,129200,no_news,0.0,Recession,no_anomaly,0
2008-12-23,5.369999885559082,5.539999961853027,5.079999923706055,5.159999847412109,4.095349311828613,238100,no_news,0.0,Recession,no_anomaly,0
2008-12-22,5.269999980926514,5.349999904632568,5.019999980926514,5.329999923706055,4.230273723602295,409500,no_news,0.0,Recession,no_anomaly,0
2008-12-19,5.300000190734863,5.579999923706055,5.130000114440918,5.28000020980835,4.190589904785156,927400,no_news,0.0,Recession,no_anomaly,0
2008-12-18,5.679999828338623,5.690000057220459,5.039999961853027,5.139999866485596,4.079475402832031,367300,no_news,0.0,Recession,no_anomaly,0
2008-12-17,5.519999980926514,5.71999979019165,5.340000152587891,5.690000057220459,4.515995502471924,346100,no_news,0.0,Recession,no_anomaly,0
2008-12-16,5.389999866485596,5.679999828338623,5.099999904632568,5.599999904632568,4.4445648193359375,533900,no_news,0.0,Recession,no_anomaly,0
2008-12-15,5.760000228881836,5.760000228881836,5.170000076293945,5.309999942779541,4.214401245117188,342700,no_news,0.0,Recession,no_anomaly,0
2008-12-12,5.010000228881836,6.050000190734863,4.940000057220459,5.760000228881836,4.5715532302856445,701500,no_news,0.0,Recession,no_anomaly,0
2008-12-11,5.260000228881836,5.760000228881836,5.079999923706055,5.139999866485596,4.079475402832031,402400,no_news,0.0,Recession,no_anomaly,0
2008-12-10,5.130000114440918,5.489999771118164,5.099999904632568,5.369999885559082,4.262020587921143,344200,no_news,0.0,Recession,no_anomaly,0
2008-12-09,5.070000171661377,5.449999809265137,4.789999961853027,5.079999923706055,4.031855583190918,649400,no_news,0.0,Recession,no_anomaly,0
2008-12-08,4.659999847412109,5.340000152587891,4.610000133514404,5.03000020980835,3.992172718048096,709200,no_news,0.0,Recession,no_anomaly,0
2008-12-05,4.300000190734863,4.599999904632568,4.090000152587891,4.599999904632568,3.650892972946167,623500,no_news,0.0,Recession,no_anomaly,0
2008-12-04,4.28000020980835,4.690000057220459,4.28000020980835,4.400000095367432,3.4921584129333496,552000,no_news,0.0,Recession,no_anomaly,0
2008-12-03,3.75,4.460000038146973,3.7200000286102295,4.369999885559082,3.468347549438477,500600,no_news,0.0,Recession,no_anomaly,0
2008-12-02,3.5999999046325684,3.890000104904175,3.5299999713897705,3.829999923706055,3.0397653579711914,505600,no_news,0.0,Recession,no_anomaly,0
2008-12-01,3.5899999141693115,3.829999923706055,3.5899999141693115,3.7100000381469727,2.944525241851806,770500,no_news,0.0,Recession,no_anomaly,0
2008-11-28,3.7699999809265137,3.950000047683716,3.7200000286102295,3.859999895095825,3.063575506210327,145000,no_news,0.0,Recession,no_anomaly,0
2008-11-26,3.220000028610229,3.829999923706055,3.200000047683716,3.819999933242798,3.0318286418914795,467500,no_news,0.0,Recession,no_anomaly,0
2008-11-25,3.220000028610229,3.3499999046325684,3.0999999046325684,3.299999952316284,2.6191189289093018,641700,no_news,0.0,Recession,no_anomaly,0
2008-11-24,2.930000066757202,3.200000047683716,2.8399999141693115,3.190000057220459,2.531815767288208,386400,no_news,0.0,Recession,no_anomaly,0
2008-11-21,2.640000104904175,2.869999885559082,2.5199999809265137,2.869999885559082,2.2778396606445312,922800,no_news,0.0,Recession,no_anomaly,0
2008-11-20,2.75,2.9200000762939453,2.559999942779541,2.5799999237060547,2.047674655914306,861500,no_news,0.0,Recession,no_anomaly,0
2008-11-19,2.970000028610229,3.0999999046325684,2.75,2.7699999809265137,2.198472499847412,552500,no_news,0.0,Recession,no_anomaly,0
2008-11-18,3.25,3.2699999809265137,2.890000104904175,2.9800000190734863,2.3651440143585205,735700,no_news,0.0,Recession,no_anomaly,0
2008-11-17,3.619999885559082,3.670000076293945,3.240000009536743,3.2699999809265137,2.595308780670166,686700,no_news,0.0,Recession,no_anomaly,0
2008-11-14,4.050000190734863,4.090000152587891,3.630000114440918,3.660000085830689,2.904841184616089,763800,no_news,0.0,Recession,neutral,1
2008-11-13,4.050000190734863,4.159999847412109,3.5199999809265137,4.139999866485596,3.2858033180236816,1010300,no_news,0.0,Recession,neutral,1
2008-11-12,5.139999866485596,5.199999809265137,4.039999961853027,4.050000190734863,3.214373111724853,1064500,no_news,0.0,Recession,no_anomaly,0
2008-11-11,5.510000228881836,5.630000114440918,5.309999942779541,5.309999942779541,4.214401245117188,466900,no_news,0.0,Recession,no_anomaly,0
2008-11-10,5.920000076293945,5.940000057220459,5.550000190734863,5.579999923706055,4.428691387176514,402300,no_news,0.0,Recession,no_anomaly,0
2008-11-07,6.059999942779541,6.139999866485596,5.730000019073486,5.809999942779541,4.611237525939941,699300,no_news,0.0,Recession,no_anomaly,0
2008-11-06,6.5,6.710000038146973,6.010000228881836,6.010000228881836,4.76997184753418,525300,no_news,0.0,Recession,neutral,1
2008-11-05,7.03000020980835,7.170000076293945,6.539999961853027,6.570000171661377,5.214426517486572,446000,no_news,0.0,Recession,price_dislocation,1
2008-11-04,7.260000228881836,7.400000095367432,7.0,7.139999866485596,5.666821002960205,517800,no_news,0.0,Recession,price_dislocation,0
2008-11-03,6.849999904632568,7.199999809265137,6.690000057220459,7.070000171661377,5.611262798309326,519800,no_news,0.0,Recession,price_dislocation,0
2008-10-31,6.440000057220459,7.0,6.269999980926514,6.849999904632568,5.436655521392822,1034900,no_news,0.0,Recession,price_dislocation,0
2008-10-30,6.510000228881836,6.579999923706055,6.070000171661377,6.53000020980835,5.182681560516357,520400,no_news,0.0,Recession,uncertainty_spike,0
2008-10-29,6.53000020980835,6.53000020980835,6.239999771118164,6.340000152587891,5.03188419342041,647800,no_news,0.0,Recession,price_dislocation,0
2008-10-28,6.550000190734863,6.789999961853027,6.050000190734863,6.449999809265137,5.119186878204346,689200,no_news,0.0,Recession,price_dislocation,0
2008-10-27,6.340000152587891,6.699999809265137,6.119999885559082,6.389999866485596,5.071566581726074,742100,no_news,0.0,Recession,no_anomaly,0
2008-10-24,6.210000038146973,6.900000095367432,6.119999885559082,6.460000038146973,5.127123832702637,804100,no_news,0.0,Recession,no_anomaly,0
2008-10-23,6.940000057220459,7.010000228881836,6.320000171661377,6.699999809265137,5.317605495452881,1001600,no_news,0.0,Recession,no_anomaly,0
2008-10-22,7.639999866485596,7.849999904632568,6.900000095367432,6.960000038146973,5.523960113525391,798400,no_news,0.0,Recession,no_anomaly,0
2008-10-21,7.630000114440918,7.929999828338623,7.369999885559082,7.739999771118164,6.143023490905762,628500,no_news,0.0,Recession,no_anomaly,0
2008-10-20,7.230000019073486,7.800000190734863,7.190000057220459,7.760000228881836,6.15889835357666,587200,no_news,0.0,Recession,no_anomaly,0
2008-10-17,6.650000095367432,7.579999923706055,6.650000095367432,7.110000133514404,5.643011093139648,744700,no_news,0.0,Recession,no_anomaly,0
2008-10-16,6.559999942779541,6.929999828338623,6.320000171661377,6.849999904632568,5.436655521392822,998900,no_news,0.0,Recession,no_anomaly,0
2008-10-15,7.260000228881836,7.380000114440918,6.599999904632568,6.610000133514404,5.246174812316895,379000,no_news,0.0,Recession,no_anomaly,0
2008-10-14,7.730000019073486,8.079999923706055,7.210000038146973,7.360000133514404,5.841428756713867,609500,no_news,0.0,Recession,no_anomaly,0
2008-10-13,7.230000019073486,7.800000190734863,7.179999828338623,7.610000133514404,6.0398454666137695,606400,no_news,0.0,Recession,no_anomaly,0
2008-10-10,6.630000114440918,7.269999980926514,6.510000228881836,6.960000038146973,5.523960113525391,1444200,no_news,0.0,Recession,no_anomaly,0
2008-10-09,7.489999771118164,7.730000019073486,7.039999961853027,7.039999961853027,5.587451934814453,938200,no_news,0.0,Recession,no_anomaly,0
2008-10-08,6.639999866485596,7.659999847412109,6.550000190734863,7.300000190734863,5.7938079833984375,1201400,no_news,0.0,Recession,no_anomaly,0
2008-10-07,7.210000038146973,7.53000020980835,6.809999942779541,6.809999942779541,5.404909610748291,655000,no_news,0.0,Recession,no_anomaly,0
2008-10-06,7.539999961853027,7.570000171661377,7.050000190734863,7.420000076293945,5.889050483703613,881400,no_news,0.0,Recession,no_anomaly,0
2008-10-03,7.849999904632568,8.239999771118164,7.639999866485596,7.650000095367432,6.07159423828125,724200,no_news,0.0,Recession,no_anomaly,0
2008-10-02,8.1899995803833,8.25,7.690000057220459,7.71999979019165,6.127151012420654,532600,no_news,0.0,Recession,no_anomaly,0
2008-10-01,8.229999542236328,8.350000381469727,8.119999885559082,8.260000228881836,6.5557355880737305,442100,no_news,0.0,Recession,no_anomaly,0
2008-09-30,8.720000267028809,8.789999961853027,8.140000343322754,8.359999656677246,6.635100841522217,802900,no_news,0.0,Recession,no_anomaly,0
2008-09-29,9.079999923706056,9.109999656677246,8.609999656677246,8.619999885559082,6.841457366943359,690900,no_news,0.0,Recession,no_anomaly,0
2008-09-26,9.109999656677246,9.25,9.0,9.239999771118164,7.333532333374023,439900,no_news,0.0,Recession,neutral,0
2008-09-25,9.420000076293944,9.579999923706056,9.300000190734863,9.31999969482422,7.397027015686035,451300,no_news,0.0,Recession,price_dislocation,0
2008-09-24,9.9399995803833,10.15999984741211,9.390000343322754,9.4399995803833,7.49226713180542,731800,no_news,0.0,Recession,neutral,0
2008-09-23,10.489999771118164,10.520000457763672,9.75,9.9399995803833,7.889101982116699,695200,no_news,0.0,Recession,no_anomaly,0
2008-09-22,11.140000343322754,11.220000267028809,10.399999618530272,10.5,8.3335599899292,1132500,no_news,0.0,Recession,no_anomaly,0
2008-09-19,11.0600004196167,11.300000190734863,10.800000190734863,11.25,8.928811073303223,2003100,no_news,0.0,Recession,no_anomaly,0
2008-09-18,9.75,10.960000038146973,9.5,10.93000030517578,8.674840927124023,1949000,no_news,0.0,Recession,no_anomaly,0
2008-09-17,9.34000015258789,9.619999885559082,9.270000457763672,9.520000457763672,7.555763244628906,1038400,no_news,0.0,Recession,no_anomaly,0
2008-09-16,8.899999618530273,9.550000190734863,8.859999656677246,9.510000228881836,7.547824859619141,734900,no_news,0.0,Recession,no_anomaly,0
2008-09-15,8.880000114440918,9.260000228881836,8.699999809265137,9.050000190734863,7.18273401260376,520900,no_news,0.0,Recession,no_anomaly,0
2008-09-12,9.130000114440918,9.140000343322754,8.789999961853027,9.100000381469728,7.2224202156066895,448100,no_news,0.0,Recession,no_anomaly,0
2008-09-11,9.199999809265137,9.289999961853027,9.010000228881836,9.210000038146973,7.309722423553467,772300,no_news,0.0,Recession,no_anomaly,0
2008-09-10,9.390000343322754,9.520000457763672,9.119999885559082,9.40999984741211,7.468455791473389,872100,no_news,0.0,Recession,no_anomaly,0
2008-09-09,9.5,9.729999542236328,9.1899995803833,9.199999809265137,7.301785945892334,598800,no_news,0.0,Recession,no_anomaly,0
2008-09-08,9.369999885559082,9.550000190734863,9.210000038146973,9.520000457763672,7.555763244628906,693900,no_news,0.0,Recession,no_anomaly,0
2008-09-05,9.029999732971191,9.279999732971191,9.010000228881836,9.199999809265137,7.301785945892334,734700,no_news,0.0,Recession,no_anomaly,0
2008-09-04,9.229999542236328,9.380000114440918,9.010000228881836,9.09000015258789,7.214480400085449,846600,no_news,0.0,Recession,no_anomaly,0
2008-09-03,9.729999542236328,9.779999732971191,9.279999732971191,9.300000190734863,7.3811540603637695,649600,no_news,0.0,Recession,no_anomaly,0
2008-09-02,9.75,10.0,9.600000381469728,9.729999542236328,7.72243070602417,641100,no_news,0.0,Recession,no_anomaly,0
2008-08-29,9.710000038146973,9.729999542236328,9.470000267028809,9.609999656677246,7.62719202041626,593300,no_news,0.0,Recession,no_anomaly,0
2008-08-28,9.600000381469728,9.829999923706056,9.449999809265137,9.760000228881836,7.746243476867676,492100,no_news,0.0,Recession,no_anomaly,0
2008-08-27,9.470000267028809,9.720000267028809,9.420000076293944,9.579999923706056,7.603382110595703,801600,no_news,0.0,Recession,no_anomaly,0
2008-08-26,9.649999618530272,9.739999771118164,9.390000343322754,9.5,7.53988790512085,577300,no_news,0.0,Recession,no_anomaly,0
2008-08-25,9.81999969482422,9.90999984741211,9.609999656677246,9.640000343322754,7.651002883911133,473100,no_news,0.0,Recession,no_anomaly,0
2008-08-22,9.609999656677246,9.920000076293944,9.59000015258789,9.869999885559082,7.833544731140137,478100,no_news,0.0,Recession,no_anomaly,0
2008-08-21,9.489999771118164,9.65999984741211,9.359999656677246,9.539999961853027,7.571635723114014,533300,no_news,0.0,Recession,no_anomaly,0
2008-08-20,9.529999732971191,9.859999656677246,9.399999618530272,9.56999969482422,7.595444202423096,553200,no_news,0.0,Recession,no_anomaly,0
2008-08-19,9.59000015258789,9.649999618530272,9.399999618530272,9.470000267028809,7.516077995300293,464600,no_news,0.0,Recession,no_anomaly,0
2008-08-18,9.869999885559082,9.90999984741211,9.470000267028809,9.68000030517578,7.6827497482299805,701500,no_news,0.0,Recession,no_anomaly,0
2008-08-15,9.93000030517578,10.010000228881836,9.75,9.880000114440918,7.841482639312744,692300,no_news,0.0,Recession,no_anomaly,0
2008-08-14,9.770000457763672,9.989999771118164,9.720000267028809,9.800000190734863,7.777987003326416,653500,no_news,0.0,Recession,no_anomaly,0
2008-08-13,9.670000076293944,10.039999961853027,9.649999618530272,9.869999885559082,7.833544731140137,757200,no_news,0.0,Recession,no_anomaly,0
2008-08-12,9.59000015258789,9.670000076293944,9.40999984741211,9.649999618530272,7.658937931060791,493800,no_news,0.0,Recession,no_anomaly,0
2008-08-11,8.890000343322754,9.640000343322754,8.6899995803833,9.609999656677246,7.62719202041626,1136000,no_news,0.0,Recession,no_anomaly,0
2008-08-08,8.329999923706055,9.079999923706056,8.289999961853027,8.920000076293945,7.079559326171875,1364900,no_news,0.0,Recession,no_anomaly,0
2008-08-07,8.300000190734863,8.640000343322754,8.149999618530273,8.369999885559082,6.643036842346191,742100,no_news,0.0,Recession,no_anomaly,0
2008-08-06,8.25,8.449999809265137,8.050000190734863,8.4399995803833,6.698594570159912,410000,no_news,0.0,Recession,no_anomaly,0
2008-08-05,8.039999961853027,8.3100004196167,8.0,8.289999961853027,6.579542636871338,654700,no_news,0.0,Recession,no_anomaly,0
2008-08-04,7.760000228881836,8.0,7.690000057220459,7.900000095367432,6.270012378692627,703900,no_news,0.0,Recession,no_anomaly,0
2008-08-01,7.78000020980835,7.980000019073486,7.650000095367432,7.820000171661377,6.206518173217773,469600,no_news,0.0,Recession,no_anomaly,0
2008-07-31,7.869999885559082,8.079999923706055,7.78000020980835,7.809999942779541,6.198581218719482,731400,no_news,0.0,Recession,no_anomaly,0
2008-07-30,7.760000228881836,8.0600004196167,7.760000228881836,8.0,6.349379062652588,840100,no_news,0.0,Recession,no_anomaly,0
2008-07-29,7.769999980926514,8.0600004196167,7.760000228881836,7.949999809265137,6.309694766998291,832700,no_news,0.0,Recession,no_anomaly,0
2008-07-28,8.079999923706055,8.180000305175781,7.650000095367432,7.71999979019165,6.127151012420654,730800,no_news,0.0,Recession,no_anomaly,0
2008-07-25,8.279999732971191,8.5,8.0600004196167,8.119999885559082,6.4446210861206055,587000,no_news,0.0,Recession,no_anomaly,0
2008-07-24,8.800000190734863,8.800000190734863,8.130000114440918,8.180000305175781,6.492241382598877,790500,no_news,0.0,Recession,no_anomaly,0
2008-07-23,8.619999885559082,8.930000305175781,8.619999885559082,8.75,6.944632530212402,1007700,no_news,0.0,Recession,no_anomaly,0
2008-07-22,8.5,8.819999694824219,8.399999618530273,8.640000343322754,6.857331275939941,966600,no_news,0.0,Recession,no_anomaly,0
2008-07-21,8.6899995803833,8.829999923706055,8.520000457763672,8.5600004196167,6.793837070465088,498200,no_news,0.0,Recession,no_anomaly,0
2008-07-18,8.640000343322754,8.819999694824219,8.510000228881836,8.649999618530273,6.865264415740967,518900,no_news,0.0,Recession,no_anomaly,0
2008-07-17,8.239999771118164,8.75,8.239999771118164,8.699999809265137,6.9049506187438965,910700,no_news,0.0,Recession,no_anomaly,0
2008-07-16,7.989999771118164,8.270000457763672,7.800000190734863,8.220000267028809,6.523988246917725,587200,no_news,0.0,Recession,no_anomaly,0
2008-07-15,7.639999866485596,8.09000015258789,7.570000171661377,7.960000038146973,6.317633152008057,743100,no_news,0.0,Recession,no_anomaly,0
2008-07-14,8.210000038146973,8.229999542236328,7.679999828338623,7.679999828338623,6.095404624938965,847300,no_news,0.0,Recession,no_anomaly,0
2008-07-11,8.010000228881836,8.210000038146973,7.869999885559082,8.109999656677246,6.436680793762207,702500,no_news,0.0,Recession,no_anomaly,0
2008-07-10,7.889999866485596,8.1899995803833,7.889999866485596,8.109999656677246,6.436680793762207,508400,no_news,0.0,Recession,no_anomaly,0
2008-07-09,8.449999809265137,8.449999809265137,7.869999885559082,7.900000095367432,6.270012378692627,597200,no_news,0.0,Recession,no_anomaly,0
2008-07-08,8.260000228881836,8.479999542236328,8.130000114440918,8.460000038146973,6.714468479156494,593800,no_news,0.0,Recession,no_anomaly,0
2008-07-07,8.0600004196167,8.319999694824219,8.0600004196167,8.229999542236328,6.531922817230225,975300,no_news,0.0,Recession,no_anomaly,0
2008-07-03,8.220000267028809,8.270000457763672,7.96999979019165,8.020000457763672,6.365253448486328,635200,no_news,0.0,Recession,no_anomaly,0
2008-07-02,8.4399995803833,8.569999694824219,8.15999984741211,8.180000305175781,6.492241382598877,982500,no_news,0.0,Recession,no_anomaly,0
2008-07-01,8.170000076293945,8.460000038146973,8.170000076293945,8.449999809265137,6.706531047821045,953400,no_news,0.0,Recession,no_anomaly,0
2008-06-30,8.529999732971191,8.760000228881836,8.199999809265137,8.270000457763672,6.563671112060547,1292400,no_news,0.0,Recession,no_anomaly,0
2008-06-27,8.8100004196167,8.920000076293945,8.5,8.539999961853027,6.777963638305664,1415300,no_news,0.0,Recession,no_anomaly,0
2008-06-26,9.199999809265137,9.279999732971191,8.789999961853027,8.850000381469727,7.024001121520996,1065200,no_news,0.0,Recession,no_anomaly,0
2008-06-25,9.029999732971191,9.399999618530272,9.029999732971191,9.329999923706056,7.404962539672852,1246900,no_news,0.0,Recession,no_anomaly,0
2008-06-24,9.260000228881836,9.4399995803833,9.020000457763672,9.020000457763672,7.158926486968994,805700,no_news,0.0,Recession,no_anomaly,0
2008-06-23,9.59000015258789,9.710000038146973,9.279999732971191,9.279999732971191,7.3652801513671875,338100,no_news,0.0,Recession,no_anomaly,0
2008-06-20,9.779999732971191,9.81999969482422,9.399999618530272,9.550000190734863,7.579571723937988,794000,no_news,0.0,Recession,no_anomaly,0
2008-06-19,9.56999969482422,9.869999885559082,9.399999618530272,9.84000015258789,7.809737205505371,414800,no_news,0.0,Recession,no_anomaly,0
2008-06-18,9.720000267028809,9.84000015258789,9.520000457763672,9.56999969482422,7.595444202423096,325200,no_news,0.0,Recession,no_anomaly,0
2008-06-17,9.920000076293944,9.989999771118164,9.729999542236328,9.75,7.738304615020752,348500,no_news,0.0,Recession,no_anomaly,0
2008-06-16,9.579999923706056,9.90999984741211,9.579999923706056,9.90999984741211,7.865294456481934,462800,no_news,0.0,Recession,no_anomaly,0
2008-06-13,9.539999961853027,9.729999542236328,9.470000267028809,9.619999885559082,7.635128498077393,366600,no_news,0.0,Recession,no_anomaly,0
2008-06-12,9.4399995803833,9.619999885559082,9.380000114440918,9.4399995803833,7.49226713180542,478500,no_news,0.0,Recession,no_anomaly,0
2008-06-11,9.529999732971191,9.670000076293944,9.300000190734863,9.350000381469728,7.420836925506592,1165300,no_news,0.0,Recession,no_anomaly,0
2008-06-10,9.489999771118164,9.6899995803833,9.489999771118164,9.56999969482422,7.595444202423096,766700,no_news,0.0,Recession,no_anomaly,0
2008-06-09,9.869999885559082,9.90999984741211,9.449999809265137,9.600000381469728,7.619256496429443,692200,no_news,0.0,Recession,no_anomaly,0
2008-06-06,10.029999732971191,10.09000015258789,9.81999969482422,9.84000015258789,7.809737205505371,493400,no_news,0.0,Recession,no_anomaly,0
2008-06-05,9.960000038146973,10.229999542236328,9.920000076293944,10.149999618530272,8.055774688720703,596700,no_news,0.0,Recession,no_anomaly,0
2008-06-04,9.729999542236328,10.119999885559082,9.729999542236328,10.0600004196167,7.984345436096191,479500,no_news,0.0,Recession,no_anomaly,0
2008-06-03,9.90999984741211,10.0,9.720000267028809,9.789999961853027,7.770052433013916,506700,no_news,0.0,Recession,no_anomaly,0
2008-06-02,10.140000343322754,10.229999542236328,9.720000267028809,9.890000343322754,7.849420547485352,448000,no_news,0.0,Recession,no_anomaly,0
2008-05-30,10.06999969482422,10.270000457763672,10.010000228881836,10.1899995803833,8.087520599365234,599700,no_news,0.0,Recession,no_anomaly,0
2008-05-29,10.010000228881836,10.130000114440918,9.9399995803833,10.029999732971191,7.960534572601318,672500,no_news,0.0,Recession,no_anomaly,0
2008-05-28,10.239999771118164,10.31999969482422,9.93000030517578,10.039999961853027,7.968470096588135,408300,no_news,0.0,Recession,no_anomaly,0
2008-05-27,9.920000076293944,10.300000190734863,9.920000076293944,10.18000030517578,8.07958698272705,417700,no_news,0.0,Recession,no_anomaly,0
2008-05-23,9.960000038146973,10.109999656677246,9.760000228881836,9.890000343322754,7.849420547485352,323900,no_news,0.0,Recession,no_anomaly,0
2008-05-22,9.81999969482422,10.260000228881836,9.81999969482422,10.039999961853027,7.968470096588135,636200,no_news,0.0,Recession,no_anomaly,0
2008-05-21,9.859999656677246,10.149999618530272,9.800000190734863,9.859999656677246,7.825606346130371,653000,no_news,0.0,Recession,no_anomaly,0
2008-05-20,10.06999969482422,10.130000114440918,9.81999969482422,9.880000114440918,7.841482639312744,796400,no_news,0.0,Recession,no_anomaly,0
2008-05-19,9.979999542236328,10.43000030517578,9.899999618530272,10.140000343322754,8.047840118408203,909300,no_news,0.0,Recession,no_anomaly,0
2008-05-16,10.369999885559082,10.369999885559082,9.899999618530272,10.0,7.936727523803711,771500,no_news,0.0,Recession,no_anomaly,0
2008-05-15,10.079999923706056,10.359999656677246,10.079999923706056,10.31999969482422,8.190698623657227,600500,no_news,0.0,Recession,no_anomaly,0
2008-05-14,10.15999984741211,10.220000267028809,10.06999969482422,10.109999656677246,8.024026870727539,1059000,no_news,0.0,Recession,no_anomaly,0
2008-05-13,10.050000190734863,10.279999732971191,10.010000228881836,10.130000114440918,8.03990364074707,1058300,no_news,0.0,Recession,no_anomaly,0
2008-05-12,10.0600004196167,10.100000381469728,9.859999656677246,10.0600004196167,7.984345436096191,1248400,no_news,0.0,Recession,no_anomaly,0
2008-05-09,10.300000190734863,10.68000030517578,9.93000030517578,10.020000457763672,7.952596664428711,2320500,no_news,0.0,Recession,no_anomaly,0
2008-05-08,10.699999809265137,11.300000190734863,10.6899995803833,11.0600004196167,8.778014183044434,1031800,no_news,0.0,Recession,no_anomaly,0
2008-05-07,11.149999618530272,11.43000030517578,10.970000267028809,11.0,8.730396270751953,597800,no_news,0.0,Recession,no_anomaly,0
2008-05-06,10.699999809265137,11.210000038146973,10.699999809265137,11.15999984741211,8.857382774353027,548400,no_news,0.0,Recession,no_anomaly,0
2008-05-05,10.649999618530272,10.869999885559082,10.649999618530272,10.789999961853027,8.563724517822266,467400,no_news,0.0,Recession,no_anomaly,0
2008-05-02,10.979999542236328,11.0,10.510000228881836,10.6899995803833,8.484357833862305,630000,no_news,0.0,Recession,no_anomaly,0
2008-05-01,10.380000114440918,10.989999771118164,10.3100004196167,10.989999771118164,8.722455978393555,636200,no_news,0.0,Recession,no_anomaly,0
2008-04-30,10.720000267028809,10.789999961853027,10.3100004196167,10.359999656677246,8.222442626953125,524000,no_news,0.0,Recession,no_anomaly,0
2008-04-29,10.479999542236328,10.739999771118164,10.479999542236328,10.710000038146973,8.50023078918457,395400,no_news,0.0,Recession,no_anomaly,0
2008-04-28,10.34000015258789,10.649999618530272,10.199999809265137,10.510000228881836,8.341496467590332,541000,no_news,0.0,Recession,no_anomaly,0
2008-04-25,10.56999969482422,10.670000076293944,10.100000381469728,10.380000114440918,8.238319396972656,886800,no_news,0.0,Recession,no_anomaly,0
2008-04-24,9.720000267028809,10.5600004196167,9.68000030517578,10.4399995803833,8.28593921661377,610300,no_news,0.0,Recession,no_anomaly,0
2008-04-23,9.5600004196167,9.829999923706056,9.520000457763672,9.6899995803833,7.690686702728271,765700,no_news,0.0,Recession,no_anomaly,0
2008-04-22,9.949999809265137,10.0,9.4399995803833,9.5600004196167,7.587508201599121,792400,no_news,0.0,Recession,no_anomaly,0
2008-04-21,10.329999923706056,10.479999542236328,10.050000190734863,10.079999923706056,8.000216484069824,601600,no_news,0.0,Recession,no_anomaly,0
2008-04-18,10.350000381469728,10.600000381469728,10.229999542236328,10.40999984741211,8.262127876281738,667600,no_news,0.0,Recession,no_anomaly,0
2008-04-17,10.4399995803833,10.630000114440918,10.140000343322754,10.199999809265137,8.095458984375,474700,no_news,0.0,Recession,no_anomaly,0
2008-04-16,10.149999618530272,10.59000015258789,10.149999618530272,10.5,8.3335599899292,597300,no_news,0.0,Recession,no_anomaly,0
2008-04-15,10.06999969482422,10.109999656677246,9.800000190734863,10.029999732971191,7.960534572601318,613200,no_news,0.0,Recession,no_anomaly,0
2008-04-14,10.09000015258789,10.1899995803833,10.0,10.020000457763672,7.952596664428711,456700,no_news,0.0,Recession,no_anomaly,0
2008-04-11,10.3100004196167,10.420000076293944,10.0600004196167,10.119999885559082,8.031962394714355,472300,no_news,0.0,Recession,no_anomaly,0
2008-04-10,10.270000457763672,10.56999969482422,10.270000457763672,10.449999809265137,8.293876647949219,623400,no_news,0.0,Recession,no_anomaly,0
2008-04-09,10.350000381469728,10.43000030517578,10.239999771118164,10.3100004196167,8.182759284973145,898000,no_news,0.0,Recession,no_anomaly,0
2008-04-08,10.550000190734863,10.550000190734863,10.300000190734863,10.31999969482422,8.190698623657227,740100,no_news,0.0,Recession,no_anomaly,0
2008-04-07,10.6899995803833,10.899999618530272,10.59000015258789,10.65999984741211,8.46054744720459,469400,no_news,0.0,Recession,no_anomaly,0
2008-04-04,10.760000228881836,10.829999923706056,10.5,10.640000343322754,8.444673538208008,346000,no_news,0.0,Recession,no_anomaly,0
2008-04-03,10.369999885559082,10.850000381469728,10.34000015258789,10.729999542236328,8.516103744506836,438700,no_news,0.0,Recession,no_anomaly,0
2008-04-02,10.300000190734863,10.600000381469728,10.289999961853027,10.489999771118164,8.325623512268066,441600,no_news,0.0,Recession,no_anomaly,0
2008-04-01,9.829999923706056,10.279999732971191,9.829999923706056,10.279999732971191,8.158950805664062,451700,no_news,0.0,Recession,no_anomaly,0
2008-03-31,9.760000228881836,9.90999984741211,9.6899995803833,9.720000267028809,7.714495658874512,805500,no_news,0.0,Recession,no_anomaly,0
2008-03-28,9.84000015258789,10.119999885559082,9.699999809265137,9.729999542236328,7.72243070602417,582900,no_news,0.0,Recession,no_anomaly,0
2008-03-27,10.010000228881836,10.239999771118164,9.84000015258789,9.850000381469728,7.817673206329346,709800,no_news,0.0,Recession,no_anomaly,0
2008-03-26,10.229999542236328,10.229999542236328,9.890000343322754,10.039999961853027,7.968470096588135,427900,no_news,0.0,Recession,no_anomaly,0
2008-03-25,10.15999984741211,10.369999885559082,10.0600004196167,10.260000228881836,8.143077850341797,644300,no_news,0.0,Recession,no_anomaly,0
2008-03-24,9.699999809265137,10.289999961853027,9.699999809265137,10.18000030517578,8.07958698272705,593700,no_news,0.0,Recession,no_anomaly,0
2008-03-20,9.869999885559082,9.869999885559082,9.369999885559082,9.68000030517578,7.6827497482299805,1463100,no_news,0.0,Recession,no_anomaly,0
2008-03-19,10.1899995803833,10.260000228881836,9.489999771118164,9.489999771118164,7.531952381134033,1173900,no_news,0.0,Recession,no_anomaly,0
2008-03-18,9.789999961853027,10.170000076293944,9.699999809265137,10.119999885559082,8.031962394714355,558600,no_news,0.0,Recession,no_anomaly,0
2008-03-17,9.40999984741211,9.760000228881836,9.300000190734863,9.600000381469728,7.619256496429443,652400,no_news,0.0,Recession,no_anomaly,0
2008-03-14,10.0600004196167,10.0600004196167,9.449999809265137,9.65999984741211,7.666874885559082,960500,no_news,0.0,Recession,no_anomaly,0
2008-03-13,9.8100004196167,10.079999923706056,9.6899995803833,9.989999771118164,7.9287848472595215,860100,no_news,0.0,Recession,no_anomaly,0
2008-03-12,9.869999885559082,10.1899995803833,9.649999618530272,9.9399995803833,7.889101982116699,2035900,no_news,0.0,Recession,no_anomaly,0
2008-03-11,9.699999809265137,9.93000030517578,9.550000190734863,9.84000015258789,7.809737205505371,1345800,no_news,0.0,Recession,no_anomaly,0
2008-03-10,9.720000267028809,9.75,9.359999656677246,9.40999984741211,7.468455791473389,653400,no_news,0.0,Recession,no_anomaly,0
2008-03-07,9.279999732971191,9.81999969482422,9.199999809265137,9.670000076293944,7.67481517791748,1449900,no_news,0.0,Recession,no_anomaly,0
2008-03-06,10.0,10.130000114440918,9.380000114440918,9.399999618530272,7.460519313812256,1397300,no_news,0.0,Recession,no_anomaly,0
2008-03-05,10.06999969482422,10.380000114440918,9.949999809265137,10.039999961853027,7.968470096588135,1453400,no_news,0.0,Recession,no_anomaly,0
2008-03-04,9.81999969482422,10.170000076293944,9.81999969482422,10.06999969482422,7.992280006408691,1479100,no_news,0.0,Recession,no_anomaly,0
2008-03-03,10.039999961853027,10.149999618530272,9.75,9.93000030517578,7.881165504455566,927800,no_news,0.0,Recession,no_anomaly,0
2008-02-29,10.390000343322754,10.449999809265137,10.029999732971191,10.079999923706056,8.000216484069824,848900,no_news,0.0,Recession,no_anomaly,0
2008-02-28,10.84000015258789,10.960000038146973,10.529999732971191,10.56999969482422,8.389116287231445,588700,no_news,0.0,Recession,no_anomaly,0
2008-02-27,10.699999809265137,11.039999961853027,10.65999984741211,10.890000343322754,8.643091201782227,789300,no_news,0.0,Recession,no_anomaly,0
2008-02-26,10.710000038146973,11.079999923706056,10.640000343322754,10.8100004196167,8.57960033416748,783700,no_news,0.0,Recession,no_anomaly,0
2008-02-25,10.59000015258789,10.81999969482422,10.350000381469728,10.760000228881836,8.539912223815918,1002000,no_news,0.0,Recession,no_anomaly,0
2008-02-22,10.56999969482422,10.630000114440918,10.199999809265137,10.329999923706056,8.198634147644043,939600,no_news,0.0,Recession,no_anomaly,0
2008-02-21,10.9399995803833,11.020000457763672,10.539999961853027,10.56999969482422,8.389116287231445,784700,no_news,0.0,Recession,no_anomaly,0
2008-02-20,10.600000381469728,10.93000030517578,10.550000190734863,10.850000381469728,8.611345291137695,940800,no_news,0.0,Recession,no_anomaly,0
2008-02-19,10.829999923706056,10.979999542236328,10.68000030517578,10.699999809265137,8.492294311523438,1201300,no_news,0.0,Recession,no_anomaly,0
2008-02-15,10.90999984741211,11.130000114440918,10.649999618530272,10.699999809265137,8.492294311523438,1253600,no_news,0.0,Recession,no_anomaly,0
2008-02-14,10.699999809265137,11.140000343322754,10.609999656677246,11.020000457763672,8.746270179748535,1905600,no_news,0.0,Recession,no_anomaly,0
2008-02-13,10.600000381469728,10.81999969482422,10.5,10.699999809265137,8.492294311523438,1389500,no_news,0.0,Recession,no_anomaly,0
2008-02-12,10.649999618530272,11.390000343322754,10.5600004196167,10.619999885559082,8.428802490234375,2918700,no_news,0.0,Recession,no_anomaly,0
2008-02-11,11.350000381469728,11.6899995803833,11.039999961853027,11.529999732971191,9.151041984558104,1163100,no_news,0.0,Recession,no_anomaly,0
2008-02-08,11.600000381469728,11.6899995803833,11.1899995803833,11.25,8.928811073303223,1549600,no_news,0.0,Recession,no_anomaly,0
2008-02-07,12.449999809265137,12.550000190734863,11.550000190734863,11.600000381469728,9.206599235534668,1621900,no_news,0.0,Recession,no_anomaly,0
2008-02-06,12.710000038146973,12.970000267028809,12.369999885559082,12.550000190734863,9.960588455200195,948000,no_news,0.0,Recession,no_anomaly,0
2008-02-05,12.729999542236328,13.020000457763672,12.5600004196167,12.579999923706056,9.984397888183594,742600,no_news,0.0,Recession,no_anomaly,0
2008-02-04,13.0600004196167,13.0600004196167,12.649999618530272,12.970000267028809,10.293930053710938,553900,no_news,0.0,Recession,no_anomaly,0
2008-02-01,12.359999656677246,13.109999656677246,12.100000381469728,13.06999969482422,10.373298645019531,600400,no_news,0.0,Recession,no_anomaly,0
2008-01-31,11.8100004196167,12.420000076293944,11.619999885559082,12.289999961853027,9.754233360290527,653300,no_news,0.0,Recession,no_anomaly,0
2008-01-30,12.25,12.420000076293944,11.960000038146973,11.979999542236328,9.508195877075195,761900,no_news,0.0,Recession,no_anomaly,0
2008-01-29,12.3100004196167,12.449999809265137,11.989999771118164,12.359999656677246,9.809792518615724,774500,no_news,0.0,Recession,no_anomaly,0
2008-01-28,11.949999809265137,12.229999542236328,11.859999656677246,12.210000038146973,9.690738677978516,571900,no_news,0.0,Recession,no_anomaly,0
2008-01-25,12.109999656677246,12.329999923706056,11.90999984741211,12.0,9.524067878723145,607800,no_news,0.0,Recession,no_anomaly,0
2008-01-24,11.630000114440918,12.020000457763672,11.479999542236328,11.880000114440918,9.428828239440918,600700,no_news,0.0,Recession,no_anomaly,0
2008-01-23,11.100000381469728,11.640000343322754,10.899999618530272,11.630000114440918,9.230413436889648,696700,no_news,0.0,Recession,no_anomaly,0
2008-01-22,10.90999984741211,11.84000015258789,10.899999618530272,11.390000343322754,9.039926528930664,1012100,no_news,0.0,Recession,no_anomaly,0
2008-01-18,11.109999656677246,11.56999969482422,11.109999656677246,11.390000343322754,9.039926528930664,983000,no_news,0.0,Recession,no_anomaly,0
2008-01-17,10.989999771118164,11.350000381469728,10.989999771118164,11.140000343322754,8.841512680053711,924300,no_news,0.0,Recession,no_anomaly,0
2008-01-16,10.8100004196167,11.279999732971191,10.710000038146973,11.0,8.730396270751953,1128300,no_news,0.0,Recession,no_anomaly,0
2008-01-15,10.960000038146973,11.119999885559082,10.670000076293944,10.81999969482422,8.587535858154297,706800,no_news,0.0,Recession,no_anomaly,0
2008-01-14,11.100000381469728,11.25,11.039999961853027,11.109999656677246,8.817700386047363,778000,no_news,0.0,Recession,no_anomaly,0
2008-01-11,11.270000457763672,11.4399995803833,11.010000228881836,11.010000228881836,8.738334655761719,744400,no_news,0.0,Recession,no_anomaly,0
2008-01-10,11.130000114440918,11.460000038146973,10.93000030517578,11.369999885559082,9.024054527282717,586400,no_news,0.0,Recession,no_anomaly,0
2008-01-09,11.15999984741211,11.359999656677246,10.90999984741211,11.239999771118164,8.920877456665039,561200,no_news,0.0,Recession,no_anomaly,0
2008-01-08,11.800000190734863,12.029999732971191,11.1899995803833,11.199999809265137,8.889129638671875,729600,no_news,0.0,Recession,no_anomaly,0
2008-01-07,11.779999732971191,12.0,11.579999923706056,11.770000457763672,9.341524124145508,766000,no_news,0.0,Recession,no_anomaly,0
2008-01-04,12.199999809265137,12.229999542236328,11.630000114440918,11.710000038146973,9.293904304504396,739300,no_news,0.0,Recession,no_anomaly,0
2008-01-03,13.039999961853027,13.149999618530272,12.3100004196167,12.3100004196167,9.770109176635742,795000,no_news,0.0,Recession,no_anomaly,0
2008-01-02,13.170000076293944,13.390000343322754,12.770000457763672,13.029999732971191,10.341550827026367,508500,no_news,0.0,Recession,no_anomaly,0
2007-12-31,13.369999885559082,13.539999961853027,13.210000038146973,13.210000038146973,10.484411239624023,449300,no_news,0.0,Recession,no_anomaly,0
2007-12-28,13.470000267028809,13.649999618530272,13.350000381469728,13.380000114440918,10.61933708190918,484600,no_news,0.0,Recession,no_anomaly,0
2007-12-27,13.5,13.630000114440918,13.210000038146973,13.31999969482422,10.571715354919434,498300,no_news,0.0,Recession,no_anomaly,0
2007-12-26,13.470000267028809,13.649999618530272,13.380000114440918,13.5,10.71457576751709,463500,no_news,0.0,Recession,no_anomaly,0
2007-12-24,13.31999969482422,13.710000038146973,13.289999961853027,13.520000457763672,10.73045253753662,259400,no_news,0.0,Recession,no_anomaly,0
2007-12-21,12.949999809265137,13.489999771118164,12.859999656677246,13.279999732971191,10.53996753692627,1166000,no_news,0.0,Recession,no_anomaly,0
2007-12-20,12.630000114440918,12.779999732971191,12.449999809265137,12.760000228881836,10.127263069152832,513500,no_news,0.0,Recession,no_anomaly,0
2007-12-19,12.56999969482422,12.670000076293944,12.34000015258789,12.489999771118164,9.912965774536133,490400,no_news,0.0,Recession,no_anomaly,0
2007-12-18,12.649999618530272,12.760000228881836,12.460000038146973,12.5600004196167,9.96852684020996,758200,no_news,0.0,Recession,no_anomaly,0
2007-12-17,12.399999618530272,12.600000381469728,12.329999923706056,12.520000457763672,9.936777114868164,642000,no_news,0.0,Recession,no_anomaly,0
2007-12-14,12.510000228881836,12.68000030517578,12.390000343322754,12.40999984741211,9.849475860595703,652800,no_news,0.0,Recession,no_anomaly,0
2007-12-13,12.84000015258789,12.989999771118164,12.489999771118164,12.699999809265137,10.079638481140137,583700,no_news,0.0,Recession,no_anomaly,0
2007-12-12,13.09000015258789,13.1899995803833,12.779999732971191,12.960000038146973,10.28599452972412,523200,no_news,0.0,Recession,no_anomaly,0
2007-12-11,13.359999656677246,13.43000030517578,12.739999771118164,12.770000457763672,10.135197639465332,543300,no_news,0.0,Recession,no_anomaly,0
2007-12-10,13.270000457763672,13.390000343322754,13.09000015258789,13.350000381469728,10.595524787902832,450200,no_news,0.0,Recession,no_anomaly,0
2007-12-07,13.210000038146973,13.279999732971191,12.93000030517578,13.18000030517578,10.460601806640623,428900,no_news,0.0,Recession,no_anomaly,0
2007-12-06,12.960000038146973,13.220000267028809,12.920000076293944,13.140000343322754,10.428853034973145,596400,no_news,0.0,Recession,no_anomaly,0
2007-12-05,12.760000228881836,12.979999542236328,12.729999542236328,12.9399995803833,10.270122528076172,686500,no_news,0.0,Recession,no_anomaly,0
2007-12-04,12.880000114440918,12.880000114440918,12.510000228881836,12.539999961853027,9.952649116516112,648800,no_news,0.0,Recession,no_anomaly,0
2007-12-03,13.369999885559082,13.510000228881836,12.960000038146973,12.960000038146973,10.28599452972412,534800,no_news,0.0,Recession,no_anomaly,0
2007-11-30,13.520000457763672,13.6899995803833,13.18000030517578,13.43000030517578,10.659022331237791,936400,no_news,0.0,Not Recession,no_anomaly,0
2007-11-29,13.15999984741211,13.5,13.119999885559082,13.34000015258789,10.587589263916016,634000,no_news,0.0,Not Recession,no_anomaly,0
2007-11-28,12.699999809265137,13.34000015258789,12.65999984741211,13.18000030517578,10.460601806640623,925200,no_news,0.0,Not Recession,no_anomaly,0
2007-11-27,12.829999923706056,12.850000381469728,12.510000228881836,12.56999969482422,9.976462364196776,1205500,no_news,0.0,Not Recession,no_anomaly,0
2007-11-26,12.850000381469728,12.920000076293944,12.550000190734863,12.619999885559082,10.016143798828123,626700,no_news,0.0,Not Recession,no_anomaly,0
2007-11-23,12.800000190734863,12.979999542236328,12.710000038146973,12.84000015258789,10.190753936767578,204200,no_news,0.0,Not Recession,no_anomaly,0
2007-11-21,12.81999969482422,12.970000267028809,12.539999961853027,12.670000076293944,10.055826187133787,556100,no_news,0.0,Not Recession,no_anomaly,0
2007-11-20,12.880000114440918,13.109999656677246,12.399999618530272,12.770000457763672,10.135197639465332,703400,no_news,0.0,Not Recession,no_anomaly,0
2007-11-19,13.5,13.5,12.770000457763672,12.84000015258789,10.190753936767578,658200,no_news,0.0,Not Recession,no_anomaly,0
2007-11-16,13.779999732971191,13.779999732971191,13.34000015258789,13.489999771118164,10.70664119720459,985300,no_news,0.0,Not Recession,no_anomaly,0
2007-11-15,13.170000076293944,13.800000190734863,13.149999618530272,13.779999732971191,10.93680477142334,1067600,no_news,0.0,Not Recession,no_anomaly,0
2007-11-14,12.90999984741211,13.289999961853027,12.81999969482422,13.239999771118164,10.508219718933104,1329400,no_news,0.0,Not Recession,no_anomaly,0
2007-11-13,13.170000076293944,13.199999809265137,12.59000015258789,12.779999732971191,10.143133163452148,1195300,no_news,0.0,Not Recession,no_anomaly,0
2007-11-12,12.380000114440918,12.789999961853027,12.229999542236328,12.260000228881836,9.730423927307127,842100,no_news,0.0,Not Recession,no_anomaly,0
2007-11-09,12.289999961853027,12.729999542236328,11.739999771118164,12.34000015258789,9.793917655944824,1528700,no_news,0.0,Not Recession,no_anomaly,0
2007-11-08,12.100000381469728,12.550000190734863,12.039999961853027,12.420000076293944,9.857412338256836,1077900,no_news,0.0,Not Recession,no_anomaly,0
2007-11-07,12.130000114440918,12.260000228881836,11.960000038146973,12.06999969482422,9.579623222351074,902300,no_news,0.0,Not Recession,no_anomaly,0
2007-11-06,12.539999961853027,12.640000343322754,12.149999618530272,12.3100004196167,9.770109176635742,785800,no_news,0.0,Not Recession,no_anomaly,0
2007-11-05,12.65999984741211,12.739999771118164,12.4399995803833,12.529999732971191,9.944714546203612,639600,no_news,0.0,Not Recession,no_anomaly,0
2007-11-02,12.81999969482422,12.850000381469728,12.579999923706056,12.779999732971191,10.143133163452148,790300,no_news,0.0,Not Recession,no_anomaly,0
2007-11-01,12.779999732971191,12.8100004196167,12.369999885559082,12.6899995803833,10.07170295715332,907500,no_news,0.0,Not Recession,no_anomaly,0
2007-10-31,12.520000457763672,13.100000381469728,12.420000076293944,12.979999542236328,10.30186653137207,611500,no_news,0.0,Not Recession,no_anomaly,0
2007-10-30,12.5,12.829999923706056,12.40999984741211,12.489999771118164,9.912965774536133,612700,no_news,0.0,Not Recession,no_anomaly,0
2007-10-29,12.760000228881836,13.06999969482422,12.5,12.579999923706056,9.984397888183594,640300,no_news,0.0,Not Recession,no_anomaly,0
2007-10-26,13.0600004196167,13.140000343322754,12.720000267028809,12.739999771118164,10.111384391784668,471800,no_news,0.0,Not Recession,no_anomaly,0
2007-10-25,13.15999984741211,13.220000267028809,12.800000190734863,12.899999618530272,10.238373756408691,598100,no_news,0.0,Not Recession,no_anomaly,0
2007-10-24,13.079999923706056,13.31999969482422,12.779999732971191,13.119999885559082,10.412982940673828,682800,no_news,0.0,Not Recession,no_anomaly,0
2007-10-23,13.270000457763672,13.34000015258789,13.0,13.199999809265137,10.476475715637209,637700,no_news,0.0,Not Recession,no_anomaly,0
2007-10-22,13.109999656677246,13.199999809265137,12.989999771118164,13.130000114440918,10.420920372009276,697100,no_news,0.0,Not Recession,no_anomaly,0
2007-10-19,13.640000343322754,13.640000343322754,13.010000228881836,13.039999961853027,10.3494873046875,980800,no_news,0.0,Not Recession,no_anomaly,0
2007-10-18,13.869999885559082,14.09000015258789,13.600000381469728,13.640000343322754,10.825691223144531,604200,no_news,0.0,Not Recession,no_anomaly,0
2007-10-17,13.81999969482422,14.149999618530272,13.720000267028809,13.899999618530272,11.0320463180542,439700,no_news,0.0,Not Recession,no_anomaly,0
2007-10-16,13.670000076293944,14.039999961853027,13.65999984741211,13.65999984741211,10.841564178466797,399100,no_news,0.0,Not Recession,no_anomaly,0
2007-10-15,14.15999984741211,14.170000076293944,13.65999984741211,13.729999542236328,10.897120475769045,675000,no_news,0.0,Not Recession,no_anomaly,0
2007-10-12,13.770000457763672,14.359999656677246,13.720000267028809,14.119999885559082,11.206655502319336,481900,no_news,0.0,Not Recession,no_anomaly,0
2007-10-11,14.06999969482422,14.350000381469728,13.640000343322754,13.779999732971191,10.93680477142334,785800,no_news,0.0,Not Recession,no_anomaly,0
2007-10-10,14.59000015258789,14.59000015258789,13.850000381469728,14.029999732971191,11.135221481323242,850800,no_news,0.0,Not Recession,no_anomaly,0
2007-10-09,14.949999809265137,14.949999809265137,14.4399995803833,14.59000015258789,11.579679489135742,703000,no_news,0.0,Not Recession,no_anomaly,0
2007-10-08,14.949999809265137,15.0600004196167,14.770000457763672,14.880000114440918,11.809844970703123,415700,no_news,0.0,Not Recession,no_anomaly,0
2007-10-05,14.65999984741211,15.079999923706056,14.539999961853027,14.949999809265137,11.865400314331056,423200,no_news,0.0,Not Recession,no_anomaly,0
2007-10-04,14.970000267028809,14.970000267028809,14.3100004196167,14.520000457763672,11.524126052856444,691800,no_news,0.0,Not Recession,no_anomaly,0
2007-10-03,14.90999984741211,15.109999656677246,14.649999618530272,14.920000076293944,11.841590881347656,527300,no_news,0.0,Not Recession,no_anomaly,0
2007-10-02,14.829999923706056,15.050000190734863,14.75,15.010000228881836,11.913023948669434,381100,no_news,0.0,Not Recession,no_anomaly,0
2007-10-01,14.220000267028809,14.84000015258789,14.199999809265137,14.800000190734863,11.746349334716797,532000,no_news,0.0,Not Recession,no_anomaly,0
2007-09-28,14.270000457763672,14.470000267028809,14.149999618530272,14.239999771118164,11.301892280578612,509400,no_news,0.0,Not Recession,no_anomaly,0
2007-09-27,14.109999656677246,14.34000015258789,13.979999542236328,14.25,11.309829711914062,630400,no_news,0.0,Not Recession,no_anomaly,0
2007-09-26,14.0600004196167,14.460000038146973,13.920000076293944,14.029999732971191,11.135221481323242,1087200,no_news,0.0,Not Recession,no_anomaly,0
2007-09-25,13.979999542236328,14.06999969482422,13.779999732971191,13.970000267028809,11.087604522705078,923800,no_news,0.0,Not Recession,no_anomaly,0
2007-09-24,14.649999618530272,14.649999618530272,14.0,14.039999961853027,11.143160820007324,442700,no_news,0.0,Not Recession,no_anomaly,0
2007-09-21,14.720000267028809,14.869999885559082,14.600000381469728,14.619999885559082,11.603489875793455,590500,no_news,0.0,Not Recession,no_anomaly,0
2007-09-20,14.539999961853027,14.800000190734863,14.470000267028809,14.579999923706056,11.571744918823242,335000,no_news,0.0,Not Recession,no_anomaly,0
2007-09-19,14.670000076293944,14.9399995803833,14.520000457763672,14.579999923706056,11.571744918823242,498700,no_news,0.0,Not Recession,no_anomaly,0
2007-09-18,14.050000190734863,14.600000381469728,13.979999542236328,14.489999771118164,11.500313758850098,642600,no_news,0.0,Not Recession,no_anomaly,0
2007-09-17,13.829999923706056,14.1899995803833,13.760000228881836,13.949999809265137,11.071727752685549,1227400,no_news,0.0,Not Recession,no_anomaly,0
2007-09-14,13.6899995803833,13.899999618530272,13.600000381469728,13.869999885559082,11.008235931396484,360000,no_news,0.0,Not Recession,no_anomaly,0
2007-09-13,13.829999923706056,14.020000457763672,13.68000030517578,13.800000190734863,10.952678680419922,462600,no_news,0.0,Not Recession,no_anomaly,0
2007-09-12,13.970000267028809,14.09000015258789,13.729999542236328,13.739999771118164,10.905057907104492,548500,no_news,0.0,Not Recession,no_anomaly,0
2007-09-11,13.829999923706056,14.029999732971191,13.720000267028809,13.9399995803833,11.063791275024414,680100,no_news,0.0,Not Recession,no_anomaly,0
2007-09-10,13.760000228881836,13.9399995803833,13.5,13.729999542236328,10.897120475769045,708600,no_news,0.0,Not Recession,no_anomaly,0
2007-09-07,13.779999732971191,13.84000015258789,13.640000343322754,13.699999809265137,10.873311042785645,529700,no_news,0.0,Not Recession,no_anomaly,0
2007-09-06,13.90999984741211,14.279999732971191,13.880000114440918,13.989999771118164,11.103474617004396,485700,no_news,0.0,Not Recession,no_anomaly,0
2007-09-05,13.979999542236328,14.15999984741211,13.81999969482422,13.880000114440918,11.01617431640625,777800,no_news,0.0,Not Recession,no_anomaly,0
2007-09-04,14.119999885559082,14.470000267028809,14.0600004196167,14.25,11.309829711914062,746500,no_news,0.0,Not Recession,no_anomaly,0
2007-08-31,14.1899995803833,14.220000267028809,13.979999542236328,14.149999618530272,11.230463027954102,828600,no_news,0.0,Not Recession,no_anomaly,0
2007-08-30,13.899999618530272,14.260000228881836,13.640000343322754,13.9399995803833,11.063791275024414,685900,no_news,0.0,Not Recession,no_anomaly,0
2007-08-29,13.670000076293944,14.079999923706056,13.600000381469728,14.010000228881836,11.11935043334961,686100,no_news,0.0,Not Recession,no_anomaly,0
2007-08-28,14.020000457763672,14.0600004196167,13.489999771118164,13.520000457763672,10.73045253753662,660100,no_news,0.0,Not Recession,no_anomaly,0
2007-08-27,14.520000457763672,14.5600004196167,14.15999984741211,14.170000076293944,11.246336936950684,587600,no_news,0.0,Not Recession,no_anomaly,0
2007-08-24,14.380000114440918,14.539999961853027,14.25,14.510000228881836,11.516185760498049,466100,no_news,0.0,Not Recession,no_anomaly,0
2007-08-23,14.760000228881836,14.760000228881836,14.260000228881836,14.34000015258789,11.38126277923584,750700,no_news,0.0,Not Recession,no_anomaly,0
2007-08-22,14.40999984741211,14.859999656677246,14.390000343322754,14.65999984741211,11.635236740112305,789400,no_news,0.0,Not Recession,no_anomaly,0
2007-08-21,14.329999923706056,14.68000030517578,14.1899995803833,14.279999732971191,11.33364200592041,1002200,no_news,0.0,Not Recession,no_anomaly,0
2007-08-20,14.399999618530272,14.56999969482422,14.18000030517578,14.40999984741211,11.436816215515137,882900,no_news,0.0,Not Recession,no_anomaly,0
2007-08-17,14.75,15.270000457763672,14.18000030517578,14.34000015258789,11.38126277923584,1271200,no_news,0.0,Not Recession,no_anomaly,0
2007-08-16,14.130000114440918,14.460000038146973,13.84000015258789,14.18000030517578,11.254274368286133,1622700,no_news,0.0,Not Recession,no_anomaly,0
2007-08-15,14.149999618530272,14.399999618530272,14.06999969482422,14.140000343322754,11.222525596618652,2203900,no_news,0.0,Not Recession,no_anomaly,0
2007-08-14,14.760000228881836,14.829999923706056,14.18000030517578,14.220000267028809,11.286022186279297,1650700,no_news,0.0,Not Recession,no_anomaly,0
2007-08-13,14.739999771118164,15.270000457763672,14.229999542236328,14.670000076293944,11.643173217773438,2471400,no_news,0.0,Not Recession,no_anomaly,0
2007-08-10,13.630000114440918,14.93000030517578,12.520000457763672,14.56999969482422,11.56380558013916,3491100,no_news,0.0,Not Recession,no_anomaly,0
2007-08-09,15.119999885559082,16.09000015258789,14.989999771118164,15.779999732971191,12.524147987365724,3186800,no_news,0.0,Not Recession,no_anomaly,0
2007-08-08,16.139999389648438,16.219999313354492,15.0,15.229999542236328,12.087628364562988,2398100,no_news,0.0,Not Recession,no_anomaly,0
2007-08-07,16.1200008392334,16.309999465942383,15.6899995803833,16.059999465942383,12.746376991271973,1318600,no_news,0.0,Not Recession,no_anomaly,0
2007-08-06,16.489999771118164,16.489999771118164,15.829999923706056,16.239999771118164,12.889242172241213,1326600,no_news,0.0,Not Recession,no_anomaly,0
2007-08-03,17.18000030517578,17.290000915527344,16.350000381469727,16.350000381469727,12.97654151916504,1067400,no_news,0.0,Not Recession,no_anomaly,0
2007-08-02,17.520000457763672,17.719999313354492,16.90999984741211,17.200000762939453,13.651165962219238,926400,no_news,0.0,Not Recession,no_anomaly,0
2007-08-01,17.469999313354492,17.81999969482422,17.0,17.350000381469727,13.770219802856444,1193900,no_news,0.0,Not Recession,no_anomaly,0
2007-07-31,18.13999938964844,18.450000762939453,17.559999465942383,17.56999969482422,13.944822311401367,857300,no_news,0.0,Not Recession,no_anomaly,0
2007-07-30,17.6299991607666,18.030000686645508,17.479999542236328,17.90999984741211,14.214675903320312,906700,no_news,0.0,Not Recession,no_anomaly,0
2007-07-27,18.11000061035156,18.34000015258789,17.6299991607666,17.639999389648438,14.00037670135498,880300,no_news,0.0,Not Recession,no_anomaly,0
2007-07-26,18.51000022888184,18.75,17.729999542236328,18.100000381469727,14.36546802520752,1783100,no_news,0.0,Not Recession,no_anomaly,0
2007-07-25,19.14999961853028,19.209999084472656,18.489999771118164,18.850000381469727,14.960722923278809,1350900,no_news,0.0,Not Recession,no_anomaly,0
2007-07-24,19.450000762939453,19.549999237060547,19.020000457763672,19.040000915527344,15.111526489257812,1190300,no_news,0.0,Not Recession,no_anomaly,0
2007-07-23,19.670000076293945,19.8700008392334,19.3799991607666,19.64999961853028,15.595660209655762,681000,no_news,0.0,Not Recession,no_anomaly,0
2007-07-20,19.920000076293945,19.920000076293945,19.43000030517578,19.520000457763672,15.492486953735352,1319900,no_news,0.0,Not Recession,no_anomaly,0
2007-07-19,19.09000015258789,20.07999992370605,19.01000022888184,19.959999084472656,15.84170150756836,1943300,no_news,0.0,Not Recession,no_anomaly,0
2007-07-18,18.8799991607666,18.93000030517578,18.56999969482422,18.8799991607666,14.98453426361084,1140300,no_news,0.0,Not Recession,no_anomaly,0
2007-07-17,17.989999771118164,19.07999992370605,17.979999542236328,19.059999465942383,15.127394676208496,2137200,no_news,0.0,Not Recession,no_anomaly,0
2007-07-16,17.920000076293945,18.15999984741211,17.739999771118164,17.989999771118164,14.278165817260742,1295200,no_news,0.0,Not Recession,no_anomaly,0
2007-07-13,18.020000457763672,18.18000030517578,17.75,17.790000915527344,14.11943531036377,705200,no_news,0.0,Not Recession,no_anomaly,0
2007-07-12,17.889999389648438,18.1299991607666,17.760000228881836,18.020000457763672,14.301977157592772,801400,no_news,0.0,Not Recession,no_anomaly,0
2007-07-11,17.549999237060547,17.760000228881836,17.520000457763672,17.729999542236328,14.07181167602539,1272100,no_news,0.0,Not Recession,no_anomaly,0
2007-07-10,18.0,18.14999961853028,17.530000686645508,17.59000015258789,13.960697174072266,1540900,no_news,0.0,Not Recession,no_anomaly,0
2007-07-09,18.21999931335449,18.21999931335449,17.950000762939453,17.989999771118164,14.278165817260742,1422300,no_news,0.0,Not Recession,no_anomaly,0
2007-07-06,18.239999771118164,18.34000015258789,18.100000381469727,18.11000061035156,14.373408317565918,686400,no_news,0.0,Not Recession,no_anomaly,0
2007-07-05,18.38999938964844,18.38999938964844,18.020000457763672,18.170000076293945,14.421029090881348,786900,no_news,0.0,Not Recession,no_anomaly,0
2007-07-03,18.299999237060547,18.38999938964844,18.1200008392334,18.280000686645508,14.508330345153809,516200,no_news,0.0,Not Recession,no_anomaly,0
2007-07-02,18.350000381469727,18.350000381469727,18.09000015258789,18.170000076293945,14.421029090881348,1483900,no_news,0.0,Not Recession,no_anomaly,0
2007-06-29,18.61000061035156,18.64999961853028,18.100000381469727,18.14999961853028,14.405152320861816,803400,no_news,0.0,Not Recession,no_anomaly,0
2007-06-28,18.59000015258789,18.59000015258789,18.36000061035156,18.489999771118164,14.675002098083496,2119500,no_news,0.0,Not Recession,no_anomaly,0
2007-06-27,18.25,18.6299991607666,18.239999771118164,18.549999237060547,14.722616195678713,3170800,no_news,0.0,Not Recession,no_anomaly,0
2007-06-26,18.459999084472656,18.5,18.25,18.25,14.484522819519045,1141400,no_news,0.0,Not Recession,no_anomaly,0
2007-06-25,18.34000015258789,18.600000381469727,18.309999465942383,18.39999961853028,14.603571891784668,1247000,no_news,0.0,Not Recession,no_anomaly,0
2007-06-22,18.57999992370605,18.780000686645508,18.34000015258789,18.46999931335449,14.659130096435549,1379900,no_news,0.0,Not Recession,no_anomaly,0
2007-06-21,18.350000381469727,18.8799991607666,18.309999465942383,18.65999984741211,14.809925079345703,798800,no_news,0.0,Not Recession,no_anomaly,0
2007-06-20,18.600000381469727,18.68000030517578,18.26000022888184,18.36000061035156,14.571826934814451,1118500,no_news,0.0,Not Recession,no_anomaly,0
2007-06-19,18.51000022888184,18.71999931335449,18.440000534057617,18.559999465942383,14.730560302734377,846900,no_news,0.0,Not Recession,no_anomaly,0
2007-06-18,18.75,18.780000686645508,18.459999084472656,18.549999237060547,14.722616195678713,806800,no_news,0.0,Not Recession,no_anomaly,0
2007-06-15,18.3700008392334,18.68000030517578,18.200000762939453,18.65999984741211,14.809925079345703,1636100,no_news,0.0,Not Recession,no_anomaly,0
2007-06-14,17.989999771118164,18.26000022888184,17.81999969482422,18.18000030517578,14.428960800170898,901900,no_news,0.0,Not Recession,no_anomaly,0
2007-06-13,17.729999542236328,18.049999237060547,17.690000534057617,17.90999984741211,14.214675903320312,845000,no_news,0.0,Not Recession,no_anomaly,0
2007-06-12,17.700000762939453,17.969999313354492,17.610000610351562,17.690000534057617,14.04006576538086,774500,no_news,0.0,Not Recession,no_anomaly,0
2007-06-11,17.700000762939453,17.969999313354492,17.670000076293945,17.770000457763672,14.103560447692873,690400,no_news,0.0,Not Recession,no_anomaly,0
2007-06-08,17.649999618530273,17.790000915527344,17.530000686645508,17.75,14.087685585021973,594100,no_news,0.0,Not Recession,no_anomaly,0
2007-06-07,17.75,17.850000381469727,17.600000381469727,17.649999618530273,14.00831699371338,1285800,no_news,0.0,Not Recession,no_anomaly,0
2007-06-06,17.940000534057617,17.940000534057617,17.799999237060547,17.860000610351562,14.1749849319458,943800,no_news,0.0,Not Recession,no_anomaly,0
2007-06-05,17.920000076293945,18.1200008392334,17.799999237060547,17.979999542236328,14.27023220062256,1117800,no_news,0.0,Not Recession,no_anomaly,0
2007-06-04,17.729999542236328,18.09000015258789,17.729999542236328,17.93000030517578,14.230546951293944,1515700,no_news,0.0,Not Recession,no_anomaly,0
2007-06-01,17.829999923706055,18.350000381469727,17.549999237060547,17.700000762939453,14.048002243041992,2166900,no_news,0.0,Not Recession,no_anomaly,0
2007-05-31,17.75,18.07999992370605,17.6299991607666,17.690000534057617,14.04006576538086,2698200,no_news,0.0,Not Recession,no_anomaly,0
2007-05-30,16.829999923706055,16.950000762939453,16.579999923706055,16.899999618530273,13.41306209564209,432300,no_news,0.0,Not Recession,no_anomaly,0
2007-05-29,16.799999237060547,17.059999465942383,16.75,16.979999542236328,13.476556777954102,600900,no_news,0.0,Not Recession,no_anomaly,0
2007-05-25,16.5,16.93000030517578,16.5,16.829999923706055,13.357504844665527,717300,no_news,0.0,Not Recession,no_anomaly,0
2007-05-24,16.59000015258789,16.84000015258789,16.5,16.59000015258789,13.167027473449709,1234800,no_news,0.0,Not Recession,no_anomaly,0
2007-05-23,16.690000534057617,16.780000686645508,16.450000762939453,16.5,13.095593452453612,705800,no_news,0.0,Not Recession,no_anomaly,0
2007-05-22,16.540000915527344,16.68000030517578,16.350000381469727,16.649999618530273,13.214643478393556,862400,no_news,0.0,Not Recession,no_anomaly,0
2007-05-21,16.3700008392334,16.84000015258789,16.3700008392334,16.579999923706055,13.159085273742676,1154200,no_news,0.0,Not Recession,no_anomaly,0
2007-05-18,16.690000534057617,16.690000534057617,16.280000686645508,16.3799991607666,13.00035285949707,921700,no_news,0.0,Not Recession,no_anomaly,0
2007-05-17,16.59000015258789,16.729999542236328,16.559999465942383,16.639999389648438,13.206709861755373,909500,no_news,0.0,Not Recession,no_anomaly,0
2007-05-16,16.399999618530273,16.65999984741211,16.18000030517578,16.610000610351562,13.182901382446287,1126400,no_news,0.0,Not Recession,no_anomaly,0
2007-05-15,16.809999465942383,17.06999969482422,16.559999465942383,16.6200008392334,13.190834999084473,1104700,no_news,0.0,Not Recession,no_anomaly,0
2007-05-14,17.09000015258789,17.15999984741211,16.719999313354492,16.90999984741211,13.421000480651855,1080200,no_news,0.0,Not Recession,no_anomaly,0
2007-05-11,16.969999313354492,17.200000762939453,16.790000915527344,17.18000030517578,13.635294914245604,1421900,no_news,0.0,Not Recession,no_anomaly,0
2007-05-10,18.32999992370605,18.350000381469727,16.75,16.799999237060547,13.333696365356444,2406400,no_news,0.0,Not Recession,no_anomaly,0
2007-05-09,17.110000610351562,17.899999618530273,17.049999237060547,17.739999771118164,14.079750061035156,2275500,no_news,0.0,Not Recession,no_anomaly,0
2007-05-08,17.670000076293945,17.700000762939453,17.260000228881836,17.260000228881836,13.698784828186035,1173800,no_news,0.0,Not Recession,no_anomaly,0
2007-05-07,18.030000686645508,18.030000686645508,17.719999313354492,17.739999771118164,14.079750061035156,926000,no_news,0.0,Not Recession,no_anomaly,0
2007-05-04,17.90999984741211,18.049999237060547,17.8700008392334,18.0,14.286105155944824,837900,no_news,0.0,Not Recession,no_anomaly,0
2007-05-03,18.010000228881836,18.13999938964844,17.93000030517578,17.969999313354492,14.262292861938477,832200,no_news,0.0,Not Recession,no_anomaly,0
2007-05-02,18.0,18.39999961853028,17.979999542236328,18.049999237060547,14.32578468322754,1995400,no_news,0.0,Not Recession,no_anomaly,0
2007-05-01,17.450000762939453,17.979999542236328,17.450000762939453,17.979999542236328,14.27023220062256,1731300,no_news,0.0,Not Recession,no_anomaly,0
2007-04-30,17.329999923706055,17.739999771118164,17.25,17.469999313354492,13.865456581115724,1080600,no_news,0.0,Not Recession,no_anomaly,0
2007-04-27,17.3700008392334,17.3799991607666,17.18000030517578,17.290000915527344,13.722594261169434,636100,no_news,0.0,Not Recession,no_anomaly,0
2007-04-26,17.5,17.520000457763672,17.25,17.3700008392334,13.786090850830078,1285600,no_news,0.0,Not Recession,no_anomaly,0
2007-04-25,17.75,17.75,17.25,17.5,13.889265060424805,977900,no_news,0.0,Not Recession,no_anomaly,0
2007-04-24,17.579999923706055,17.899999618530273,17.510000228881836,17.610000610351562,13.97657299041748,898600,no_news,0.0,Not Recession,no_anomaly,0
2007-04-23,17.610000610351562,17.729999542236328,17.399999618530273,17.479999542236328,13.873390197753906,499700,no_news,0.0,Not Recession,no_anomaly,0
2007-04-20,17.520000457763672,17.799999237060547,17.31999969482422,17.709999084472656,14.055937767028809,1033500,no_news,0.0,Not Recession,no_anomaly,0
2007-04-19,17.799999237060547,17.809999465942383,17.190000534057617,17.239999771118164,13.68291473388672,1277300,no_news,0.0,Not Recession,no_anomaly,0
2007-04-18,17.690000534057617,17.950000762939453,17.59000015258789,17.700000762939453,14.048002243041992,809500,no_news,0.0,Not Recession,no_anomaly,0
2007-04-17,17.709999084472656,17.75,17.299999237060547,17.59000015258789,13.960697174072266,846900,no_news,0.0,Not Recession,no_anomaly,0
2007-04-16,17.75,17.969999313354492,17.649999618530273,17.729999542236328,14.07181167602539,875500,no_news,0.0,Not Recession,no_anomaly,0
2007-04-13,17.639999389648438,17.639999389648438,17.200000762939453,17.6200008392334,13.984504699707031,1413400,no_news,0.0,Not Recession,no_anomaly,0
2007-04-12,17.469999313354492,17.670000076293945,17.440000534057617,17.540000915527344,13.921011924743652,763100,no_news,0.0,Not Recession,no_anomaly,0
2007-04-11,17.610000610351562,17.65999984741211,17.329999923706055,17.510000228881836,13.897209167480469,714100,no_news,0.0,Not Recession,no_anomaly,0
2007-04-10,17.600000381469727,17.6299991607666,17.489999771118164,17.56999969482422,13.944822311401367,1100100,no_news,0.0,Not Recession,no_anomaly,0
2007-04-09,17.8700008392334,18.0,17.510000228881836,17.540000915527344,13.921011924743652,1291700,no_news,0.0,Not Recession,no_anomaly,0
2007-04-05,17.559999465942383,17.90999984741211,17.520000457763672,17.8700008392334,14.182924270629885,637200,no_news,0.0,Not Recession,no_anomaly,0
2007-04-04,17.299999237060547,17.59000015258789,17.260000228881836,17.530000686645508,13.913076400756836,873100,no_news,0.0,Not Recession,no_anomaly,0
2007-04-03,17.15999984741211,17.350000381469727,17.06999969482422,17.229999542236328,13.67497444152832,900000,no_news,0.0,Not Recession,no_anomaly,0
2007-04-02,17.219999313354492,17.3799991607666,16.84000015258789,17.020000457763672,13.508305549621582,910500,no_news,0.0,Not Recession,no_anomaly,0
2007-03-30,16.979999542236328,17.25,16.90999984741211,17.149999618530273,13.611483573913574,768600,no_news,0.0,Not Recession,no_anomaly,0
2007-03-29,17.170000076293945,17.200000762939453,16.670000076293945,16.93000030517578,13.436875343322754,887100,no_news,0.0,Not Recession,no_anomaly,0
2007-03-28,16.950000762939453,17.170000076293945,16.899999618530273,17.020000457763672,13.508305549621582,665900,no_news,0.0,Not Recession,no_anomaly,0
2007-03-27,16.959999084472656,17.190000534057617,16.93000030517578,17.059999465942383,13.540046691894531,1103300,no_news,0.0,Not Recession,no_anomaly,0
2007-03-26,17.06999969482422,17.100000381469727,16.889999389648438,17.0,13.492429733276367,797800,no_news,0.0,Not Recession,no_anomaly,0
2007-03-23,17.09000015258789,17.31999969482422,16.950000762939453,16.979999542236328,13.476556777954102,1048500,no_news,0.0,Not Recession,no_anomaly,0
2007-03-22,17.59000015258789,17.600000381469727,17.110000610351562,17.190000534057617,13.643229484558104,2017100,no_news,0.0,Not Recession,no_anomaly,0
2007-03-21,16.969999313354492,17.59000015258789,16.760000228881836,17.530000686645508,13.913076400756836,1163500,no_news,0.0,Not Recession,no_anomaly,0
2007-03-20,16.65999984741211,16.989999771118164,16.59000015258789,16.959999084472656,13.460683822631836,726300,no_news,0.0,Not Recession,no_anomaly,0
2007-03-19,16.739999771118164,16.850000381469727,16.649999618530273,16.760000228881836,13.30195140838623,1013500,no_news,0.0,Not Recession,no_anomaly,0
2007-03-16,16.549999237060547,16.700000762939453,16.40999984741211,16.670000076293945,13.230520248413086,1038900,no_news,0.0,Not Recession,no_anomaly,0
2007-03-15,16.360000610351562,16.559999465942383,16.260000228881836,16.559999465942383,13.143213272094728,460800,no_news,0.0,Not Recession,no_anomaly,0
2007-03-14,16.079999923706055,16.3799991607666,15.93000030517578,16.31999969482422,12.952733039855955,980700,no_news,0.0,Not Recession,no_anomaly,0
2007-03-13,16.420000076293945,16.530000686645508,16.06999969482422,16.149999618530273,12.817809104919434,1542300,no_news,0.0,Not Recession,no_anomaly,0
2007-03-12,16.239999771118164,16.540000915527344,16.239999771118164,16.479999542236328,13.079721450805664,724200,no_news,0.0,Not Recession,no_anomaly,0
2007-03-09,16.399999618530273,16.399999618530273,16.18000030517578,16.3799991607666,13.00035285949707,846600,no_news,0.0,Not Recession,no_anomaly,0
2007-03-08,15.829999923706056,16.200000762939453,15.829999923706056,16.18000030517578,12.841618537902832,1080000,no_news,0.0,Not Recession,no_anomaly,0
2007-03-07,15.649999618530272,15.960000038146973,15.420000076293944,15.75,12.50033950805664,836200,no_news,0.0,Not Recession,no_anomaly,0
2007-03-06,15.0600004196167,15.710000038146973,15.0600004196167,15.619999885559082,12.397162437438965,668000,no_news,0.0,Not Recession,no_anomaly,0
2007-03-05,15.039999961853027,15.5,14.920000076293944,14.949999809265137,11.865400314331056,1244900,no_news,0.0,Not Recession,no_anomaly,0
2007-03-02,15.350000381469728,15.510000228881836,15.1899995803833,15.260000228881836,12.111438751220703,935500,no_news,0.0,Not Recession,no_anomaly,0
2007-03-01,15.25,15.649999618530272,15.010000228881836,15.420000076293944,12.238426208496094,825700,no_news,0.0,Not Recession,no_anomaly,0
2007-02-28,15.5600004196167,15.9399995803833,15.369999885559082,15.529999732971191,12.325730323791504,790600,no_news,0.0,Not Recession,no_anomaly,0
2007-02-27,16.020000457763672,16.1200008392334,15.550000190734863,15.65999984741211,12.428911209106444,1349700,no_news,0.0,Not Recession,no_anomaly,0
2007-02-26,16.600000381469727,16.6299991607666,16.170000076293945,16.3799991607666,13.00035285949707,696900,no_news,0.0,Not Recession,no_anomaly,0
2007-02-23,16.049999237060547,16.5,15.869999885559082,16.1299991607666,12.801935195922852,1110800,no_news,0.0,Not Recession,no_anomaly,0
2007-02-22,15.949999809265137,16.0,15.65999984741211,15.949999809265137,12.65907382965088,648600,no_news,0.0,Not Recession,no_anomaly,0
2007-02-21,15.739999771118164,15.779999732971191,15.550000190734863,15.75,12.50033950805664,599000,no_news,0.0,Not Recession,no_anomaly,0
2007-02-20,15.989999771118164,15.989999771118164,15.529999732971191,15.81999969482422,12.555895805358888,693200,no_news,0.0,Not Recession,no_anomaly,0
2007-02-16,15.949999809265137,15.960000038146973,15.56999969482422,15.949999809265137,12.65907382965088,606000,no_news,0.0,Not Recession,no_anomaly,0
2007-02-15,15.81999969482422,16.010000228881836,15.68000030517578,15.960000038146973,12.667011260986328,819200,no_news,0.0,Not Recession,no_anomaly,0
2007-02-14,15.5,16.030000686645508,15.470000267028809,15.899999618530272,12.619389533996582,1265900,no_news,0.0,Not Recession,no_anomaly,0
2007-02-13,15.600000381469728,15.850000381469728,15.18000030517578,15.31999969482422,12.159061431884766,938000,no_news,0.0,Not Recession,no_anomaly,0
2007-02-12,15.289999961853027,15.670000076293944,15.199999809265137,15.640000343322754,12.413036346435549,1103600,no_news,0.0,Not Recession,no_anomaly,0
2007-02-09,15.609999656677246,15.760000228881836,15.210000038146973,15.25,12.103501319885254,728400,no_news,0.0,Not Recession,no_anomaly,0
2007-02-08,15.59000015258789,15.760000228881836,15.369999885559082,15.520000457763672,12.31779670715332,689800,no_news,0.0,Not Recession,no_anomaly,0
2007-02-07,15.399999618530272,16.399999618530273,15.039999961853027,15.649999618530272,12.420971870422363,2809800,no_news,0.0,Not Recession,no_anomaly,0
2007-02-06,14.4399995803833,14.5,14.029999732971191,14.210000038146973,11.278082847595217,840900,no_news,0.0,Not Recession,no_anomaly,0
2007-02-05,14.109999656677246,14.43000030517578,14.029999732971191,14.34000015258789,11.38126277923584,714700,no_news,0.0,Not Recession,no_anomaly,0
2007-02-02,14.09000015258789,14.220000267028809,13.949999809265137,14.039999961853027,11.143160820007324,482200,no_news,0.0,Not Recession,no_anomaly,0
2007-02-01,14.0,14.25,13.970000267028809,14.0,11.111413955688477,721100,no_news,0.0,Not Recession,no_anomaly,0
2007-01-31,14.079999923706056,14.079999923706056,13.729999542236328,13.920000076293944,11.04792022705078,597000,no_news,0.0,Not Recession,no_anomaly,0
2007-01-30,13.949999809265137,14.140000343322754,13.859999656677246,14.130000114440918,11.21458911895752,557700,no_news,0.0,Not Recession,no_anomaly,0
2007-01-29,13.949999809265137,14.010000228881836,13.720000267028809,13.90999984741211,11.039982795715332,565500,no_news,0.0,Not Recession,no_anomaly,0
2007-01-26,13.84000015258789,14.020000457763672,13.59000015258789,13.960000038146973,11.079668045043944,522700,no_news,0.0,Not Recession,no_anomaly,0
2007-01-25,14.0,14.079999923706056,13.699999809265137,13.739999771118164,10.905057907104492,440300,no_news,0.0,Not Recession,no_anomaly,0
2007-01-24,13.93000030517578,14.09000015258789,13.8100004196167,13.979999542236328,11.095537185668944,500200,no_news,0.0,Not Recession,no_anomaly,0
2007-01-23,13.81999969482422,14.06999969482422,13.75,13.81999969482422,10.968552589416504,545900,no_news,0.0,Not Recession,no_anomaly,0
2007-01-22,14.140000343322754,14.15999984741211,13.710000038146973,13.850000381469728,10.992365837097168,429500,no_news,0.0,Not Recession,no_anomaly,0
2007-01-19,13.829999923706056,14.279999732971191,13.829999923706056,14.109999656677246,11.19871711730957,650000,no_news,0.0,Not Recession,no_anomaly,0
2007-01-18,14.59000015258789,14.68000030517578,13.770000457763672,13.899999618530272,11.0320463180542,1887000,no_news,0.0,Not Recession,no_anomaly,0
2007-01-17,14.779999732971191,15.039999961853027,14.699999809265137,14.890000343322754,11.81778335571289,535100,no_news,0.0,Not Recession,no_anomaly,0
2007-01-16,15.0,15.079999923706056,14.760000228881836,14.81999969482422,11.762226104736328,617700,no_news,0.0,Not Recession,no_anomaly,0
2007-01-12,14.970000267028809,15.039999961853027,14.890000343322754,15.0,11.905085563659668,706300,no_news,0.0,Not Recession,no_anomaly,0
2007-01-11,14.949999809265137,15.100000381469728,14.81999969482422,15.0,11.905085563659668,644800,no_news,0.0,Not Recession,no_anomaly,0
2007-01-10,14.510000228881836,14.920000076293944,14.43000030517578,14.90999984741211,11.833656311035156,690600,no_news,0.0,Not Recession,no_anomaly,0
2007-01-09,14.489999771118164,14.68000030517578,14.350000381469728,14.649999618530272,11.627301216125488,612900,no_news,0.0,Not Recession,no_anomaly,0
2007-01-08,14.640000343322754,14.670000076293944,14.329999923706056,14.5,11.50825023651123,501900,no_news,0.0,Not Recession,no_anomaly,0
2007-01-05,14.56999969482422,14.65999984741211,14.25,14.56999969482422,11.56380558013916,623700,no_news,0.0,Not Recession,no_anomaly,0
2007-01-04,14.369999885559082,14.789999961853027,14.170000076293944,14.65999984741211,11.635236740112305,833200,no_news,0.0,Not Recession,no_anomaly,0
2007-01-03,14.5600004196167,14.8100004196167,14.100000381469728,14.420000076293944,11.444754600524902,1047000,no_news,0.0,Not Recession,no_anomaly,0
2006-12-29,14.15999984741211,14.670000076293944,14.15999984741211,14.399999618530272,11.428881645202637,1003700,no_news,0.0,Not Recession,no_anomaly,0
2006-12-28,14.18000030517578,14.350000381469728,14.130000114440918,14.220000267028809,11.286022186279297,690900,no_news,0.0,Not Recession,no_anomaly,0
2006-12-27,14.0600004196167,14.289999961853027,14.020000457763672,14.18000030517578,11.254274368286133,409700,no_news,0.0,Not Recession,no_anomaly,0
2006-12-26,13.600000381469728,14.109999656677246,13.59000015258789,14.0600004196167,11.159035682678224,411100,no_news,0.0,Not Recession,no_anomaly,0
2006-12-22,13.579999923706056,13.729999542236328,13.399999618530272,13.56999969482422,10.770133018493652,239000,no_news,0.0,Not Recession,no_anomaly,0
2006-12-21,13.739999771118164,13.890000343322754,13.489999771118164,13.609999656677246,10.8018798828125,271500,no_news,0.0,Not Recession,no_anomaly,0
2006-12-20,13.68000030517578,13.970000267028809,13.59000015258789,13.75,10.912994384765623,268000,no_news,0.0,Not Recession,no_anomaly,0
2006-12-19,13.56999969482422,13.75,13.449999809265137,13.619999885559082,10.809819221496582,346100,no_news,0.0,Not Recession,no_anomaly,0
2006-12-18,14.149999618530272,14.220000267028809,13.640000343322754,13.65999984741211,10.841564178466797,467100,no_news,0.0,Not Recession,no_anomaly,0
2006-12-15,14.100000381469728,14.220000267028809,13.93000030517578,14.039999961853027,11.143160820007324,679700,no_news,0.0,Not Recession,no_anomaly,0
2006-12-14,13.850000381469728,14.130000114440918,13.729999542236328,14.0600004196167,11.159035682678224,364100,no_news,0.0,Not Recession,no_anomaly,0
2006-12-13,14.15999984741211,14.170000076293944,13.670000076293944,13.8100004196167,10.960617065429688,321100,no_news,0.0,Not Recession,no_anomaly,0
2006-12-12,14.079999923706056,14.229999542236328,13.920000076293944,14.029999732971191,11.135221481323242,368200,no_news,0.0,Not Recession,no_anomaly,0
2006-12-11,13.899999618530272,14.170000076293944,13.880000114440918,14.029999732971191,11.135221481323242,416100,no_news,0.0,Not Recession,no_anomaly,0
2006-12-08,13.989999771118164,14.130000114440918,13.630000114440918,13.949999809265137,11.071727752685549,289100,no_news,0.0,Not Recession,no_anomaly,0
2006-12-07,14.109999656677246,14.220000267028809,13.93000030517578,13.9399995803833,11.063791275024414,394300,no_news,0.0,Not Recession,no_anomaly,0
2006-12-06,14.18000030517578,14.25,14.0,14.06999969482422,11.166970252990724,429800,no_news,0.0,Not Recession,no_anomaly,0
2006-12-05,14.229999542236328,14.4399995803833,14.119999885559082,14.229999542236328,11.293960571289062,419100,no_news,0.0,Not Recession,no_anomaly,0
2006-12-04,13.710000038146973,14.25,13.630000114440918,14.109999656677246,11.19871711730957,880800,no_news,0.0,Not Recession,no_anomaly,0
2006-12-01,13.949999809265137,14.229999542236328,13.489999771118164,13.68000030517578,10.857437133789062,601000,no_news,0.0,Not Recession,no_anomaly,0
2006-11-30,13.84000015258789,14.220000267028809,13.739999771118164,13.970000267028809,11.087604522705078,762600,no_news,0.0,Not Recession,no_anomaly,0
2006-11-29,13.859999656677246,14.020000457763672,13.670000076293944,13.90999984741211,11.039982795715332,315400,no_news,0.0,Not Recession,no_anomaly,0
2006-11-28,13.739999771118164,13.890000343322754,13.550000190734863,13.81999969482422,10.968552589416504,493000,no_news,0.0,Not Recession,no_anomaly,0
2006-11-27,14.449999809265137,14.449999809265137,13.75,13.75,10.912994384765623,856000,no_news,0.0,Not Recession,no_anomaly,0
2006-11-24,14.579999923706056,14.59000015258789,14.3100004196167,14.5,11.50825023651123,100200,no_news,0.0,Not Recession,no_anomaly,0
2006-11-22,14.510000228881836,14.600000381469728,14.359999656677246,14.579999923706056,11.571744918823242,271800,no_news,0.0,Not Recession,no_anomaly,0
2006-11-21,14.420000076293944,14.43000030517578,14.15999984741211,14.380000114440918,11.413009643554688,611500,no_news,0.0,Not Recession,no_anomaly,0
2006-11-20,14.43000030517578,14.550000190734863,14.1899995803833,14.369999885559082,11.405072212219238,808700,no_news,0.0,Not Recession,no_anomaly,0
2006-11-17,14.270000457763672,14.359999656677246,14.079999923706056,14.34000015258789,11.38126277923584,790700,no_news,0.0,Not Recession,no_anomaly,0
2006-11-16,14.510000228881836,14.529999732971191,14.109999656677246,14.279999732971191,11.33364200592041,537100,no_news,0.0,Not Recession,no_anomaly,0
2006-11-15,14.550000190734863,14.65999984741211,14.34000015258789,14.479999542236328,11.492371559143066,409000,no_news,0.0,Not Recession,no_anomaly,0
2006-11-14,14.079999923706056,14.649999618530272,13.970000267028809,14.609999656677246,11.595552444458008,524900,no_news,0.0,Not Recession,no_anomaly,0
2006-11-13,13.800000190734863,14.220000267028809,13.75,14.18000030517578,11.254274368286133,698800,no_news,0.0,Not Recession,no_anomaly,0
2006-11-10,13.970000267028809,14.100000381469728,13.18000030517578,13.81999969482422,10.968552589416504,2282700,no_news,0.0,Not Recession,no_anomaly,0
2006-11-09,14.130000114440918,14.239999771118164,13.899999618530272,14.170000076293944,11.246336936950684,1779800,no_news,0.0,Not Recession,no_anomaly,0
2006-11-08,13.9399995803833,14.279999732971191,13.760000228881836,14.149999618530272,11.230463027954102,663600,no_news,0.0,Not Recession,no_anomaly,0
2006-11-07,13.81999969482422,14.260000228881836,13.8100004196167,13.970000267028809,11.087604522705078,898700,no_news,0.0,Not Recession,no_anomaly,0
2006-11-06,13.850000381469728,14.100000381469728,13.779999732971191,13.850000381469728,10.992365837097168,1260400,no_news,0.0,Not Recession,no_anomaly,0
2006-11-03,13.479999542236328,13.609999656677246,13.300000190734863,13.489999771118164,10.70664119720459,530700,no_news,0.0,Not Recession,no_anomaly,0
2006-11-02,13.529999732971191,13.600000381469728,13.279999732971191,13.399999618530272,10.635210990905762,670100,no_news,0.0,Not Recession,no_anomaly,0
2006-11-01,14.020000457763672,14.289999961853027,13.619999885559082,13.65999984741211,10.841564178466797,595400,no_news,0.0,Not Recession,no_anomaly,0
2006-10-31,14.40999984741211,14.520000457763672,14.0,14.199999809265137,11.270147323608398,647900,no_news,0.0,Not Recession,no_anomaly,0
2006-10-30,14.109999656677246,14.449999809265137,13.979999542236328,14.390000343322754,11.420947074890137,572700,no_news,0.0,Not Recession,no_anomaly,0
2006-10-27,14.760000228881836,14.789999961853027,14.119999885559082,14.170000076293944,11.246336936950684,643300,no_news,0.0,Not Recession,no_anomaly,0
2006-10-26,14.649999618530272,14.869999885559082,14.260000228881836,14.789999961853027,11.738415718078612,589400,no_news,0.0,Not Recession,no_anomaly,0
2006-10-25,14.199999809265137,14.6899995803833,14.109999656677246,14.619999885559082,11.603489875793455,612300,no_news,0.0,Not Recession,no_anomaly,0
2006-10-24,14.350000381469728,14.390000343322754,14.09000015258789,14.149999618530272,11.230463027954102,528000,no_news,0.0,Not Recession,no_anomaly,0
2006-10-23,14.149999618530272,14.630000114440918,14.119999885559082,14.359999656677246,11.397135734558104,598900,no_news,0.0,Not Recession,no_anomaly,0
2006-10-20,14.670000076293944,14.670000076293944,14.229999542236328,14.239999771118164,11.301892280578612,572800,no_news,0.0,Not Recession,no_anomaly,0
2006-10-19,14.649999618530272,14.710000038146973,14.40999984741211,14.600000381469728,11.587615966796877,957500,no_news,0.0,Not Recession,no_anomaly,0
2006-10-18,15.170000076293944,15.170000076293944,14.510000228881836,14.6899995803833,11.65904712677002,1027200,no_news,0.0,Not Recession,no_anomaly,0
2006-10-17,15.09000015258789,15.210000038146973,14.869999885559082,15.06999969482422,11.960641860961914,832600,no_news,0.0,Not Recession,no_anomaly,0
2006-10-16,14.770000457763672,15.31999969482422,14.720000267028809,15.260000228881836,12.111438751220703,1217900,no_news,0.0,Not Recession,no_anomaly,0
2006-10-13,14.600000381469728,14.90999984741211,14.470000267028809,14.770000457763672,11.722541809082031,824200,no_news,0.0,Not Recession,no_anomaly,0
2006-10-12,14.130000114440918,14.529999732971191,14.079999923706056,14.529999732971191,11.532060623168944,1012900,no_news,0.0,Not Recession,no_anomaly,0
2006-10-11,13.720000267028809,14.56999969482422,13.670000076293944,14.220000267028809,11.286022186279297,1474300,no_news,0.0,Not Recession,no_anomaly,0
2006-10-10,13.989999771118164,13.989999771118164,13.609999656677246,13.75,10.912994384765623,821800,no_news,0.0,Not Recession,no_anomaly,0
2006-10-09,13.59000015258789,13.960000038146973,13.449999809265137,13.920000076293944,11.04792022705078,621900,no_news,0.0,Not Recession,no_anomaly,0
2006-10-06,13.529999732971191,13.850000381469728,13.510000228881836,13.670000076293944,10.849501609802246,789100,no_news,0.0,Not Recession,no_anomaly,0
2006-10-05,13.329999923706056,13.699999809265137,13.260000228881836,13.630000114440918,10.81775188446045,629600,no_news,0.0,Not Recession,no_anomaly,0
2006-10-04,12.75,13.43000030517578,12.640000343322754,13.359999656677246,10.603464126586914,900400,no_news,0.0,Not Recession,no_anomaly,0
2006-10-03,12.739999771118164,12.859999656677246,12.470000267028809,12.789999961853027,10.151067733764648,578500,no_news,0.0,Not Recession,no_anomaly,0
2006-10-02,13.0,13.1899995803833,12.770000457763672,12.829999923706056,10.182819366455078,505800,no_news,0.0,Not Recession,no_anomaly,0
2006-09-29,13.270000457763672,13.359999656677246,13.039999961853027,13.050000190734863,10.357422828674316,443700,no_news,0.0,Not Recession,no_anomaly,0
2006-09-28,13.600000381469728,13.600000381469728,13.18000030517578,13.329999923706056,10.5796537399292,415800,no_news,0.0,Not Recession,no_anomaly,0
2006-09-27,13.470000267028809,13.859999656677246,13.31999969482422,13.529999732971191,10.738388061523438,477100,no_news,0.0,Not Recession,no_anomaly,0
2006-09-26,13.56999969482422,13.59000015258789,13.220000267028809,13.56999969482422,10.770133018493652,498500,no_news,0.0,Not Recession,no_anomaly,0
2006-09-25,13.149999618530272,13.609999656677246,13.149999618530272,13.529999732971191,10.738388061523438,748800,no_news,0.0,Not Recession,no_anomaly,0
2006-09-22,13.100000381469728,13.229999542236328,12.9399995803833,13.100000381469728,10.397109031677246,461200,no_news,0.0,Not Recession,no_anomaly,0
2006-09-21,13.739999771118164,13.739999771118164,13.09000015258789,13.140000343322754,10.428853034973145,525900,no_news,0.0,Not Recession,no_anomaly,0
2006-09-20,13.420000076293944,13.720000267028809,13.350000381469728,13.630000114440918,10.81775188446045,439300,no_news,0.0,Not Recession,no_anomaly,0
2006-09-19,13.539999961853027,13.550000190734863,12.880000114440918,13.279999732971191,10.53996753692627,611000,no_news,0.0,Not Recession,no_anomaly,0
2006-09-18,13.359999656677246,13.710000038146973,13.300000190734863,13.470000267028809,10.690766334533691,577900,no_news,0.0,Not Recession,no_anomaly,0
2006-09-15,13.5600004196167,13.699999809265137,13.369999885559082,13.460000038146973,10.68282985687256,693800,no_news,0.0,Not Recession,no_anomaly,0
2006-09-14,13.40999984741211,13.470000267028809,13.199999809265137,13.460000038146973,10.68282985687256,293700,no_news,0.0,Not Recession,no_anomaly,0
2006-09-13,13.31999969482422,13.510000228881836,13.119999885559082,13.420000076293944,10.651082992553713,487600,no_news,0.0,Not Recession,no_anomaly,0
2006-09-12,12.729999542236328,13.329999923706056,12.56999969482422,13.279999732971191,10.53996753692627,652000,no_news,0.0,Not Recession,no_anomaly,0
2006-09-11,12.829999923706056,12.960000038146973,12.550000190734863,12.850000381469728,10.198690414428713,463700,no_news,0.0,Not Recession,no_anomaly,0
2006-09-08,13.050000190734863,13.199999809265137,12.949999809265137,13.140000343322754,10.428853034973145,201600,no_news,0.0,Not Recession,no_anomaly,0
2006-09-07,13.039999961853027,13.300000190734863,12.619999885559082,13.0600004196167,10.365363121032717,552500,no_news,0.0,Not Recession,no_anomaly,0
2006-09-06,13.649999618530272,13.65999984741211,13.100000381469728,13.100000381469728,10.397109031677246,643600,no_news,0.0,Not Recession,no_anomaly,0
2006-09-05,13.869999885559082,13.899999618530272,13.479999542236328,13.779999732971191,10.93680477142334,875600,no_news,0.0,Not Recession,no_anomaly,0
2006-09-01,13.880000114440918,14.130000114440918,13.6899995803833,13.890000343322754,11.024110794067385,435300,no_news,0.0,Not Recession,no_anomaly,0
2006-08-31,14.199999809265137,14.199999809265137,13.84000015258789,13.899999618530272,11.0320463180542,737500,no_news,0.0,Not Recession,no_anomaly,0
2006-08-30,13.859999656677246,14.239999771118164,13.710000038146973,14.140000343322754,11.222525596618652,679200,no_news,0.0,Not Recession,no_anomaly,0
2006-08-29,13.829999923706056,13.829999923706056,13.460000038146973,13.8100004196167,10.960617065429688,713000,no_news,0.0,Not Recession,no_anomaly,0
2006-08-28,13.880000114440918,13.890000343322754,13.619999885559082,13.6899995803833,10.865376472473145,529600,no_news,0.0,Not Recession,no_anomaly,0
2006-08-25,13.649999618530272,13.84000015258789,13.539999961853027,13.800000190734863,10.952678680419922,384900,no_news,0.0,Not Recession,no_anomaly,0
2006-08-24,13.720000267028809,13.8100004196167,13.479999542236328,13.65999984741211,10.841564178466797,301500,no_news,0.0,Not Recession,no_anomaly,0
2006-08-23,13.640000343322754,13.9399995803833,13.5,13.699999809265137,10.873311042785645,263700,no_news,0.0,Not Recession,no_anomaly,0
2006-08-22,13.479999542236328,13.949999809265137,13.479999542236328,13.640000343322754,10.825691223144531,426300,no_news,0.0,Not Recession,no_anomaly,0
2006-08-21,13.979999542236328,13.979999542236328,13.390000343322754,13.539999961853027,10.746320724487305,503800,no_news,0.0,Not Recession,no_anomaly,0
2006-08-18,14.149999618530272,14.149999618530272,13.579999923706056,13.989999771118164,11.103474617004396,460600,no_news,0.0,Not Recession,no_anomaly,0
2006-08-17,13.949999809265137,14.170000076293944,13.949999809265137,14.09000015258789,11.182843208312988,774100,no_news,0.0,Not Recession,no_anomaly,0
2006-08-16,13.649999618530272,14.100000381469728,13.579999923706056,14.050000190734863,11.151097297668455,741100,no_news,0.0,Not Recession,no_anomaly,0
2006-08-15,13.050000190734863,13.5600004196167,12.890000343322754,13.529999732971191,10.738388061523438,481700,no_news,0.0,Not Recession,no_anomaly,0
2006-08-14,12.520000457763672,13.100000381469728,12.5,12.81999969482422,10.174877166748049,376900,no_news,0.0,Not Recession,no_anomaly,0
2006-08-11,13.020000457763672,13.09000015258789,12.420000076293944,12.56999969482422,9.976462364196776,421700,no_news,0.0,Not Recession,no_anomaly,0
2006-08-10,12.649999618530272,13.149999618530272,12.510000228881836,13.079999923706056,10.381235122680664,551500,no_news,0.0,Not Recession,no_anomaly,0
2006-08-09,12.949999809265137,13.300000190734863,12.68000030517578,12.789999961853027,10.151067733764648,505500,no_news,0.0,Not Recession,no_anomaly,0
2006-08-08,12.65999984741211,13.229999542236328,12.609999656677246,12.850000381469728,10.198690414428713,809700,no_news,0.0,Not Recession,no_anomaly,0
2006-08-07,13.31999969482422,13.31999969482422,12.470000267028809,12.609999656677246,10.008207321166992,830800,no_news,0.0,Not Recession,no_anomaly,0
2006-08-04,13.640000343322754,13.68000030517578,13.029999732971191,13.300000190734863,10.555841445922852,1117600,no_news,0.0,Not Recession,no_anomaly,0
2006-08-03,12.3100004196167,13.65999984741211,12.149999618530272,13.460000038146973,10.68282985687256,2780300,no_news,0.0,Not Recession,no_anomaly,0
2006-08-02,11.470000267028809,11.960000038146973,11.399999618530272,11.890000343322754,9.436765670776367,1006300,no_news,0.0,Not Recession,no_anomaly,0
2006-08-01,11.15999984741211,11.510000228881836,11.06999969482422,11.369999885559082,9.024054527282717,671400,no_news,0.0,Not Recession,no_anomaly,0
2006-07-31,11.149999618530272,11.329999923706056,11.039999961853027,11.289999961853027,8.960561752319336,568200,no_news,0.0,Not Recession,no_anomaly,0
2006-07-28,10.989999771118164,11.289999961853027,10.859999656677246,11.220000267028809,8.90500545501709,446100,no_news,0.0,Not Recession,no_anomaly,0
2006-07-27,11.050000190734863,11.239999771118164,10.800000190734863,10.920000076293944,8.666899681091309,527000,no_news,0.0,Not Recession,no_anomaly,0
2006-07-26,10.859999656677246,11.09000015258789,10.640000343322754,10.9399995803833,8.68277645111084,513800,no_news,0.0,Not Recession,no_anomaly,0
2006-07-25,10.970000267028809,11.130000114440918,10.8100004196167,10.949999809265137,8.690712928771973,504300,no_news,0.0,Not Recession,no_anomaly,0
2006-07-24,10.649999618530272,11.109999656677246,10.649999618530272,11.0,8.730396270751953,430700,no_news,0.0,Not Recession,no_anomaly,0
2006-07-21,11.100000381469728,11.229999542236328,10.5600004196167,10.609999656677246,8.420865058898926,657700,no_news,0.0,Not Recession,no_anomaly,0
2006-07-20,11.84000015258789,11.880000114440918,11.170000076293944,11.1899995803833,8.881195068359375,457300,no_news,0.0,Not Recession,no_anomaly,0
2006-07-19,11.109999656677246,11.8100004196167,11.109999656677246,11.779999732971191,9.349462509155272,613900,no_news,0.0,Not Recession,no_anomaly,0
2006-07-18,11.100000381469728,11.199999809265137,10.65999984741211,11.140000343322754,8.841512680053711,447100,no_news,0.0,Not Recession,no_anomaly,0
2006-07-17,11.25,11.460000038146973,10.899999618530272,10.93000030517578,8.674840927124023,538700,no_news,0.0,Not Recession,no_anomaly,0
2006-07-14,11.199999809265137,11.649999618530272,11.0600004196167,11.34000015258789,9.000245094299316,515100,no_news,0.0,Not Recession,no_anomaly,0
2006-07-13,11.59000015258789,11.720000267028809,11.210000038146973,11.25,8.928811073303223,512400,no_news,0.0,Not Recession,no_anomaly,0
2006-07-12,11.609999656677246,11.90999984741211,11.18000030517578,11.710000038146973,9.293904304504396,1346300,no_news,0.0,Not Recession,no_anomaly,0
2006-07-11,11.520000457763672,11.65999984741211,11.079999923706056,11.65999984741211,9.254222869873049,741300,no_news,0.0,Not Recession,no_anomaly,0
2006-07-10,11.619999885559082,11.770000457763672,11.399999618530272,11.520000457763672,9.143106460571287,588800,no_news,0.0,Not Recession,no_anomaly,0
2006-07-07,11.710000038146973,11.710000038146973,11.390000343322754,11.600000381469728,9.206599235534668,814700,no_news,0.0,Not Recession,no_anomaly,0
2006-07-06,11.600000381469728,12.0,11.59000015258789,11.850000381469728,9.405019760131836,669900,no_news,0.0,Not Recession,no_anomaly,0
2006-07-05,11.8100004196167,11.880000114440918,11.350000381469728,11.550000190734863,9.166915893554688,629500,no_news,0.0,Not Recession,no_anomaly,0
2006-07-03,11.800000190734863,11.970000267028809,11.760000228881836,11.920000076293944,9.460576057434082,135100,no_news,0.0,Not Recession,no_anomaly,0
2006-06-30,11.880000114440918,11.949999809265137,11.619999885559082,11.800000190734863,9.36533546447754,1422200,no_news,0.0,Not Recession,no_anomaly,0
2006-06-29,11.1899995803833,11.779999732971191,11.140000343322754,11.770000457763672,9.341524124145508,914300,no_news,0.0,Not Recession,no_anomaly,0
2006-06-28,11.050000190734863,11.100000381469728,10.850000381469728,11.09000015258789,8.801824569702148,554600,no_news,0.0,Not Recession,no_anomaly,0
2006-06-27,11.1899995803833,11.359999656677246,10.949999809265137,11.0,8.730396270751953,627900,no_news,0.0,Not Recession,no_anomaly,0
2006-06-26,11.15999984741211,11.270000457763672,11.06999969482422,11.199999809265137,8.889129638671875,543600,no_news,0.0,Not Recession,no_anomaly,0
2006-06-23,11.210000038146973,11.289999961853027,11.0,11.09000015258789,8.801824569702148,402900,no_news,0.0,Not Recession,no_anomaly,0
2006-06-22,11.390000343322754,11.529999732971191,11.119999885559082,11.279999732971191,8.952625274658203,536900,no_news,0.0,Not Recession,no_anomaly,0
2006-06-21,11.520000457763672,11.65999984741211,11.300000190734863,11.5,9.127235412597656,1303800,no_news,0.0,Not Recession,no_anomaly,0
2006-06-20,11.720000267028809,11.829999923706056,11.390000343322754,11.520000457763672,9.143106460571287,873400,no_news,0.0,Not Recession,no_anomaly,0
2006-06-19,11.550000190734863,11.619999885559082,11.15999984741211,11.260000228881836,8.936753273010254,385600,no_news,0.0,Not Recession,no_anomaly,0
2006-06-16,11.710000038146973,11.710000038146973,11.470000267028809,11.529999732971191,9.151041984558104,1410400,no_news,0.0,Not Recession,no_anomaly,0
2006-06-15,11.399999618530272,11.829999923706056,11.300000190734863,11.75,9.32565212249756,533800,no_news,0.0,Not Recession,no_anomaly,0
2006-06-14,11.199999809265137,11.460000038146973,11.100000381469728,11.289999961853027,8.960561752319336,482300,no_news,0.0,Not Recession,no_anomaly,0
2006-06-13,11.399999618530272,11.710000038146973,11.140000343322754,11.220000267028809,8.90500545501709,711800,no_news,0.0,Not Recession,no_anomaly,0
2006-06-12,11.68000030517578,11.789999961853027,11.3100004196167,11.34000015258789,9.000245094299316,532100,no_news,0.0,Not Recession,no_anomaly,0
2006-06-09,12.0,12.109999656677246,11.6899995803833,11.699999809265137,9.285967826843262,459000,no_news,0.0,Not Recession,no_anomaly,0
2006-06-08,11.850000381469728,12.029999732971191,11.5,11.960000038146973,9.492323875427246,727000,no_news,0.0,Not Recession,no_anomaly,0
2006-06-07,12.109999656677246,12.25,11.899999618530272,11.920000076293944,9.460576057434082,665100,no_news,0.0,Not Recession,no_anomaly,0
2006-06-06,12.3100004196167,12.369999885559082,11.859999656677246,12.130000114440918,9.627245903015137,779700,no_news,0.0,Not Recession,no_anomaly,0
2006-06-05,12.220000267028809,12.460000038146973,11.989999771118164,12.0,9.524067878723145,571400,no_news,0.0,Not Recession,no_anomaly,0
2006-06-02,12.640000343322754,12.670000076293944,12.140000343322754,12.3100004196167,9.770109176635742,565000,no_news,0.0,Not Recession,no_anomaly,0
2006-06-01,12.09000015258789,12.5600004196167,12.020000457763672,12.470000267028809,9.897093772888184,786400,no_news,0.0,Not Recession,no_anomaly,0
2006-05-31,11.899999618530272,12.25,11.899999618530272,12.06999969482422,9.579623222351074,910300,no_news,0.0,Not Recession,no_anomaly,0
2006-05-30,12.119999885559082,12.210000038146973,11.850000381469728,11.859999656677246,9.412954330444336,879500,no_news,0.0,Not Recession,no_anomaly,0
2006-05-26,12.5,12.789999961853027,12.369999885559082,12.539999961853027,9.952649116516112,346400,no_news,0.0,Not Recession,no_anomaly,0
2006-05-25,12.34000015258789,12.43000030517578,12.079999923706056,12.43000030517578,9.865347862243652,513600,no_news,0.0,Not Recession,no_anomaly,0
2006-05-24,11.970000267028809,12.359999656677246,11.640000343322754,12.15999984741211,9.651057243347168,971600,no_news,0.0,Not Recession,no_anomaly,0
2006-05-23,12.369999885559082,12.600000381469728,11.979999542236328,12.0,9.524067878723145,702500,no_news,0.0,Not Recession,no_anomaly,0
2006-05-22,12.43000030517578,12.59000015258789,12.09000015258789,12.3100004196167,9.770109176635742,1060900,no_news,0.0,Not Recession,no_anomaly,0
2006-05-19,12.56999969482422,12.760000228881836,12.079999923706056,12.520000457763672,9.936777114868164,2146900,no_news,0.0,Not Recession,no_anomaly,0
2006-05-18,12.720000267028809,12.960000038146973,12.279999732971191,12.300000190734863,9.762167930603027,439500,no_news,0.0,Not Recession,no_anomaly,0
2006-05-17,12.90999984741211,13.039999961853027,12.5600004196167,12.720000267028809,10.095514297485352,601500,no_news,0.0,Not Recession,no_anomaly,0
2006-05-16,13.029999732971191,13.239999771118164,12.81999969482422,12.989999771118164,10.30980396270752,741100,no_news,0.0,Not Recession,no_anomaly,0
2006-05-15,13.350000381469728,13.40999984741211,12.800000190734863,12.989999771118164,10.30980396270752,1152400,no_news,0.0,Not Recession,no_anomaly,0
2006-05-12,13.710000038146973,13.760000228881836,13.220000267028809,13.470000267028809,10.690766334533691,1218200,no_news,0.0,Not Recession,no_anomaly,0
2006-05-11,14.649999618530272,14.670000076293944,13.899999618530272,13.960000038146973,11.079668045043944,864100,no_news,0.0,Not Recession,no_anomaly,0
2006-05-10,14.760000228881836,14.880000114440918,14.65999984741211,14.6899995803833,11.65904712677002,834100,no_news,0.0,Not Recession,no_anomaly,0
2006-05-09,14.850000381469728,14.869999885559082,14.760000228881836,14.829999923706056,11.77016258239746,1338900,no_news,0.0,Not Recession,no_anomaly,0
2006-05-08,14.6899995803833,14.9399995803833,14.460000038146973,14.850000381469728,11.786035537719728,1561500,no_news,0.0,Not Recession,no_anomaly,0
2006-05-05,14.380000114440918,14.850000381469728,14.369999885559082,14.710000038146973,11.674921035766602,1571100,no_news,0.0,Not Recession,no_anomaly,0
2006-05-04,14.34000015258789,14.510000228881836,14.199999809265137,14.350000381469728,11.389201164245604,1253000,no_news,0.0,Not Recession,no_anomaly,0
2006-05-03,14.520000457763672,14.869999885559082,14.050000190734863,14.260000228881836,11.317769050598145,2769400,no_news,0.0,Not Recession,no_anomaly,0
2006-05-02,13.170000076293944,13.489999771118164,13.029999732971191,13.460000038146973,10.68282985687256,799200,no_news,0.0,Not Recession,no_anomaly,0
2006-05-01,13.520000457763672,13.640000343322754,12.90999984741211,13.050000190734863,10.357422828674316,851300,no_news,0.0,Not Recession,no_anomaly,0
2006-04-28,13.3100004196167,13.65999984741211,13.170000076293944,13.520000457763672,10.73045253753662,674700,no_news,0.0,Not Recession,no_anomaly,0
2006-04-27,13.300000190734863,13.770000457763672,12.81999969482422,13.43000030517578,10.659022331237791,1155300,no_news,0.0,Not Recession,no_anomaly,0
2006-04-26,13.600000381469728,13.800000190734863,13.31999969482422,13.609999656677246,10.8018798828125,425200,no_news,0.0,Not Recession,no_anomaly,0
2006-04-25,13.390000343322754,13.550000190734863,13.1899995803833,13.539999961853027,10.746320724487305,587700,no_news,0.0,Not Recession,no_anomaly,0
2006-04-24,13.420000076293944,13.56999969482422,13.170000076293944,13.300000190734863,10.555841445922852,311200,no_news,0.0,Not Recession,no_anomaly,0
2006-04-21,14.100000381469728,14.15999984741211,13.34000015258789,13.460000038146973,10.68282985687256,695300,no_news,0.0,Not Recession,no_anomaly,0
2006-04-20,13.800000190734863,14.09000015258789,13.600000381469728,13.979999542236328,11.095537185668944,351000,no_news,0.0,Not Recession,no_anomaly,0
2006-04-19,14.039999961853027,14.119999885559082,13.619999885559082,13.850000381469728,10.992365837097168,773300,no_news,0.0,Not Recession,no_anomaly,0
2006-04-18,13.420000076293944,14.039999961853027,13.399999618530272,13.970000267028809,11.087604522705078,655900,no_news,0.0,Not Recession,no_anomaly,0
2006-04-17,13.699999809265137,13.800000190734863,13.1899995803833,13.399999618530272,10.635210990905762,406700,no_news,0.0,Not Recession,no_anomaly,0
2006-04-13,13.350000381469728,13.789999961853027,13.199999809265137,13.670000076293944,10.849501609802246,560600,no_news,0.0,Not Recession,no_anomaly,0
2006-04-12,13.229999542236328,13.380000114440918,13.020000457763672,13.329999923706056,10.5796537399292,608900,no_news,0.0,Not Recession,no_anomaly,0
2006-04-11,13.550000190734863,13.630000114440918,12.960000038146973,13.239999771118164,10.508219718933104,653800,no_news,0.0,Not Recession,no_anomaly,0
2006-04-10,13.920000076293944,13.920000076293944,13.529999732971191,13.619999885559082,10.809819221496582,471100,no_news,0.0,Not Recession,no_anomaly,0
2006-04-07,14.630000114440918,14.770000457763672,13.75,13.850000381469728,10.992365837097168,758700,no_news,0.0,Not Recession,no_anomaly,0
2006-04-06,13.920000076293944,14.510000228881836,13.829999923706056,14.489999771118164,11.500313758850098,901300,no_news,0.0,Not Recession,no_anomaly,0
2006-04-05,13.800000190734863,13.949999809265137,13.529999732971191,13.890000343322754,11.024110794067385,1099000,no_news,0.0,Not Recession,no_anomaly,0
2006-04-04,14.039999961853027,14.239999771118164,13.670000076293944,13.729999542236328,10.897120475769045,763100,no_news,0.0,Not Recession,no_anomaly,0
2006-04-03,14.239999771118164,14.369999885559082,14.050000190734863,14.050000190734863,11.151097297668455,742800,no_news,0.0,Not Recession,no_anomaly,0
2006-03-31,14.15999984741211,14.31999969482422,13.960000038146973,14.239999771118164,11.301892280578612,650700,no_news,0.0,Not Recession,no_anomaly,0
2006-03-30,14.0600004196167,14.260000228881836,13.859999656677246,14.09000015258789,11.182843208312988,721500,no_news,0.0,Not Recession,no_anomaly,0
2006-03-29,13.920000076293944,14.25,13.850000381469728,14.0600004196167,11.159035682678224,587400,no_news,0.0,Not Recession,no_anomaly,0
2006-03-28,14.18000030517578,14.18000030517578,13.760000228881836,13.850000381469728,10.992365837097168,577900,no_news,0.0,Not Recession,no_anomaly,0
2006-03-27,14.079999923706056,14.199999809265137,13.93000030517578,14.109999656677246,11.19871711730957,576000,no_news,0.0,Not Recession,no_anomaly,0
2006-03-24,13.84000015258789,14.079999923706056,13.619999885559082,14.0600004196167,11.159035682678224,452900,no_news,0.0,Not Recession,no_anomaly,0
2006-03-23,13.670000076293944,14.079999923706056,13.65999984741211,13.800000190734863,10.952678680419922,847800,no_news,0.0,Not Recession,no_anomaly,0
2006-03-22,13.539999961853027,13.81999969482422,13.489999771118164,13.670000076293944,10.849501609802246,816100,no_news,0.0,Not Recession,no_anomaly,0
2006-03-21,13.609999656677246,14.079999923706056,13.529999732971191,13.609999656677246,10.8018798828125,716500,no_news,0.0,Not Recession,no_anomaly,0
2006-03-20,13.880000114440918,14.09000015258789,13.6899995803833,13.850000381469728,10.992365837097168,732300,no_news,0.0,Not Recession,no_anomaly,0
2006-03-17,14.31999969482422,14.31999969482422,13.720000267028809,13.880000114440918,11.01617431640625,1356000,no_news,0.0,Not Recession,no_anomaly,0
2006-03-16,14.989999771118164,15.010000228881836,14.119999885559082,14.210000038146973,11.278082847595217,727700,no_news,0.0,Not Recession,no_anomaly,0
2006-03-15,14.850000381469728,15.020000457763672,14.65999984741211,14.979999542236328,11.889211654663086,812500,no_news,0.0,Not Recession,no_anomaly,0
2006-03-14,14.3100004196167,14.93000030517578,14.300000190734863,14.890000343322754,11.81778335571289,744100,no_news,0.0,Not Recession,no_anomaly,0
2006-03-13,14.399999618530272,14.59000015258789,14.229999542236328,14.289999961853027,11.341578483581545,564600,no_news,0.0,Not Recession,no_anomaly,0
2006-03-10,14.15999984741211,14.479999542236328,14.0,14.270000457763672,11.325705528259276,436800,no_news,0.0,Not Recession,no_anomaly,0
2006-03-09,14.619999885559082,14.720000267028809,14.18000030517578,14.210000038146973,11.278082847595217,693900,no_news,0.0,Not Recession,no_anomaly,0
2006-03-08,14.949999809265137,15.010000228881836,14.369999885559082,14.56999969482422,11.56380558013916,929700,no_news,0.0,Not Recession,no_anomaly,0
2006-03-07,15.25,15.350000381469728,14.93000030517578,14.960000038146973,11.873337745666504,686500,no_news,0.0,Not Recession,no_anomaly,0
2006-03-06,15.710000038146973,15.789999961853027,15.260000228881836,15.260000228881836,12.111438751220703,727100,no_news,0.0,Not Recession,no_anomaly,0
2006-03-03,16.079999923706055,16.079999923706055,15.609999656677246,15.640000343322754,12.413036346435549,550900,no_news,0.0,Not Recession,no_anomaly,0
2006-03-02,16.15999984741211,16.15999984741211,15.720000267028809,15.960000038146973,12.667011260986328,661500,no_news,0.0,Not Recession,no_anomaly,0
2006-03-01,15.699999809265137,16.229999542236328,15.390000343322754,16.190000534057617,12.849557876586914,928800,no_news,0.0,Not Recession,no_anomaly,0
2006-02-28,15.25,15.729999542236328,15.210000038146973,15.6899995803833,12.452717781066896,1097200,no_news,0.0,Not Recession,no_anomaly,0
2006-02-27,15.149999618530272,15.380000114440918,15.100000381469728,15.199999809265137,12.063819885253906,759600,no_news,0.0,Not Recession,no_anomaly,0
2006-02-24,15.140000343322754,15.279999732971191,14.890000343322754,15.149999618530272,12.024137496948242,999500,no_news,0.0,Not Recession,no_anomaly,0
2006-02-23,15.579999923706056,15.579999923706056,15.140000343322754,15.1899995803833,12.055883407592772,1193800,no_news,0.0,Not Recession,no_anomaly,0
2006-02-22,15.699999809265137,15.75,15.239999771118164,15.520000457763672,12.31779670715332,643000,no_news,0.0,Not Recession,no_anomaly,0
2006-02-21,15.949999809265137,16.049999237060547,15.34000015258789,15.609999656677246,12.389225959777832,883800,no_news,0.0,Not Recession,no_anomaly,0
2006-02-17,16.299999237060547,16.329999923706055,15.9399995803833,16.0,12.698758125305176,375700,no_news,0.0,Not Recession,no_anomaly,0
2006-02-16,16.600000381469727,16.739999771118164,16.010000228881836,16.25,12.897175788879396,696400,no_news,0.0,Not Recession,no_anomaly,0
2006-02-15,16.3700008392334,16.59000015258789,16.15999984741211,16.520000457763672,13.11147117614746,410200,no_news,0.0,Not Recession,no_anomaly,0
2006-02-14,16.190000534057617,16.479999542236328,16.1200008392334,16.469999313354492,13.071782112121582,608000,no_news,0.0,Not Recession,no_anomaly,0
2006-02-13,16.600000381469727,16.729999542236328,15.949999809265137,16.1200008392334,12.794000625610352,491700,no_news,0.0,Not Recession,no_anomaly,0
2006-02-10,16.670000076293945,16.799999237060547,16.239999771118164,16.739999771118164,13.286073684692385,697500,no_news,0.0,Not Recession,no_anomaly,0
2006-02-09,17.110000610351562,17.280000686645508,16.649999618530273,16.739999771118164,13.286073684692385,851600,no_news,0.0,Not Recession,no_anomaly,0
2006-02-08,17.100000381469727,17.389999389648438,16.90999984741211,17.139999389648438,13.603544235229492,1339500,no_news,0.0,Not Recession,no_anomaly,0
2006-02-07,17.479999542236328,17.829999923706055,16.440000534057617,17.020000457763672,13.508305549621582,2677000,no_news,0.0,Not Recession,no_anomaly,0
2006-02-06,16.459999084472656,16.989999771118164,16.420000076293945,16.989999771118164,13.484492301940918,1166000,no_news,0.0,Not Recession,no_anomaly,0
2006-02-03,16.549999237060547,16.799999237060547,16.15999984741211,16.530000686645508,13.119404792785645,926800,no_news,0.0,Not Recession,no_anomaly,0
2006-02-02,17.360000610351562,17.579999923706055,16.549999237060547,16.6299991607666,13.198770523071287,1083700,no_news,0.0,Not Recession,no_anomaly,0
2006-02-01,16.860000610351562,17.65999984741211,16.700000762939453,17.649999618530273,14.00831699371338,1825800,no_news,0.0,Not Recession,no_anomaly,0
2006-01-31,16.8799991607666,17.079999923706055,16.3799991607666,16.860000610351562,13.38131618499756,1035200,no_news,0.0,Not Recession,no_anomaly,0
2006-01-30,17.0,17.170000076293945,16.75,17.0,13.492429733276367,760000,no_news,0.0,Not Recession,no_anomaly,0
2006-01-27,16.75,17.1299991607666,16.65999984741211,16.959999084472656,13.460683822631836,1626100,no_news,0.0,Not Recession,no_anomaly,0
2006-01-26,16.25,16.770000457763672,16.149999618530273,16.75,13.294011116027832,993800,no_news,0.0,Not Recession,no_anomaly,0
2006-01-25,15.920000076293944,16.139999389648438,15.75,16.09000015258789,12.770187377929688,809600,no_news,0.0,Not Recession,no_anomaly,0
2006-01-24,15.5600004196167,16.09000015258789,15.5,15.920000076293944,12.635266304016112,848600,no_news,0.0,Not Recession,no_anomaly,0
2006-01-23,15.630000114440918,15.789999961853027,15.43000030517578,15.489999771118164,12.293986320495604,829500,no_news,0.0,Not Recession,no_anomaly,0
2006-01-20,16.040000915527344,16.100000381469727,15.4399995803833,15.619999885559082,12.397162437438965,1072500,no_news,0.0,Not Recession,no_anomaly,0
2006-01-19,15.100000381469728,16.110000610351562,15.010000228881836,16.06999969482422,12.754311561584473,3251100,no_news,0.0,Not Recession,no_anomaly,0
2006-01-18,14.380000114440918,14.699999809265137,14.31999969482422,14.489999771118164,11.500313758850098,802600,no_news,0.0,Not Recession,no_anomaly,0
2006-01-17,14.380000114440918,14.609999656677246,14.279999732971191,14.510000228881836,11.516185760498049,605300,no_news,0.0,Not Recession,no_anomaly,0
2006-01-13,14.609999656677246,14.720000267028809,14.31999969482422,14.5600004196167,11.55587100982666,573300,no_news,0.0,Not Recession,no_anomaly,0
2006-01-12,14.600000381469728,14.890000343322754,14.479999542236328,14.640000343322754,11.619364738464355,802200,no_news,0.0,Not Recession,no_anomaly,0
2006-01-11,14.229999542236328,14.739999771118164,14.0,14.68000030517578,11.65111255645752,1243900,no_news,0.0,Not Recession,no_anomaly,0
2006-01-10,14.020000457763672,14.170000076293944,13.81999969482422,14.170000076293944,11.246336936950684,1218900,no_news,0.0,Not Recession,no_anomaly,0
2006-01-09,14.140000343322754,14.289999961853027,13.970000267028809,14.130000114440918,11.21458911895752,1188400,no_news,0.0,Not Recession,no_anomaly,0
2006-01-06,13.479999542236328,14.140000343322754,13.289999961853027,14.109999656677246,11.19871711730957,2135800,no_news,0.0,Not Recession,no_anomaly,0
2006-01-05,12.949999809265137,13.4399995803833,12.920000076293944,13.359999656677246,10.603464126586914,919000,no_news,0.0,Not Recession,no_anomaly,0
2006-01-04,12.800000190734863,13.039999961853027,12.640000343322754,12.970000267028809,10.293930053710938,607700,no_news,0.0,Not Recession,no_anomaly,0
2006-01-03,12.550000190734863,12.850000381469728,12.220000267028809,12.720000267028809,10.095514297485352,498900,no_news,0.0,Not Recession,no_anomaly,0
2005-12-30,12.5,12.56999969482422,12.270000457763672,12.529999732971191,9.944714546203612,677000,no_news,0.0,Not Recession,no_anomaly,0
2005-12-29,12.460000038146973,12.739999771118164,12.399999618530272,12.5600004196167,9.96852684020996,1542300,no_news,0.0,Not Recession,no_anomaly,0
2005-12-28,12.600000381469728,12.720000267028809,12.270000457763672,12.5,9.920907974243164,679800,no_news,0.0,Not Recession,no_anomaly,0
2005-12-27,12.6899995803833,12.920000076293944,12.56999969482422,12.609999656677246,10.008207321166992,633200,no_news,0.0,Not Recession,no_anomaly,0
2005-12-23,12.640000343322754,12.93000030517578,12.640000343322754,12.729999542236328,10.103449821472168,564900,no_news,0.0,Not Recession,no_anomaly,0
2005-12-22,12.399999618530272,12.880000114440918,12.029999732971191,12.710000038146973,10.08757781982422,1159100,no_news,0.0,Not Recession,no_anomaly,0
2005-12-21,12.449999809265137,12.720000267028809,12.420000076293944,12.65999984741211,10.047893524169922,1033200,no_news,0.0,Not Recession,no_anomaly,0
2005-12-20,12.25,12.670000076293944,12.25,12.479999542236328,9.905030250549316,812400,no_news,0.0,Not Recession,no_anomaly,0
2005-12-19,12.800000190734863,12.81999969482422,12.239999771118164,12.270000457763672,9.738361358642578,881800,no_news,0.0,Not Recession,no_anomaly,0
2005-12-16,13.220000267028809,13.300000190734863,12.829999923706056,12.84000015258789,10.190753936767578,786500,no_news,0.0,Not Recession,no_anomaly,0
2005-12-15,13.029999732971191,13.229999542236328,13.010000228881836,13.109999656677246,10.405046463012695,808000,no_news,0.0,Not Recession,no_anomaly,0
2005-12-14,13.09000015258789,13.260000228881836,13.029999732971191,13.079999923706056,10.381235122680664,947800,no_news,0.0,Not Recession,no_anomaly,0
2005-12-13,13.210000038146973,13.329999923706056,13.100000381469728,13.100000381469728,10.397109031677246,814600,no_news,0.0,Not Recession,no_anomaly,0
2005-12-12,13.369999885559082,13.390000343322754,13.0600004196167,13.109999656677246,10.405046463012695,787300,no_news,0.0,Not Recession,no_anomaly,0
2005-12-09,13.15999984741211,13.399999618530272,13.079999923706056,13.260000228881836,10.52409553527832,693700,no_news,0.0,Not Recession,no_anomaly,0
2005-12-08,13.100000381469728,13.529999732971191,13.079999923706056,13.15999984741211,10.444731712341309,550600,no_news,0.0,Not Recession,no_anomaly,0
2005-12-07,13.229999542236328,13.4399995803833,13.050000190734863,13.100000381469728,10.397109031677246,474200,no_news,0.0,Not Recession,no_anomaly,0
2005-12-06,13.609999656677246,13.850000381469728,13.199999809265137,13.260000228881836,10.52409553527832,860100,no_news,0.0,Not Recession,no_anomaly,0
2005-12-05,13.829999923706056,13.899999618530272,13.260000228881836,13.479999542236328,10.69870376586914,790400,no_news,0.0,Not Recession,no_anomaly,0
2005-12-02,13.289999961853027,13.81999969482422,13.199999809265137,13.739999771118164,10.905057907104492,999200,no_news,0.0,Not Recession,no_anomaly,0
2005-12-01,12.9399995803833,13.300000190734863,12.920000076293944,13.199999809265137,10.476475715637209,981500,no_news,0.0,Not Recession,no_anomaly,0
2005-11-30,12.75,13.0,12.699999809265137,12.890000343322754,10.230440139770508,403800,no_news,0.0,Not Recession,no_anomaly,0
2005-11-29,12.859999656677246,13.039999961853027,12.720000267028809,12.8100004196167,10.166943550109863,463100,no_news,0.0,Not Recession,no_anomaly,0
2005-11-28,13.170000076293944,13.170000076293944,12.84000015258789,12.84000015258789,10.190753936767578,303100,no_news,0.0,Not Recession,no_anomaly,0
2005-11-25,13.0,13.100000381469728,13.0,13.029999732971191,10.341550827026367,143200,no_news,0.0,Not Recession,no_anomaly,0
2005-11-23,13.210000038146973,13.210000038146973,12.979999542236328,13.0,10.317741394042969,576900,no_news,0.0,Not Recession,no_anomaly,0
2005-11-22,13.100000381469728,13.350000381469728,13.029999732971191,13.130000114440918,10.420920372009276,485000,no_news,0.0,Not Recession,no_anomaly,0
2005-11-21,13.079999923706056,13.199999809265137,12.869999885559082,13.140000343322754,10.428853034973145,384400,no_news,0.0,Not Recession,no_anomaly,0
2005-11-18,12.90999984741211,13.170000076293944,12.859999656677246,13.039999961853027,10.3494873046875,350600,no_news,0.0,Not Recession,no_anomaly,0
2005-11-17,12.729999542236328,12.850000381469728,12.5,12.829999923706056,10.182819366455078,353300,no_news,0.0,Not Recession,no_anomaly,0
2005-11-16,12.75,12.760000228881836,12.449999809265137,12.68000030517578,10.06376838684082,349800,no_news,0.0,Not Recession,no_anomaly,0
2005-11-15,13.140000343322754,13.229999542236328,12.75,12.800000190734863,10.159008026123049,719700,no_news,0.0,Not Recession,no_anomaly,0
2005-11-14,13.1899995803833,13.289999961853027,13.050000190734863,13.220000267028809,10.492349624633787,785900,no_news,0.0,Not Recession,no_anomaly,0
2005-11-11,13.300000190734863,13.300000190734863,12.970000267028809,13.220000267028809,10.492349624633787,626900,no_news,0.0,Not Recession,no_anomaly,0
2005-11-10,13.449999809265137,13.5,12.81999969482422,13.399999618530272,10.635210990905762,1008200,no_news,0.0,Not Recession,no_anomaly,0
2005-11-09,13.359999656677246,13.369999885559082,12.81999969482422,13.199999809265137,10.476475715637209,955500,no_news,0.0,Not Recession,no_anomaly,0
2005-11-08,13.399999618530272,13.399999618530272,12.920000076293944,13.229999542236328,10.500285148620604,511000,no_news,0.0,Not Recession,no_anomaly,0
2005-11-07,13.119999885559082,13.399999618530272,12.960000038146973,13.399999618530272,10.635210990905762,715400,no_news,0.0,Not Recession,no_anomaly,0
2005-11-04,12.949999809265137,13.300000190734863,12.93000030517578,13.029999732971191,10.341550827026367,1085300,no_news,0.0,Not Recession,no_anomaly,0
2005-11-03,12.4399995803833,12.93000030517578,12.199999809265137,12.890000343322754,10.230440139770508,1055600,no_news,0.0,Not Recession,no_anomaly,0
2005-11-02,11.75,12.289999961853027,11.75,12.260000228881836,9.730423927307127,646800,no_news,0.0,Not Recession,no_anomaly,0
2005-11-01,11.630000114440918,11.90999984741211,11.449999809265137,11.8100004196167,9.373272895812988,505800,no_news,0.0,Not Recession,no_anomaly,0
2005-10-31,11.75,11.800000190734863,11.649999618530272,11.710000038146973,9.293904304504396,563400,no_news,0.0,Not Recession,no_anomaly,0
2005-10-28,11.90999984741211,12.0,11.25,11.699999809265137,9.285967826843262,1259500,no_news,0.0,Not Recession,no_anomaly,0
2005-10-27,12.739999771118164,12.739999771118164,11.899999618530272,11.920000076293944,9.460576057434082,1212000,no_news,0.0,Not Recession,no_anomaly,0
2005-10-26,12.460000038146973,12.81999969482422,12.460000038146973,12.6899995803833,10.07170295715332,428500,no_news,0.0,Not Recession,no_anomaly,0
2005-10-25,12.699999809265137,12.729999542236328,12.300000190734863,12.520000457763672,9.936777114868164,215300,no_news,0.0,Not Recession,no_anomaly,0
2005-10-24,12.5,12.739999771118164,12.279999732971191,12.739999771118164,10.111384391784668,314400,no_news,0.0,Not Recession,no_anomaly,0
2005-10-21,12.510000228881836,12.720000267028809,12.399999618530272,12.479999542236328,9.905030250549316,491900,no_news,0.0,Not Recession,no_anomaly,0
2005-10-20,12.720000267028809,12.720000267028809,12.359999656677246,12.479999542236328,9.905030250549316,682500,no_news,0.0,Not Recession,no_anomaly,0
2005-10-19,13.0,13.0,12.479999542236328,12.649999618530272,10.039956092834473,1191400,no_news,0.0,Not Recession,no_anomaly,0
2005-10-18,13.15999984741211,13.260000228881836,12.859999656677246,13.06999969482422,10.373298645019531,222800,no_news,0.0,Not Recession,no_anomaly,0
2005-10-17,13.380000114440918,13.5,13.0,13.199999809265137,10.476475715637209,272100,no_news,0.0,Not Recession,no_anomaly,0
2005-10-14,13.350000381469728,13.380000114440918,12.949999809265137,13.3100004196167,10.563779830932615,423700,no_news,0.0,Not Recession,no_anomaly,0
2005-10-13,12.6899995803833,13.350000381469728,12.649999618530272,13.229999542236328,10.500285148620604,524800,no_news,0.0,Not Recession,no_anomaly,0
2005-10-12,12.6899995803833,12.8100004196167,12.289999961853027,12.720000267028809,10.095514297485352,442700,no_news,0.0,Not Recession,no_anomaly,0
2005-10-11,13.020000457763672,13.15999984741211,12.600000381469728,12.720000267028809,10.095514297485352,538100,no_news,0.0,Not Recession,no_anomaly,0
2005-10-10,13.270000457763672,13.270000457763672,12.890000343322754,12.890000343322754,10.230440139770508,286700,no_news,0.0,Not Recession,no_anomaly,0
2005-10-07,13.079999923706056,13.43000030517578,13.039999961853027,13.170000076293944,10.452664375305176,386800,no_news,0.0,Not Recession,no_anomaly,0
2005-10-06,13.119999885559082,13.149999618530272,12.8100004196167,12.949999809265137,10.278056144714355,648500,no_news,0.0,Not Recession,no_anomaly,0
2005-10-05,13.510000228881836,13.529999732971191,13.029999732971191,13.029999732971191,10.341550827026367,356000,no_news,0.0,Not Recession,no_anomaly,0
2005-10-04,13.56999969482422,13.829999923706056,13.380000114440918,13.449999809265137,10.674894332885742,429000,no_news,0.0,Not Recession,no_anomaly,0
2005-10-03,13.25,13.770000457763672,13.25,13.600000381469728,10.793947219848633,289700,no_news,0.0,Not Recession,no_anomaly,0
2005-09-30,13.369999885559082,13.460000038146973,13.0600004196167,13.329999923706056,10.5796537399292,388800,no_news,0.0,Not Recession,no_anomaly,0
2005-09-29,13.100000381469728,13.479999542236328,13.0,13.399999618530272,10.635210990905762,252000,no_news,0.0,Not Recession,no_anomaly,0
2005-09-28,13.220000267028809,13.260000228881836,12.899999618530272,13.109999656677246,10.405046463012695,376600,no_news,0.0,Not Recession,no_anomaly,0
2005-09-27,13.449999809265137,13.449999809265137,13.0,13.25,10.516161918640137,505200,no_news,0.0,Not Recession,no_anomaly,0
2005-09-26,13.40999984741211,13.550000190734863,13.270000457763672,13.380000114440918,10.61933708190918,439600,no_news,0.0,Not Recession,no_anomaly,0
2005-09-23,13.079999923706056,13.329999923706056,12.93000030517578,13.25,10.516161918640137,333400,no_news,0.0,Not Recession,no_anomaly,0
2005-09-22,12.970000267028809,13.220000267028809,12.789999961853027,13.0600004196167,10.365363121032717,507600,no_news,0.0,Not Recession,no_anomaly,0
2005-09-21,13.329999923706056,13.359999656677246,12.979999542236328,13.0,10.317741394042969,422700,no_news,0.0,Not Recession,no_anomaly,0
2005-09-20,13.699999809265137,13.869999885559082,13.25,13.380000114440918,10.61933708190918,591000,no_news,0.0,Not Recession,no_anomaly,0
2005-09-19,13.760000228881836,13.800000190734863,13.510000228881836,13.649999618530272,10.833627700805664,431400,no_news,0.0,Not Recession,no_anomaly,0
2005-09-16,13.449999809265137,13.760000228881836,13.289999961853027,13.760000228881836,10.920931816101074,638500,no_news,0.0,Not Recession,no_anomaly,0
2005-09-15,13.550000190734863,13.550000190734863,13.239999771118164,13.359999656677246,10.603464126586914,266900,no_news,0.0,Not Recession,no_anomaly,0
2005-09-14,13.739999771118164,14.0,13.359999656677246,13.479999542236328,10.69870376586914,382000,no_news,0.0,Not Recession,no_anomaly,0
2005-09-13,14.050000190734863,14.0600004196167,13.739999771118164,13.869999885559082,11.008235931396484,721200,no_news,0.0,Not Recession,no_anomaly,0
2005-09-12,14.550000190734863,14.630000114440918,14.399999618530272,14.550000190734863,11.547934532165527,190500,no_news,0.0,Not Recession,no_anomaly,0
2005-09-09,14.5,14.579999923706056,14.359999656677246,14.550000190734863,11.547934532165527,240000,no_news,0.0,Not Recession,no_anomaly,0
2005-09-08,14.270000457763672,14.460000038146973,14.140000343322754,14.449999809265137,11.468564987182615,494800,no_news,0.0,Not Recession,no_anomaly,0
2005-09-07,14.489999771118164,14.699999809265137,14.170000076293944,14.3100004196167,11.357454299926758,328300,no_news,0.0,Not Recession,no_anomaly,0
2005-09-06,13.920000076293944,14.56999969482422,13.899999618530272,14.56999969482422,11.56380558013916,439400,no_news,0.0,Not Recession,no_anomaly,0
2005-09-02,14.050000190734863,14.109999656677246,13.81999969482422,13.9399995803833,11.063791275024414,204300,no_news,0.0,Not Recession,no_anomaly,0
2005-09-01,14.239999771118164,14.239999771118164,13.75,13.979999542236328,11.095537185668944,457300,no_news,0.0,Not Recession,no_anomaly,0
2005-08-31,13.859999656677246,14.199999809265137,13.729999542236328,14.199999809265137,11.270147323608398,384600,no_news,0.0,Not Recession,no_anomaly,0
2005-08-30,14.18000030517578,14.229999542236328,13.8100004196167,13.859999656677246,11.00029754638672,401600,no_news,0.0,Not Recession,no_anomaly,0
2005-08-29,13.800000190734863,14.25,13.720000267028809,14.25,11.309829711914062,375000,no_news,0.0,Not Recession,no_anomaly,0
2005-08-26,14.390000343322754,14.390000343322754,13.779999732971191,13.779999732971191,10.93680477142334,551800,no_news,0.0,Not Recession,no_anomaly,0
2005-08-25,14.40999984741211,14.470000267028809,14.25,14.369999885559082,11.405072212219238,297600,no_news,0.0,Not Recession,no_anomaly,0
2005-08-24,14.460000038146973,14.8100004196167,14.25,14.350000381469728,11.389201164245604,287000,no_news,0.0,Not Recession,no_anomaly,0
2005-08-23,14.59000015258789,14.59000015258789,14.25,14.399999618530272,11.428881645202637,261000,no_news,0.0,Not Recession,no_anomaly,0
2005-08-22,15.0600004196167,15.06999969482422,14.449999809265137,14.550000190734863,11.547934532165527,598400,no_news,0.0,Not Recession,no_anomaly,0
2005-08-19,14.960000038146973,15.050000190734863,14.859999656677246,14.9399995803833,11.857463836669922,274100,no_news,0.0,Not Recession,no_anomaly,0
2005-08-18,14.890000343322754,15.0600004196167,14.81999969482422,14.920000076293944,11.841590881347656,251500,no_news,0.0,Not Recession,no_anomaly,0
2005-08-17,14.729999542236328,15.210000038146973,14.729999542236328,15.0,11.905085563659668,346300,no_news,0.0,Not Recession,no_anomaly,0
2005-08-16,15.050000190734863,15.050000190734863,14.56999969482422,14.6899995803833,11.65904712677002,392100,no_news,0.0,Not Recession,no_anomaly,0
2005-08-15,15.010000228881836,15.229999542236328,14.699999809265137,15.050000190734863,11.944772720336914,379600,no_news,0.0,Not Recession,no_anomaly,0
2005-08-12,15.390000343322754,15.5,14.779999732971191,14.960000038146973,11.873337745666504,425500,no_news,0.0,Not Recession,no_anomaly,0
2005-08-11,15.119999885559082,15.520000457763672,15.109999656677246,15.460000038146973,12.270174980163574,237800,no_news,0.0,Not Recession,no_anomaly,0
2005-08-10,15.329999923706056,15.649999618530272,14.979999542236328,15.140000343322754,12.016199111938477,341500,no_news,0.0,Not Recession,no_anomaly,0
2005-08-09,15.279999732971191,15.449999809265137,15.239999771118164,15.399999618530272,12.22255516052246,255900,no_news,0.0,Not Recession,no_anomaly,0
2005-08-08,15.65999984741211,15.779999732971191,15.270000457763672,15.270000457763672,12.119378089904783,421600,no_news,0.0,Not Recession,no_anomaly,0
2005-08-05,15.539999961853027,15.720000267028809,15.3100004196167,15.649999618530272,12.420971870422363,293600,no_news,0.0,Not Recession,no_anomaly,0
2005-08-04,16.110000610351562,16.139999389648438,15.489999771118164,15.619999885559082,12.397162437438965,507800,no_news,0.0,Not Recession,no_anomaly,0
2005-08-03,16.270000457763672,16.3799991607666,16.1299991607666,16.229999542236328,12.881303787231444,665000,no_news,0.0,Not Recession,no_anomaly,0
2005-08-02,16.170000076293945,16.3700008392334,15.9399995803833,16.290000915527344,12.928925514221191,871100,no_news,0.0,Not Recession,no_anomaly,0
2005-08-01,16.559999465942383,16.709999084472656,16.469999313354492,16.600000381469727,13.174962043762209,528200,no_news,0.0,Not Recession,no_anomaly,0
2005-07-29,16.270000457763672,16.600000381469727,16.270000457763672,16.600000381469727,13.174962043762209,416900,no_news,0.0,Not Recession,no_anomaly,0
2005-07-28,16.399999618530273,16.489999771118164,16.139999389648438,16.43000030517578,13.040037155151367,291200,no_news,0.0,Not Recession,no_anomaly,0
2005-07-27,16.43000030517578,16.600000381469727,16.1299991607666,16.450000762939453,13.055913925170898,726100,no_news,0.0,Not Recession,no_anomaly,0
2005-07-26,16.469999313354492,16.600000381469727,16.25,16.479999542236328,13.079721450805664,301200,no_news,0.0,Not Recession,no_anomaly,0
2005-07-25,16.360000610351562,16.6299991607666,16.299999237060547,16.440000534057617,13.04797649383545,524200,no_news,0.0,Not Recession,no_anomaly,0
2005-07-22,16.329999923706055,16.440000534057617,16.139999389648438,16.420000076293945,13.032096862792969,536900,no_news,0.0,Not Recession,no_anomaly,0
2005-07-21,16.270000457763672,16.420000076293945,16.030000686645508,16.290000915527344,12.928925514221191,898000,no_news,0.0,Not Recession,no_anomaly,0
2005-07-20,15.399999618530272,16.31999969482422,15.399999618530272,16.270000457763672,12.913050651550291,981500,no_news,0.0,Not Recession,no_anomaly,0
2005-07-19,15.199999809265137,15.65999984741211,15.15999984741211,15.640000343322754,12.413036346435549,653400,no_news,0.0,Not Recession,no_anomaly,0
2005-07-18,15.380000114440918,15.380000114440918,15.020000457763672,15.149999618530272,12.024137496948242,563000,no_news,0.0,Not Recession,no_anomaly,0
2005-07-15,15.449999809265137,15.479999542236328,15.25,15.43000030517578,12.246368408203123,277300,no_news,0.0,Not Recession,no_anomaly,0
2005-07-14,15.25,15.600000381469728,15.1899995803833,15.479999542236328,12.286046981811523,1143700,no_news,0.0,Not Recession,no_anomaly,0
2005-07-13,15.170000076293944,15.380000114440918,15.109999656677246,15.199999809265137,12.063819885253906,408600,no_news,0.0,Not Recession,no_anomaly,0
2005-07-12,15.100000381469728,15.460000038146973,15.050000190734863,15.359999656677246,12.19080924987793,1181600,no_news,0.0,Not Recession,no_anomaly,0
2005-07-11,14.699999809265137,15.31999969482422,14.399999618530272,15.3100004196167,12.15112590789795,2882700,no_news,0.0,Not Recession,no_anomaly,0
2005-07-08,15.100000381469728,15.600000381469728,15.100000381469728,15.59000015258789,12.373355865478516,371100,no_news,0.0,Not Recession,no_anomaly,0
2005-07-07,15.100000381469728,15.399999618530272,14.949999809265137,15.119999885559082,12.000327110290527,267400,no_news,0.0,Not Recession,no_anomaly,0
2005-07-06,15.18000030517578,15.5,15.18000030517578,15.350000381469728,12.18287181854248,216700,no_news,0.0,Not Recession,no_anomaly,0
2005-07-05,14.859999656677246,15.359999656677246,14.729999542236328,15.25,12.103501319885254,282500,no_news,0.0,Not Recession,no_anomaly,0
2005-07-01,14.829999923706056,14.93000030517578,14.710000038146973,14.84000015258789,11.778100967407228,150100,no_news,0.0,Not Recession,no_anomaly,0
2005-06-30,14.93000030517578,15.239999771118164,14.850000381469728,14.850000381469728,11.786035537719728,390800,no_news,0.0,Not Recession,no_anomaly,0
2005-06-29,15.140000343322754,15.34000015258789,14.960000038146973,15.050000190734863,11.944772720336914,267100,no_news,0.0,Not Recession,no_anomaly,0
2005-06-28,14.880000114440918,15.229999542236328,14.81999969482422,15.199999809265137,12.063819885253906,436800,no_news,0.0,Not Recession,no_anomaly,0
2005-06-27,15.050000190734863,15.06999969482422,14.630000114440918,14.8100004196167,11.75428867340088,431900,no_news,0.0,Not Recession,no_anomaly,0
2005-06-24,15.90999984741211,16.010000228881836,15.0600004196167,15.199999809265137,12.063819885253906,639200,no_news,0.0,Not Recession,no_anomaly,0
2005-06-23,16.100000381469727,16.40999984741211,15.949999809265137,15.989999771118164,12.69082260131836,320400,no_news,0.0,Not Recession,no_anomaly,0
2005-06-22,16.25,16.510000228881836,15.90999984741211,16.1200008392334,12.794000625610352,331300,no_news,0.0,Not Recession,no_anomaly,0
2005-06-21,16.010000228881836,16.299999237060547,16.0,16.170000076293945,12.833681106567385,166400,no_news,0.0,Not Recession,no_anomaly,0
2005-06-20,16.229999542236328,16.229999542236328,15.9399995803833,16.030000686645508,12.722567558288574,244900,no_news,0.0,Not Recession,no_anomaly,0
2005-06-17,16.1299991607666,16.299999237060547,15.979999542236328,16.209999084472656,12.86543083190918,527100,no_news,0.0,Not Recession,no_anomaly,0
2005-06-16,15.90999984741211,16.100000381469727,15.859999656677246,16.049999237060547,12.738443374633787,379400,no_news,0.0,Not Recession,no_anomaly,0
2005-06-15,15.829999923706056,16.010000228881836,15.5,16.0,12.698758125305176,675000,no_news,0.0,Not Recession,no_anomaly,0
2005-06-14,15.640000343322754,15.8100004196167,15.640000343322754,15.75,12.50033950805664,438000,no_news,0.0,Not Recession,no_anomaly,0
2005-06-13,15.720000267028809,15.869999885559082,15.5600004196167,15.670000076293944,12.436844825744627,293500,no_news,0.0,Not Recession,no_anomaly,0
2005-06-10,15.649999618530272,15.899999618530272,15.520000457763672,15.770000457763672,12.51621437072754,520300,no_news,0.0,Not Recession,no_anomaly,0
2005-06-09,15.279999732971191,15.6899995803833,15.020000457763672,15.640000343322754,12.413036346435549,410700,no_news,0.0,Not Recession,no_anomaly,0
2005-06-08,15.270000457763672,15.460000038146973,15.18000030517578,15.260000228881836,12.111438751220703,588900,no_news,0.0,Not Recession,no_anomaly,0
2005-06-07,15.010000228881836,15.43000030517578,15.010000228881836,15.1899995803833,12.055883407592772,587800,no_news,0.0,Not Recession,no_anomaly,0
2005-06-06,15.119999885559082,15.210000038146973,14.960000038146973,14.989999771118164,11.89714813232422,583700,no_news,0.0,Not Recession,no_anomaly,0
2005-06-03,15.729999542236328,15.729999542236328,15.140000343322754,15.210000038146973,12.071757316589355,316100,no_news,0.0,Not Recession,no_anomaly,0
2005-06-02,15.25,15.81999969482422,15.239999771118164,15.600000381469728,12.381290435791016,495800,no_news,0.0,Not Recession,no_anomaly,0
2005-06-01,15.140000343322754,15.5,15.100000381469728,15.449999809265137,12.262235641479492,490200,no_news,0.0,Not Recession,no_anomaly,0
2005-05-31,15.079999923706056,15.359999656677246,15.0,15.06999969482422,11.960641860961914,325600,no_news,0.0,Not Recession,no_anomaly,0
2005-05-27,14.859999656677246,15.079999923706056,14.850000381469728,15.0600004196167,11.952709197998049,441800,no_news,0.0,Not Recession,no_anomaly,0
2005-05-26,14.420000076293944,15.239999771118164,14.420000076293944,14.920000076293944,11.841590881347656,498000,no_news,0.0,Not Recession,no_anomaly,0
2005-05-25,14.25,14.40999984741211,14.199999809265137,14.34000015258789,11.38126277923584,334100,no_news,0.0,Not Recession,no_anomaly,0
2005-05-24,14.3100004196167,14.380000114440918,14.199999809265137,14.369999885559082,11.405072212219238,407700,no_news,0.0,Not Recession,no_anomaly,0
2005-05-23,14.300000190734863,14.510000228881836,14.199999809265137,14.449999809265137,11.468564987182615,402500,no_news,0.0,Not Recession,no_anomaly,0
2005-05-20,14.40999984741211,14.470000267028809,14.260000228881836,14.34000015258789,11.38126277923584,365600,no_news,0.0,Not Recession,no_anomaly,0
2005-05-19,14.210000038146973,14.640000343322754,14.149999618530272,14.420000076293944,11.444754600524902,444000,no_news,0.0,Not Recession,no_anomaly,0
2005-05-18,14.630000114440918,14.670000076293944,14.09000015258789,14.300000190734863,11.349517822265623,1058100,no_news,0.0,Not Recession,no_anomaly,0
2005-05-17,14.4399995803833,14.600000381469728,14.220000267028809,14.59000015258789,11.579679489135742,573800,no_news,0.0,Not Recession,no_anomaly,0
2005-05-16,14.300000190734863,14.460000038146973,14.109999656677246,14.4399995803833,11.4606294631958,652800,no_news,0.0,Not Recession,no_anomaly,0
2005-05-13,13.90999984741211,14.359999656677246,13.869999885559082,14.25,11.309829711914062,445200,no_news,0.0,Not Recession,no_anomaly,0
2005-05-12,13.970000267028809,14.09000015258789,13.6899995803833,13.850000381469728,10.992365837097168,279400,no_news,0.0,Not Recession,no_anomaly,0
2005-05-11,13.720000267028809,14.039999961853027,13.5,13.93000030517578,11.055858612060549,334900,no_news,0.0,Not Recession,no_anomaly,0
2005-05-10,13.829999923706056,13.93000030517578,13.539999961853027,13.600000381469728,10.793947219848633,474400,no_news,0.0,Not Recession,no_anomaly,0
2005-05-09,13.59000015258789,14.039999961853027,13.380000114440918,14.0,11.111413955688477,438600,no_news,0.0,Not Recession,no_anomaly,0
2005-05-06,13.5600004196167,13.739999771118164,13.420000076293944,13.489999771118164,10.70664119720459,379700,no_news,0.0,Not Recession,no_anomaly,0
2005-05-05,13.710000038146973,13.960000038146973,13.43000030517578,13.56999969482422,10.770133018493652,634500,no_news,0.0,Not Recession,no_anomaly,0
2005-05-04,13.630000114440918,13.890000343322754,13.279999732971191,13.789999961853027,10.94473934173584,890700,no_news,0.0,Not Recession,no_anomaly,0
2005-05-03,12.989999771118164,13.699999809265137,12.90999984741211,13.699999809265137,10.873311042785645,1037400,no_news,0.0,Not Recession,no_anomaly,0
2005-05-02,12.949999809265137,13.149999618530272,12.729999542236328,12.979999542236328,10.30186653137207,209300,no_news,0.0,Not Recession,no_anomaly,0
2005-04-29,12.850000381469728,13.0,12.40999984741211,12.859999656677246,10.206626892089844,324500,no_news,0.0,Not Recession,no_anomaly,0
2005-04-28,13.350000381469728,13.4399995803833,12.84000015258789,12.859999656677246,10.206626892089844,253400,no_news,0.0,Not Recession,no_anomaly,0
2005-04-27,13.239999771118164,13.56999969482422,13.020000457763672,13.279999732971191,10.53996753692627,505900,no_news,0.0,Not Recession,no_anomaly,0
2005-04-26,13.640000343322754,13.949999809265137,13.210000038146973,13.210000038146973,10.484411239624023,447600,no_news,0.0,Not Recession,no_anomaly,0
2005-04-25,13.789999961853027,13.949999809265137,13.460000038146973,13.65999984741211,10.841564178466797,297600,no_news,0.0,Not Recession,no_anomaly,0
2005-04-22,14.029999732971191,14.029999732971191,13.460000038146973,13.6899995803833,10.865376472473145,452200,no_news,0.0,Not Recession,no_anomaly,0
2005-04-21,13.579999923706056,14.199999809265137,13.5,14.039999961853027,11.143160820007324,510000,no_news,0.0,Not Recession,no_anomaly,0
2005-04-20,14.039999961853027,14.199999809265137,13.31999969482422,13.329999923706056,10.5796537399292,897400,no_news,0.0,Not Recession,no_anomaly,0
2005-04-19,13.210000038146973,13.869999885559082,13.1899995803833,13.869999885559082,11.008235931396484,763500,no_news,0.0,Not Recession,no_anomaly,0
2005-04-18,13.399999618530272,13.5,13.09000015258789,13.18000030517578,10.460601806640623,674500,no_news,0.0,Not Recession,no_anomaly,0
2005-04-15,13.699999809265137,13.75,12.989999771118164,13.18000030517578,10.460601806640623,649000,no_news,0.0,Not Recession,no_anomaly,0
2005-04-14,13.789999961853027,14.100000381469728,13.510000228881836,13.640000343322754,10.825691223144531,559800,no_news,0.0,Not Recession,no_anomaly,0
2005-04-13,14.720000267028809,14.729999542236328,13.789999961853027,13.829999923706056,10.976490020751951,483700,no_news,0.0,Not Recession,no_anomaly,0
2005-04-12,14.68000030517578,14.779999732971191,14.25,14.739999771118164,11.698729515075684,608900,no_news,0.0,Not Recession,no_anomaly,0
2005-04-11,14.859999656677246,14.949999809265137,14.670000076293944,14.720000267028809,11.682857513427734,313800,no_news,0.0,Not Recession,no_anomaly,0
2005-04-08,14.899999618530272,15.119999885559082,14.670000076293944,14.720000267028809,11.682857513427734,329300,no_news,0.0,Not Recession,no_anomaly,0
2005-04-07,14.449999809265137,14.949999809265137,14.449999809265137,14.829999923706056,11.77016258239746,275300,no_news,0.0,Not Recession,no_anomaly,0
2005-04-06,14.609999656677246,14.9399995803833,14.479999542236328,14.479999542236328,11.492371559143066,498700,no_news,0.0,Not Recession,no_anomaly,0
2005-04-05,14.770000457763672,14.970000267028809,14.5,14.579999923706056,11.571744918823242,331300,no_news,0.0,Not Recession,no_anomaly,0
2005-04-04,14.770000457763672,14.850000381469728,14.470000267028809,14.770000457763672,11.722541809082031,353600,no_news,0.0,Not Recession,no_anomaly,0
2005-04-01,15.369999885559082,15.479999542236328,14.720000267028809,14.8100004196167,11.75428867340088,469600,no_news,0.0,Not Recession,no_anomaly,0
2005-03-31,15.279999732971191,15.279999732971191,14.970000267028809,15.18000030517578,12.047947883605955,527300,no_news,0.0,Not Recession,no_anomaly,0
2005-03-30,14.609999656677246,15.18000030517578,14.520000457763672,15.15999984741211,12.03207302093506,517800,no_news,0.0,Not Recession,no_anomaly,0
2005-03-29,14.970000267028809,15.050000190734863,14.449999809265137,14.510000228881836,11.516185760498049,339400,no_news,0.0,Not Recession,no_anomaly,0
2005-03-28,15.210000038146973,15.350000381469728,14.850000381469728,14.920000076293944,11.841590881347656,317400,no_news,0.0,Not Recession,no_anomaly,0
2005-03-24,15.100000381469728,15.380000114440918,14.970000267028809,15.0600004196167,11.952709197998049,516600,no_news,0.0,Not Recession,no_anomaly,0
2005-03-23,15.109999656677246,15.390000343322754,14.90999984741211,15.039999961853027,11.936834335327148,309300,no_news,0.0,Not Recession,no_anomaly,0
2005-03-22,15.270000457763672,15.520000457763672,15.010000228881836,15.050000190734863,11.944772720336914,371500,no_news,0.0,Not Recession,no_anomaly,0
2005-03-21,15.210000038146973,15.520000457763672,15.010000228881836,15.300000190734863,12.1431884765625,289600,no_news,0.0,Not Recession,no_anomaly,0
2005-03-18,15.699999809265137,15.699999809265137,15.170000076293944,15.289999961853027,12.135247230529783,717600,no_news,0.0,Not Recession,no_anomaly,0
2005-03-17,15.550000190734863,15.850000381469728,15.550000190734863,15.670000076293944,12.436844825744627,403100,no_news,0.0,Not Recession,no_anomaly,0
2005-03-16,15.600000381469728,16.06999969482422,15.4399995803833,15.5600004196167,12.349542617797852,467000,no_news,0.0,Not Recession,no_anomaly,0
2005-03-15,16.1299991607666,16.229999542236328,15.640000343322754,15.710000038146973,12.468592643737791,391200,no_news,0.0,Not Recession,no_anomaly,0
2005-03-14,15.890000343322754,16.209999084472656,15.890000343322754,16.059999465942383,12.746376991271973,484400,no_news,0.0,Not Recession,no_anomaly,0
2005-03-11,16.489999771118164,16.56999969482422,15.850000381469728,15.949999809265137,12.65907382965088,517400,no_news,0.0,Not Recession,no_anomaly,0
2005-03-10,16.6299991607666,16.700000762939453,16.190000534057617,16.450000762939453,13.055913925170898,680000,no_news,0.0,Not Recession,no_anomaly,0
2005-03-09,16.950000762939453,17.049999237060547,16.6299991607666,16.639999389648438,13.206709861755373,564600,no_news,0.0,Not Recession,no_anomaly,0
2005-03-08,17.649999618530273,17.649999618530273,16.8700008392334,16.920000076293945,13.428936958312988,788000,no_news,0.0,Not Recession,no_anomaly,0
2005-03-07,17.450000762939453,18.030000686645508,17.420000076293945,17.5,13.889265060424805,517200,no_news,0.0,Not Recession,no_anomaly,0
2005-03-04,17.739999771118164,17.93000030517578,17.3700008392334,17.5,13.889265060424805,443800,no_news,0.0,Not Recession,no_anomaly,0
2005-03-03,18.010000228881836,18.010000228881836,17.200000762939453,17.579999923706055,13.95276165008545,798700,no_news,0.0,Not Recession,no_anomaly,0
2005-03-02,18.15999984741211,18.700000762939453,17.8799991607666,17.8799991607666,14.190858840942385,996500,no_news,0.0,Not Recession,no_anomaly,0
2005-03-01,18.18000030517578,18.5,18.020000457763672,18.46999931335449,14.659130096435549,755800,no_news,0.0,Not Recession,no_anomaly,0
2005-02-28,18.65999984741211,18.90999984741211,17.75,18.11000061035156,14.373408317565918,861800,no_news,0.0,Not Recession,no_anomaly,0
2005-02-25,18.1299991607666,18.739999771118164,17.899999618530273,18.729999542236328,14.865482330322266,485700,no_news,0.0,Not Recession,no_anomaly,0
2005-02-24,17.350000381469727,18.200000762939453,17.309999465942383,18.18000030517578,14.428960800170898,597000,no_news,0.0,Not Recession,no_anomaly,0
2005-02-23,18.020000457763672,18.1299991607666,17.25,17.469999313354492,13.865456581115724,591700,no_news,0.0,Not Recession,no_anomaly,0
2005-02-22,18.1299991607666,18.59000015258789,17.790000915527344,17.860000610351562,14.1749849319458,513700,no_news,0.0,Not Recession,no_anomaly,0
2005-02-18,18.059999465942383,18.5,17.860000610351562,18.21999931335449,14.46070671081543,352200,no_news,0.0,Not Recession,no_anomaly,0
2005-02-17,18.63999938964844,18.88999938964844,18.0,18.0,14.286105155944824,498800,no_news,0.0,Not Recession,no_anomaly,0
2005-02-16,18.13999938964844,18.88999938964844,17.829999923706055,18.61000061035156,14.770237922668455,793200,no_news,0.0,Not Recession,no_anomaly,0
2005-02-15,17.75,18.84000015258789,17.75,18.25,14.484522819519045,553400,no_news,0.0,Not Recession,no_anomaly,0
2005-02-14,18.1299991607666,18.209999084472656,17.649999618530273,17.850000381469727,14.167051315307615,392800,no_news,0.0,Not Recession,no_anomaly,0
2005-02-11,17.200000762939453,18.43000030517578,17.010000228881836,18.21999931335449,14.46070671081543,634700,no_news,0.0,Not Recession,no_anomaly,0
2005-02-10,17.3799991607666,17.739999771118164,17.1200008392334,17.329999923706055,13.75434112548828,568000,no_news,0.0,Not Recession,no_anomaly,0
2005-02-09,17.540000915527344,17.90999984741211,17.170000076293945,17.209999084472656,13.659099578857422,570300,no_news,0.0,Not Recession,no_anomaly,0
2005-02-08,17.049999237060547,17.719999313354492,16.989999771118164,17.690000534057617,14.04006576538086,602000,no_news,0.0,Not Recession,no_anomaly,0
2005-02-07,17.1200008392334,17.5,16.8799991607666,17.040000915527344,13.524182319641112,562000,no_news,0.0,Not Recession,no_anomaly,0
2005-02-04,15.989999771118164,17.309999465942383,15.979999542236328,17.299999237060547,13.730528831481934,742400,no_news,0.0,Not Recession,no_anomaly,0
2005-02-03,16.06999969482422,16.219999313354492,15.8100004196167,16.06999969482422,12.754311561584473,513500,no_news,0.0,Not Recession,no_anomaly,0
2005-02-02,16.40999984741211,16.899999618530273,16.040000915527344,16.190000534057617,12.849557876586914,1078600,no_news,0.0,Not Recession,no_anomaly,0
2005-02-01,14.979999542236328,15.979999542236328,14.979999542236328,15.8100004196167,12.54796314239502,812900,no_news,0.0,Not Recession,no_anomaly,0
2005-01-31,15.56999969482422,15.68000030517578,15.130000114440918,15.289999961853027,12.135247230529783,758600,no_news,0.0,Not Recession,no_anomaly,0
2005-01-28,15.649999618530272,15.770000457763672,15.130000114440918,15.25,12.103501319885254,426300,no_news,0.0,Not Recession,no_anomaly,0
2005-01-27,15.270000457763672,15.6899995803833,14.979999542236328,15.539999961853027,12.333669662475586,525200,no_news,0.0,Not Recession,no_anomaly,0
2005-01-26,14.699999809265137,15.260000228881836,14.699999809265137,15.25,12.103501319885254,496400,no_news,0.0,Not Recession,no_anomaly,0
2005-01-25,14.5,15.06999969482422,14.470000267028809,14.720000267028809,11.682857513427734,628300,no_news,0.0,Not Recession,no_anomaly,0
2005-01-24,14.539999961853027,14.720000267028809,14.279999732971191,14.380000114440918,11.413009643554688,434400,no_news,0.0,Not Recession,no_anomaly,0
2005-01-21,14.720000267028809,14.949999809265137,14.470000267028809,14.479999542236328,11.492371559143066,411700,no_news,0.0,Not Recession,no_anomaly,0
2005-01-20,15.0,15.43000030517578,14.670000076293944,14.670000076293944,11.643173217773438,753800,no_news,0.0,Not Recession,no_anomaly,0
2005-01-19,15.539999961853027,15.670000076293944,15.109999656677246,15.140000343322754,12.016199111938477,653400,no_news,0.0,Not Recession,no_anomaly,0
2005-01-18,15.329999923706056,15.649999618530272,15.15999984741211,15.640000343322754,12.413036346435549,581400,no_news,0.0,Not Recession,no_anomaly,0
2005-01-14,14.9399995803833,15.279999732971191,14.84000015258789,15.279999732971191,12.127314567565918,474200,no_news,0.0,Not Recession,no_anomaly,0
2005-01-13,15.229999542236328,15.229999542236328,14.770000457763672,14.880000114440918,11.809844970703123,546800,no_news,0.0,Not Recession,no_anomaly,0
2005-01-12,14.800000190734863,15.130000114440918,14.800000190734863,15.010000228881836,11.913023948669434,866700,no_news,0.0,Not Recession,no_anomaly,0
2005-01-11,15.050000190734863,15.0600004196167,14.640000343322754,14.640000343322754,11.619364738464355,861100,no_news,0.0,Not Recession,no_anomaly,0
2005-01-10,15.25,15.479999542236328,14.970000267028809,15.050000190734863,11.944772720336914,642400,no_news,0.0,Not Recession,no_anomaly,0
2005-01-07,15.579999923706056,15.850000381469728,15.3100004196167,15.3100004196167,12.15112590789795,1031800,no_news,0.0,Not Recession,no_anomaly,0
2005-01-06,15.699999809265137,15.779999732971191,15.40999984741211,15.4399995803833,12.254302024841309,848700,no_news,0.0,Not Recession,no_anomaly,0
2005-01-05,16.010000228881836,16.100000381469727,15.5,15.68000030517578,12.444784164428713,2176100,no_news,0.0,Not Recession,no_anomaly,0
2005-01-04,17.219999313354492,17.219999313354492,16.030000686645508,16.270000457763672,12.913050651550291,938800,no_news,0.0,Not Recession,no_anomaly,0
2005-01-03,17.309999465942383,17.68000030517578,16.950000762939453,17.030000686645508,13.516244888305664,555600,no_news,0.0,Not Recession,no_anomaly,0
2004-12-31,17.520000457763672,17.690000534057617,17.190000534057617,17.219999313354492,13.667037010192873,600400,no_news,0.0,Not Recession,no_anomaly,0
2004-12-30,17.479999542236328,17.829999923706055,17.479999542236328,17.530000686645508,13.913076400756836,226500,no_news,0.0,Not Recession,no_anomaly,0
2004-12-29,17.56999969482422,17.739999771118164,17.420000076293945,17.56999969482422,13.944822311401367,433900,no_news,0.0,Not Recession,no_anomaly,0
2004-12-28,17.25,17.579999923706055,17.239999771118164,17.579999923706055,13.95276165008545,462400,no_news,0.0,Not Recession,no_anomaly,0
2004-12-27,17.760000228881836,17.84000015258789,17.09000015258789,17.290000915527344,13.722594261169434,360900,no_news,0.0,Not Recession,no_anomaly,0
2004-12-23,17.31999969482422,17.709999084472656,17.290000915527344,17.639999389648438,14.00037670135498,403800,no_news,0.0,Not Recession,no_anomaly,0
2004-12-22,17.469999313354492,17.690000534057617,17.3799991607666,17.40999984741211,13.817837715148926,320100,no_news,0.0,Not Recession,no_anomaly,0
2004-12-21,17.31999969482422,17.530000686645508,17.15999984741211,17.5,13.889265060424805,474900,no_news,0.0,Not Recession,no_anomaly,0
2004-12-20,17.950000762939453,17.950000762939453,16.93000030517578,17.219999313354492,13.667037010192873,676000,no_news,0.0,Not Recession,no_anomaly,0
2004-12-17,17.600000381469727,17.850000381469727,17.40999984741211,17.850000381469727,14.167051315307615,1219700,no_news,0.0,Not Recession,no_anomaly,0
2004-12-16,18.299999237060547,18.38999938964844,17.450000762939453,17.639999389648438,14.00037670135498,694600,no_news,0.0,Not Recession,no_anomaly,0
2004-12-15,18.0,18.3799991607666,17.84000015258789,18.26000022888184,14.492459297180176,604100,no_news,0.0,Not Recession,no_anomaly,0
2004-12-14,17.149999618530273,17.989999771118164,17.110000610351562,17.979999542236328,14.27023220062256,566200,no_news,0.0,Not Recession,no_anomaly,0
2004-12-13,17.549999237060547,17.760000228881836,16.979999542236328,17.239999771118164,13.68291473388672,1240400,no_news,0.0,Not Recession,no_anomaly,0
2004-12-10,16.8799991607666,17.5,16.799999237060547,17.440000534057617,13.84164810180664,650200,no_news,0.0,Not Recession,no_anomaly,0
2004-12-09,16.979999542236328,17.219999313354492,16.549999237060547,17.030000686645508,13.516244888305664,832600,no_news,0.0,Not Recession,no_anomaly,0
2004-12-08,17.479999542236328,17.540000915527344,16.93000030517578,17.18000030517578,13.635294914245604,482900,no_news,0.0,Not Recession,no_anomaly,0
2004-12-07,17.93000030517578,18.190000534057617,17.329999923706055,17.40999984741211,13.817837715148926,507600,no_news,0.0,Not Recession,no_anomaly,0
2004-12-06,17.670000076293945,18.049999237060547,17.399999618530273,17.8799991607666,14.190858840942385,498600,no_news,0.0,Not Recession,no_anomaly,0
2004-12-03,17.459999084472656,18.1299991607666,17.299999237060547,17.899999618530273,14.206737518310549,1186900,no_news,0.0,Not Recession,no_anomaly,0
2004-12-02,15.8100004196167,17.270000457763672,15.8100004196167,17.110000610351562,13.579733848571776,2289200,no_news,0.0,Not Recession,no_anomaly,0
2004-12-01,15.359999656677246,16.030000686645508,15.359999656677246,16.0,12.698758125305176,990800,no_news,0.0,Not Recession,no_anomaly,0
2004-11-30,15.449999809265137,15.579999923706056,15.25,15.350000381469728,12.18287181854248,813700,no_news,0.0,Not Recession,no_anomaly,0
2004-11-29,15.579999923706056,15.869999885559082,15.369999885559082,15.539999961853027,12.333669662475586,561500,no_news,0.0,Not Recession,no_anomaly,0
2004-11-26,15.739999771118164,15.789999961853027,15.520000457763672,15.550000190734863,12.34160614013672,131800,no_news,0.0,Not Recession,no_anomaly,0
2004-11-24,15.5,15.670000076293944,15.470000267028809,15.630000114440918,12.405098915100098,458100,no_news,0.0,Not Recession,no_anomaly,0
2004-11-23,15.399999618530272,15.640000343322754,15.199999809265137,15.56999969482422,12.3574800491333,1020400,no_news,0.0,Not Recession,no_anomaly,0
2004-11-22,15.020000457763672,15.59000015258789,14.949999809265137,15.520000457763672,12.31779670715332,582900,no_news,0.0,Not Recession,no_anomaly,0
2004-11-19,15.789999961853027,15.84000015258789,15.109999656677246,15.199999809265137,12.063819885253906,685400,no_news,0.0,Not Recession,no_anomaly,0
2004-11-18,15.710000038146973,16.09000015258789,15.210000038146973,16.010000228881836,12.706698417663574,808700,no_news,0.0,Not Recession,no_anomaly,0
2004-11-17,15.59000015258789,15.989999771118164,15.470000267028809,15.890000343322754,12.611456871032717,840600,no_news,0.0,Not Recession,no_anomaly,0
2004-11-16,14.960000038146973,15.649999618530272,14.949999809265137,15.300000190734863,12.1431884765625,919500,no_news,0.0,Not Recession,no_anomaly,0
2004-11-15,14.270000457763672,15.079999923706056,14.270000457763672,15.050000190734863,11.944772720336914,667000,no_news,0.0,Not Recession,no_anomaly,0
2004-11-12,14.109999656677246,14.479999542236328,13.989999771118164,14.380000114440918,11.413009643554688,407900,no_news,0.0,Not Recession,no_anomaly,0
2004-11-11,13.949999809265137,14.3100004196167,13.899999618530272,14.210000038146973,11.278082847595217,230700,no_news,0.0,Not Recession,no_anomaly,0
2004-11-10,14.0,14.130000114440918,13.800000190734863,13.9399995803833,11.063791275024414,564600,no_news,0.0,Not Recession,no_anomaly,0
2004-11-09,14.119999885559082,14.25,13.979999542236328,14.119999885559082,11.206655502319336,528400,no_news,0.0,Not Recession,no_anomaly,0
2004-11-08,14.5,14.5600004196167,14.109999656677246,14.229999542236328,11.293960571289062,736000,no_news,0.0,Not Recession,no_anomaly,0
2004-11-05,14.350000381469728,14.670000076293944,14.039999961853027,14.619999885559082,11.603489875793455,764200,no_news,0.0,Not Recession,no_anomaly,0
2004-11-04,14.0,14.31999969482422,13.420000076293944,14.31999969482422,11.365386009216309,1465300,no_news,0.0,Not Recession,no_anomaly,0
2004-11-03,15.31999969482422,15.359999656677246,14.25,14.449999809265137,11.468564987182615,737800,no_news,0.0,Not Recession,no_anomaly,0
2004-11-02,14.880000114440918,15.239999771118164,14.619999885559082,14.729999542236328,11.69079303741455,571900,no_news,0.0,Not Recession,no_anomaly,0
2004-11-01,14.890000343322754,15.09000015258789,14.640000343322754,15.079999923706056,11.968579292297363,505200,no_news,0.0,Not Recession,no_anomaly,0
2004-10-29,14.289999961853027,15.0,14.279999732971191,14.880000114440918,11.809844970703123,956700,no_news,0.0,Not Recession,no_anomaly,0
2004-10-28,14.350000381469728,14.539999961853027,14.15999984741211,14.399999618530272,11.428881645202637,356000,no_news,0.0,Not Recession,no_anomaly,0
2004-10-27,13.56999969482422,14.3100004196167,13.5,14.300000190734863,11.349517822265623,656000,no_news,0.0,Not Recession,no_anomaly,0
2004-10-26,13.600000381469728,13.970000267028809,13.449999809265137,13.68000030517578,10.857437133789062,427400,no_news,0.0,Not Recession,no_anomaly,0
2004-10-25,13.800000190734863,14.239999771118164,13.609999656677246,13.949999809265137,11.071727752685549,543500,no_news,0.0,Not Recession,no_anomaly,0
2004-10-22,14.520000457763672,14.59000015258789,13.75,13.75,10.912994384765623,495000,no_news,0.0,Not Recession,no_anomaly,0
2004-10-21,14.039999961853027,14.5,13.81999969482422,14.4399995803833,11.4606294631958,815700,no_news,0.0,Not Recession,no_anomaly,0
2004-10-20,13.710000038146973,14.09000015258789,13.5,13.899999618530272,11.0320463180542,834100,no_news,0.0,Not Recession,no_anomaly,0
2004-10-19,14.039999961853027,14.359999656677246,13.779999732971191,13.869999885559082,11.008235931396484,460300,no_news,0.0,Not Recession,no_anomaly,0
2004-10-18,13.479999542236328,14.0,13.359999656677246,13.829999923706056,10.976490020751951,381600,no_news,0.0,Not Recession,no_anomaly,0
2004-10-15,13.630000114440918,13.739999771118164,13.350000381469728,13.479999542236328,10.69870376586914,653000,no_news,0.0,Not Recession,no_anomaly,0
2004-10-14,14.399999618530272,14.40999984741211,13.6899995803833,13.739999771118164,10.905057907104492,627800,no_news,0.0,Not Recession,no_anomaly,0
2004-10-13,14.699999809265137,14.949999809265137,14.289999961853027,14.5,11.50825023651123,511400,no_news,0.0,Not Recession,no_anomaly,0
2004-10-12,14.210000038146973,14.5,13.899999618530272,14.40999984741211,11.436816215515137,369900,no_news,0.0,Not Recession,no_anomaly,0
2004-10-11,14.239999771118164,14.5,14.100000381469728,14.5,11.50825023651123,388900,no_news,0.0,Not Recession,no_anomaly,0
2004-10-08,14.859999656677246,14.90999984741211,14.15999984741211,14.279999732971191,11.33364200592041,682100,no_news,0.0,Not Recession,no_anomaly,0
2004-10-07,15.34000015258789,15.75,14.960000038146973,14.989999771118164,11.89714813232422,393000,no_news,0.0,Not Recession,no_anomaly,0
2004-10-06,15.300000190734863,15.520000457763672,14.960000038146973,15.449999809265137,12.262235641479492,352800,no_news,0.0,Not Recession,no_anomaly,0
2004-10-05,15.289999961853027,15.520000457763672,14.859999656677246,15.260000228881836,12.111438751220703,409100,no_news,0.0,Not Recession,no_anomaly,0
2004-10-04,15.0600004196167,15.539999961853027,15.0,15.390000343322754,12.214621543884276,570700,no_news,0.0,Not Recession,no_anomaly,0
2004-10-01,14.390000343322754,14.949999809265137,14.300000190734863,14.9399995803833,11.857463836669922,666000,no_news,0.0,Not Recession,no_anomaly,0
2004-09-30,13.90999984741211,14.329999923706056,13.800000190734863,14.149999618530272,11.230463027954102,565300,no_news,0.0,Not Recession,no_anomaly,0
2004-09-29,13.600000381469728,14.220000267028809,13.5,14.029999732971191,11.135221481323242,438700,no_news,0.0,Not Recession,no_anomaly,0
2004-09-28,13.399999618530272,13.640000343322754,13.300000190734863,13.56999969482422,10.770133018493652,414400,no_news,0.0,Not Recession,no_anomaly,0
2004-09-27,13.510000228881836,13.760000228881836,13.3100004196167,13.43000030517578,10.659022331237791,469800,no_news,0.0,Not Recession,no_anomaly,0
2004-09-24,14.050000190734863,14.199999809265137,13.59000015258789,13.619999885559082,10.809819221496582,451900,no_news,0.0,Not Recession,no_anomaly,0
2004-09-23,14.270000457763672,14.34000015258789,13.890000343322754,14.15999984741211,11.23840045928955,670100,no_news,0.0,Not Recession,no_anomaly,0
2004-09-22,14.649999618530272,14.720000267028809,14.15999984741211,14.34000015258789,11.38126277923584,957000,no_news,0.0,Not Recession,no_anomaly,0
2004-09-21,14.850000381469728,15.0600004196167,14.699999809265137,14.9399995803833,11.857463836669922,1030000,no_news,0.0,Not Recession,no_anomaly,0
2004-09-20,14.260000228881836,15.18000030517578,14.130000114440918,14.890000343322754,11.81778335571289,989500,no_news,0.0,Not Recession,no_anomaly,0
2004-09-17,14.420000076293944,14.800000190734863,14.119999885559082,14.300000190734863,11.349517822265623,821700,no_news,0.0,Not Recession,no_anomaly,0
2004-09-16,14.0,14.359999656677246,13.890000343322754,14.25,11.309829711914062,641900,no_news,0.0,Not Recession,no_anomaly,0
2004-09-15,14.020000457763672,14.239999771118164,13.710000038146973,13.949999809265137,11.071727752685549,637100,no_news,0.0,Not Recession,no_anomaly,0
2004-09-14,14.1899995803833,14.600000381469728,13.899999618530272,14.380000114440918,11.413009643554688,895400,no_news,0.0,Not Recession,no_anomaly,0
2004-09-13,13.960000038146973,14.81999969482422,13.869999885559082,14.369999885559082,11.405072212219238,1087900,no_news,0.0,Not Recession,no_anomaly,0
2004-09-10,12.989999771118164,13.960000038146973,12.770000457763672,13.829999923706056,10.976490020751951,654600,no_news,0.0,Not Recession,no_anomaly,0
2004-09-09,12.140000343322754,13.140000343322754,12.079999923706056,13.029999732971191,10.341550827026367,643400,no_news,0.0,Not Recession,no_anomaly,0
2004-09-08,12.149999618530272,12.420000076293944,11.899999618530272,11.9399995803833,9.476448059082031,432000,no_news,0.0,Not Recession,no_anomaly,0
2004-09-07,12.369999885559082,12.529999732971191,12.0600004196167,12.199999809265137,9.682801246643066,507100,no_news,0.0,Not Recession,no_anomaly,0
2004-09-03,12.18000030517578,12.380000114440918,12.029999732971191,12.119999885559082,9.619308471679688,412600,no_news,0.0,Not Recession,no_anomaly,0
2004-09-02,12.5,12.600000381469728,12.289999961853027,12.5,9.920907974243164,359600,no_news,0.0,Not Recession,no_anomaly,0
2004-09-01,12.369999885559082,12.979999542236328,12.289999961853027,12.449999809265137,9.881220817565918,641400,no_news,0.0,Not Recession,no_anomaly,0
2004-08-31,12.65999984741211,12.84000015258789,12.09000015258789,12.43000030517578,9.865347862243652,597100,no_news,0.0,Not Recession,no_anomaly,0
2004-08-30,12.93000030517578,12.979999542236328,12.550000190734863,12.6899995803833,10.07170295715332,234000,no_news,0.0,Not Recession,no_anomaly,0
2004-08-27,12.989999771118164,13.140000343322754,12.739999771118164,12.979999542236328,10.30186653137207,376000,no_news,0.0,Not Recession,no_anomaly,0
2004-08-26,13.25,13.25,12.579999923706056,12.729999542236328,10.103449821472168,732100,no_news,0.0,Not Recession,no_anomaly,0
2004-08-25,13.130000114440918,13.300000190734863,12.850000381469728,13.25,10.516161918640137,558300,no_news,0.0,Not Recession,no_anomaly,0
2004-08-24,13.649999618530272,13.84000015258789,12.880000114440918,13.0600004196167,10.365363121032717,563300,no_news,0.0,Not Recession,no_anomaly,0
2004-08-23,13.630000114440918,14.0,13.460000038146973,13.5600004196167,10.762201309204102,492600,no_news,0.0,Not Recession,no_anomaly,0
2004-08-20,13.149999618530272,13.56999969482422,13.029999732971191,13.520000457763672,10.73045253753662,345000,no_news,0.0,Not Recession,no_anomaly,0
2004-08-19,13.399999618530272,13.449999809265137,12.9399995803833,13.100000381469728,10.397109031677246,611200,no_news,0.0,Not Recession,no_anomaly,0
2004-08-18,12.539999961853027,13.630000114440918,12.4399995803833,13.539999961853027,10.746320724487305,950600,no_news,0.0,Not Recession,no_anomaly,0
2004-08-17,12.18000030517578,12.4399995803833,12.020000457763672,12.399999618530272,9.84153652191162,897600,no_news,0.0,Not Recession,no_anomaly,0
2004-08-16,11.710000038146973,12.140000343322754,11.6899995803833,11.970000267028809,9.50025749206543,893100,no_news,0.0,Not Recession,no_anomaly,0
2004-08-13,11.899999618530272,11.90999984741211,11.5,11.619999885559082,9.222475051879885,631600,no_news,0.0,Not Recession,no_anomaly,0
2004-08-12,12.020000457763672,12.149999618530272,11.75,11.770000457763672,9.341524124145508,435800,no_news,0.0,Not Recession,no_anomaly,0
2004-08-11,12.520000457763672,12.649999618530272,11.779999732971191,12.130000114440918,9.627245903015137,1015100,no_news,0.0,Not Recession,no_anomaly,0
2004-08-10,12.68000030517578,13.0,12.579999923706056,12.979999542236328,10.30186653137207,611800,no_news,0.0,Not Recession,no_anomaly,0
2004-08-09,12.640000343322754,12.90999984741211,12.529999732971191,12.609999656677246,10.008207321166992,395200,no_news,0.0,Not Recession,no_anomaly,0
2004-08-06,12.8100004196167,13.149999618530272,12.43000030517578,12.600000381469728,10.000274658203123,618900,no_news,0.0,Not Recession,no_anomaly,0
2004-08-05,13.130000114440918,13.619999885559082,13.050000190734863,13.119999885559082,10.412982940673828,529400,no_news,0.0,Not Recession,no_anomaly,0
2004-08-04,13.149999618530272,13.390000343322754,13.0,13.199999809265137,10.476475715637209,905200,no_news,0.0,Not Recession,no_anomaly,0
2004-08-03,13.630000114440918,13.720000267028809,13.199999809265137,13.25,10.516161918640137,627400,no_news,0.0,Not Recession,no_anomaly,0
2004-08-02,14.479999542236328,14.489999771118164,13.75,13.859999656677246,11.00029754638672,948800,no_news,0.0,Not Recession,no_anomaly,0
2004-07-30,13.779999732971191,14.609999656677246,13.770000457763672,14.40999984741211,11.436816215515137,857700,no_news,0.0,Not Recession,no_anomaly,0
2004-07-29,13.649999618530272,14.170000076293944,13.5,13.890000343322754,11.024110794067385,1975700,no_news,0.0,Not Recession,no_anomaly,0
2004-07-28,14.600000381469728,14.609999656677246,13.31999969482422,13.520000457763672,10.73045253753662,2884700,no_news,0.0,Not Recession,no_anomaly,0
2004-07-27,14.600000381469728,15.210000038146973,14.369999885559082,15.1899995803833,12.055883407592772,718800,no_news,0.0,Not Recession,no_anomaly,0
2004-07-26,14.6899995803833,15.449999809265137,14.43000030517578,14.59000015258789,11.579679489135742,693100,no_news,0.0,Not Recession,no_anomaly,0
2004-07-23,15.149999618530272,15.479999542236328,14.640000343322754,14.6899995803833,11.65904712677002,725300,no_news,0.0,Not Recession,no_anomaly,0
2004-07-22,15.199999809265137,15.529999732971191,14.68000030517578,15.239999771118164,12.09556770324707,1003400,no_news,0.0,Not Recession,no_anomaly,0
2004-07-21,16.639999389648438,16.690000534057617,15.25,15.25,12.103501319885254,484900,no_news,0.0,Not Recession,no_anomaly,0
2004-07-20,15.899999618530272,16.450000762939453,15.8100004196167,16.399999618530273,13.01622486114502,413100,no_news,0.0,Not Recession,no_anomaly,0
2004-07-19,15.699999809265137,16.049999237060547,15.4399995803833,15.800000190734863,12.540024757385254,474200,no_news,0.0,Not Recession,no_anomaly,0
2004-07-16,16.0,16.1200008392334,15.449999809265137,15.670000076293944,12.436844825744627,584300,no_news,0.0,Not Recession,no_anomaly,0
2004-07-15,16.0,16.239999771118164,15.710000038146973,15.8100004196167,12.54796314239502,680900,no_news,0.0,Not Recession,no_anomaly,0
2004-07-14,16.6299991607666,16.6299991607666,15.84000015258789,15.899999618530272,12.619389533996582,1130600,no_news,0.0,Not Recession,no_anomaly,0
2004-07-13,17.329999923706055,17.549999237060547,17.0,17.030000686645508,13.516244888305664,441100,no_news,0.0,Not Recession,no_anomaly,0
2004-07-12,17.6299991607666,17.649999618530273,16.790000915527344,17.25,13.690850257873535,1086700,no_news,0.0,Not Recession,no_anomaly,0
2004-07-09,17.690000534057617,18.14999961853028,17.639999389648438,17.979999542236328,14.27023220062256,774400,no_news,0.0,Not Recession,no_anomaly,0
2004-07-08,17.239999771118164,17.8700008392334,17.18000030517578,17.489999771118164,13.881330490112305,603600,no_news,0.0,Not Recession,no_anomaly,0
2004-07-07,17.290000915527344,17.8799991607666,17.290000915527344,17.31999969482422,13.746404647827148,386200,no_news,0.0,Not Recession,no_anomaly,0
2004-07-06,18.15999984741211,18.21999931335449,17.059999465942383,17.280000686645508,13.714662551879885,608300,no_news,0.0,Not Recession,no_anomaly,0
2004-07-02,18.68000030517578,18.729999542236328,18.030000686645508,18.450000762939453,14.64325714111328,295200,no_news,0.0,Not Recession,no_anomaly,0
2004-07-01,20.14999961853028,20.14999961853028,18.71999931335449,18.71999931335449,14.857542991638184,620700,no_news,0.0,Not Recession,no_anomaly,0
2004-06-30,19.75,20.14999961853028,19.46999931335449,20.14999961853028,15.992496490478516,475900,no_news,0.0,Not Recession,no_anomaly,0
2004-06-29,19.299999237060547,19.739999771118164,19.13999938964844,19.670000076293945,15.611536979675291,701600,no_news,0.0,Not Recession,no_anomaly,0
2004-06-28,19.770000457763672,19.950000762939453,19.21999931335449,19.26000022888184,15.28612995147705,1162500,no_news,0.0,Not Recession,no_anomaly,0
2004-06-25,18.209999084472656,19.1200008392334,17.920000076293945,19.01000022888184,15.0877103805542,950000,no_news,0.0,Not Recession,no_anomaly,0
2004-06-24,18.61000061035156,18.690000534057617,18.0,18.0,14.286105155944824,450600,no_news,0.0,Not Recession,no_anomaly,0
2004-06-23,18.25,18.63999938964844,17.81999969482422,18.5,14.682940483093262,418700,no_news,0.0,Not Recession,no_anomaly,0
2004-06-22,17.350000381469727,18.15999984741211,17.25,18.15999984741211,14.41308879852295,445500,no_news,0.0,Not Recession,no_anomaly,0
2004-06-21,17.56999969482422,17.780000686645508,17.299999237060547,17.31999969482422,13.746404647827148,245800,no_news,0.0,Not Recession,no_anomaly,0
2004-06-18,17.31999969482422,17.81999969482422,17.06999969482422,17.3799991607666,13.794025421142578,571200,no_news,0.0,Not Recession,no_anomaly,0
2004-06-17,18.0,18.0,17.229999542236328,17.40999984741211,13.817837715148926,650200,no_news,0.0,Not Recession,no_anomaly,0
2004-06-16,18.31999969482422,18.36000061035156,17.899999618530273,18.040000915527344,14.317852973937988,328100,no_news,0.0,Not Recession,no_anomaly,0
2004-06-15,18.209999084472656,18.3700008392334,18.030000686645508,18.280000686645508,14.508330345153809,372500,no_news,0.0,Not Recession,no_anomaly,0
2004-06-14,18.36000061035156,18.440000534057617,17.610000610351562,17.850000381469727,14.167051315307615,895900,no_news,0.0,Not Recession,no_anomaly,0
2004-06-10,19.020000457763672,19.209999084472656,18.40999984741211,18.59000015258789,14.754372596740724,432400,no_news,0.0,Not Recession,no_anomaly,0
2004-06-09,19.030000686645508,19.26000022888184,18.57999992370605,18.71999931335449,14.857542991638184,663500,no_news,0.0,Not Recession,no_anomaly,0
2004-06-08,19.61000061035156,19.6200008392334,18.96999931335449,19.209999084472656,15.246445655822754,304700,no_news,0.0,Not Recession,no_anomaly,0
2004-06-07,19.06999969482422,19.600000381469727,18.950000762939453,19.600000381469727,15.555974006652832,316200,no_news,0.0,Not Recession,no_anomaly,0
2004-06-04,18.89999961853028,19.030000686645508,18.56999969482422,18.90999984741211,15.008343696594238,652800,no_news,0.0,Not Recession,no_anomaly,0
2004-06-03,19.100000381469727,19.1299991607666,18.350000381469727,18.350000381469727,14.56389045715332,582700,no_news,0.0,Not Recession,no_anomaly,0
2004-06-02,19.950000762939453,20.09000015258789,18.950000762939453,19.39999961853028,15.397245407104492,1258000,no_news,0.0,Not Recession,no_anomaly,0
2004-06-01,20.26000022888184,20.670000076293945,19.90999984741211,20.459999084472656,16.238536834716797,628700,no_news,0.0,Not Recession,no_anomaly,0
2004-05-28,20.07999992370605,20.700000762939453,19.8700008392334,20.6200008392334,16.36551856994629,1118600,no_news,0.0,Not Recession,no_anomaly,0
2004-05-27,19.280000686645508,20.059999465942383,19.26000022888184,20.01000022888184,15.881386756896973,1523400,no_news,0.0,Not Recession,no_anomaly,0
2004-05-26,18.950000762939453,19.36000061035156,18.5,19.229999542236328,15.262322425842283,559500,no_news,0.0,Not Recession,no_anomaly,0
2004-05-25,18.0,18.959999084472656,17.860000610351562,18.950000762939453,15.04009246826172,775300,no_news,0.0,Not Recession,no_anomaly,0
2004-05-24,18.0,18.15999984741211,17.75,18.06999969482422,14.34166145324707,736200,no_news,0.0,Not Recession,no_anomaly,0
2004-05-21,17.559999465942383,17.889999389648438,17.31999969482422,17.639999389648438,14.00037670135498,593600,no_news,0.0,Not Recession,no_anomaly,0
2004-05-20,17.15999984741211,17.600000381469727,16.969999313354492,17.280000686645508,13.714662551879885,754400,no_news,0.0,Not Recession,no_anomaly,0
2004-05-19,17.899999618530273,18.39999961853028,17.040000915527344,17.170000076293945,13.62735652923584,1045500,no_news,0.0,Not Recession,no_anomaly,0
2004-05-18,16.84000015258789,17.0,16.600000381469727,16.84000015258789,13.365440368652344,459400,no_news,0.0,Not Recession,no_anomaly,0
2004-05-17,16.15999984741211,16.739999771118164,15.960000038146973,16.510000228881836,13.10353183746338,690100,no_news,0.0,Not Recession,no_anomaly,0
2004-05-14,17.170000076293945,17.450000762939453,16.399999618530273,16.530000686645508,13.119404792785645,805100,no_news,0.0,Not Recession,no_anomaly,0
2004-05-13,17.34000015258789,17.5,16.700000762939453,16.920000076293945,13.428936958312988,722500,no_news,0.0,Not Recession,no_anomaly,0
2004-05-12,17.75,17.8700008392334,16.520000457763672,17.440000534057617,13.84164810180664,1013000,no_news,0.0,Not Recession,no_anomaly,0
2004-05-11,17.100000381469727,17.770000457763672,16.93000030517578,17.760000228881836,14.095621109008787,907600,no_news,0.0,Not Recession,no_anomaly,0
2004-05-10,16.860000610351562,17.290000915527344,16.520000457763672,16.68000030517578,13.238455772399902,883200,no_news,0.0,Not Recession,no_anomaly,0
2004-05-07,16.90999984741211,17.690000534057617,16.860000610351562,16.989999771118164,13.484492301940918,962100,no_news,0.0,Not Recession,no_anomaly,0
2004-05-06,17.299999237060547,17.450000762939453,16.739999771118164,17.010000228881836,13.500370979309082,504500,no_news,0.0,Not Recession,no_anomaly,0
2004-05-05,16.920000076293945,17.700000762939453,16.920000076293945,17.209999084472656,13.659099578857422,953900,no_news,0.0,Not Recession,no_anomaly,0
2004-05-04,16.5,17.1299991607666,16.459999084472656,16.90999984741211,13.421000480651855,924900,no_news,0.0,Not Recession,no_anomaly,0
2004-05-03,16.610000610351562,17.43000030517578,16.25,16.5,13.095593452453612,1262100,no_news,0.0,Not Recession,no_anomaly,0
2004-04-30,16.81999969482422,17.549999237060547,16.43000030517578,16.690000534057617,13.24639129638672,1556400,no_news,0.0,Not Recession,no_anomaly,0
2004-04-29,17.729999542236328,18.0,16.389999389648438,16.690000534057617,13.24639129638672,1584100,no_news,0.0,Not Recession,no_anomaly,0
2004-04-28,18.5,18.6200008392334,17.709999084472656,17.739999771118164,14.079750061035156,897000,no_news,0.0,Not Recession,no_anomaly,0
2004-04-27,19.18000030517578,19.6299991607666,18.309999465942383,18.6200008392334,14.778183937072754,1153800,no_news,0.0,Not Recession,no_anomaly,0
2004-04-26,19.5,19.809999465942383,19.09000015258789,19.190000534057617,15.230568885803224,1156600,no_news,0.0,Not Recession,no_anomaly,0
2004-04-23,19.739999771118164,19.809999465942383,18.739999771118164,19.3700008392334,15.373437881469728,2830900,no_news,0.0,Not Recession,no_anomaly,0
2004-04-22,18.36000061035156,18.600000381469727,17.6200008392334,18.049999237060547,14.32578468322754,2382900,no_news,0.0,Not Recession,no_anomaly,0
2004-04-21,19.14999961853028,19.21999931335449,18.64999961853028,18.809999465942383,14.928975105285645,772700,no_news,0.0,Not Recession,no_anomaly,0
2004-04-20,19.51000022888184,20.1299991607666,18.63999938964844,18.63999938964844,14.79405403137207,634300,no_news,0.0,Not Recession,no_anomaly,0
2004-04-19,18.89999961853028,19.84000015258789,18.89999961853028,19.700000762939453,15.635346412658691,458700,no_news,0.0,Not Recession,no_anomaly,0
2004-04-16,20.170000076293945,20.21999931335449,18.530000686645508,19.1299991607666,15.182953834533691,1219800,no_news,0.0,Not Recession,no_anomaly,0
2004-04-15,21.479999542236328,21.559999465942383,19.729999542236328,20.18000030517578,16.016307830810547,1126200,no_news,0.0,Not Recession,no_anomaly,0
2004-04-14,21.520000457763672,22.14999961853028,21.229999542236328,21.46999931335449,17.040143966674805,468500,no_news,0.0,Not Recession,no_anomaly,0
2004-04-13,22.549999237060547,22.89999961853028,21.61000061035156,21.739999771118164,17.254436492919922,478900,no_news,0.0,Not Recession,no_anomaly,0
2004-04-12,22.3700008392334,22.850000381469727,22.350000381469727,22.59000015258789,17.929058074951172,342100,no_news,0.0,Not Recession,no_anomaly,0
2004-04-08,22.950000762939453,22.950000762939453,22.13999938964844,22.39999961853028,17.77825927734375,402000,no_news,0.0,Not Recession,no_anomaly,0
2004-04-07,22.200000762939453,22.700000762939453,21.530000686645508,22.3700008392334,17.754457473754883,452800,no_news,0.0,Not Recession,no_anomaly,0
2004-04-06,22.489999771118164,22.90999984741211,22.040000915527344,22.170000076293945,17.59571075439453,498200,no_news,0.0,Not Recession,no_anomaly,0
2004-04-05,22.600000381469727,23.040000915527344,22.32999992370605,23.01000022888184,18.26239967346192,553800,no_news,0.0,Not Recession,no_anomaly,0
2004-04-02,21.950000762939453,22.65999984741211,21.84000015258789,22.65999984741211,17.984619140625,930000,no_news,0.0,Not Recession,no_anomaly,0
2004-04-01,20.780000686645508,21.600000381469727,20.780000686645508,20.959999084472656,16.6353702545166,998500,no_news,0.0,Not Recession,no_anomaly,0
2004-03-31,20.920000076293945,21.3799991607666,20.3799991607666,21.040000915527344,16.698863983154297,807400,no_news,0.0,Not Recession,no_anomaly,0
2004-03-30,20.170000076293945,20.71999931335449,19.82999992370605,20.71999931335449,16.44488525390625,650000,no_news,0.0,Not Recession,no_anomaly,0
2004-03-29,20.170000076293945,21.020000457763672,20.049999237060547,20.420000076293945,16.206789016723633,959400,no_news,0.0,Not Recession,no_anomaly,0
2004-03-26,20.420000076293945,20.479999542236328,19.770000457763672,19.809999465942383,15.722648620605469,650900,no_news,0.0,Not Recession,no_anomaly,0
2004-03-25,19.34000015258789,20.3799991607666,19.34000015258789,20.3799991607666,16.17504119873047,1381600,no_news,0.0,Not Recession,no_anomaly,0
2004-03-24,18.1200008392334,19.09000015258789,17.950000762939453,19.040000915527344,15.111526489257812,1304700,no_news,0.0,Not Recession,no_anomaly,0
2004-03-23,18.450000762939453,18.51000022888184,17.639999389648438,17.799999237060547,14.127367973327637,461200,no_news,0.0,Not Recession,no_anomaly,0
2004-03-22,18.06999969482422,18.170000076293945,17.75,18.030000686645508,14.309917449951172,1698600,no_news,0.0,Not Recession,no_anomaly,0
2004-03-19,18.6200008392334,19.06999969482422,18.049999237060547,18.350000381469727,14.56389045715332,798000,no_news,0.0,Not Recession,no_anomaly,0
2004-03-18,18.90999984741211,19.31999969482422,18.3700008392334,18.56999969482422,14.738496780395508,638100,no_news,0.0,Not Recession,no_anomaly,0
2004-03-17,18.93000030517578,19.26000022888184,18.75,19.15999984741211,15.206764221191406,420800,no_news,0.0,Not Recession,no_anomaly,0
2004-03-16,18.709999084472656,19.0,18.25,18.57999992370605,14.746431350708008,622900,no_news,0.0,Not Recession,no_anomaly,0
2004-03-15,19.5,19.6299991607666,18.25,18.43000030517578,14.627379417419434,704900,no_news,0.0,Not Recession,no_anomaly,0
2004-03-12,18.799999237060547,19.790000915527344,18.68000030517578,19.65999984741211,15.603597640991213,1000900,no_news,0.0,Not Recession,no_anomaly,0
2004-03-11,18.40999984741211,19.459999084472656,18.14999961853028,18.440000534057617,14.635320663452148,1326500,no_news,0.0,Not Recession,no_anomaly,0
2004-03-10,19.040000915527344,19.489999771118164,18.51000022888184,18.559999465942383,14.730560302734377,1235700,no_news,0.0,Not Recession,no_anomaly,0
2004-03-09,19.200000762939453,19.530000686645508,18.32999992370605,18.68000030517578,14.825799942016602,1412200,no_news,0.0,Not Recession,no_anomaly,0
2004-03-08,20.190000534057617,20.549999237060547,19.200000762939453,19.290000915527344,15.309945106506348,754400,no_news,0.0,Not Recession,no_anomaly,0
2004-03-05,20.8700008392334,21.14999961853028,20.18000030517578,20.200000762939453,16.032182693481445,1178100,no_news,0.0,Not Recession,no_anomaly,0
2004-03-04,21.100000381469727,21.520000457763672,21.049999237060547,21.239999771118164,16.85760498046875,662700,no_news,0.0,Not Recession,no_anomaly,0
2004-03-03,21.540000915527344,21.600000381469727,20.790000915527344,21.100000381469727,16.74648094177246,841700,no_news,0.0,Not Recession,no_anomaly,0
2004-03-02,21.5,22.440000534057617,21.440000534057617,21.440000534057617,17.016338348388672,841000,no_news,0.0,Not Recession,no_anomaly,0
2004-03-01,21.07999992370605,21.6299991607666,20.63999938964844,21.549999237060547,17.103641510009766,714500,no_news,0.0,Not Recession,no_anomaly,0
2004-02-27,21.290000915527344,21.450000762939453,20.57999992370605,21.170000076293945,16.802045822143555,1039200,no_news,0.0,Not Recession,no_anomaly,0
2004-02-26,20.809999465942383,21.32999992370605,20.559999465942383,21.209999084472656,16.833784103393555,536300,no_news,0.0,Not Recession,no_anomaly,0
2004-02-25,20.07999992370605,20.959999084472656,19.93000030517578,20.799999237060547,16.508384704589844,661000,no_news,0.0,Not Recession,no_anomaly,0
2004-02-24,20.63999938964844,20.86000061035156,19.850000381469727,19.959999084472656,15.84170150756836,1254000,no_news,0.0,Not Recession,no_anomaly,0
2004-02-23,21.200000762939453,21.3799991607666,20.049999237060547,20.57999992370605,16.33378028869629,1645300,no_news,0.0,Not Recession,no_anomaly,0
2004-02-20,21.89999961853028,21.979999542236328,20.549999237060547,21.25,16.86553955078125,1825700,no_news,0.0,Not Recession,no_anomaly,0
2004-02-19,23.209999084472656,23.799999237060547,21.75,21.81999969482422,17.31793212890625,1012200,no_news,0.0,Not Recession,no_anomaly,0
2004-02-18,22.440000534057617,22.8799991607666,22.1200008392334,22.280000686645508,17.683025360107422,553700,no_news,0.0,Not Recession,no_anomaly,0
2004-02-17,22.350000381469727,22.770000457763672,22.190000534057617,22.40999984741211,17.786191940307617,863300,no_news,0.0,Not Recession,no_anomaly,0
2004-02-13,22.799999237060547,23.1200008392334,22.0,22.0,17.460792541503906,682500,no_news,0.0,Not Recession,no_anomaly,0
2004-02-12,23.200000762939453,23.75,22.350000381469727,22.57999992370605,17.921123504638672,793900,no_news,0.0,Not Recession,no_anomaly,0
2004-02-11,23.07999992370605,23.940000534057617,22.809999465942383,23.43000030517578,18.59574508666992,633800,no_news,0.0,Not Recession,no_anomaly,0
2004-02-10,23.21999931335449,23.450000762939453,22.56999969482422,23.030000686645508,18.27828025817871,668900,no_news,0.0,Not Recession,no_anomaly,0
2004-02-09,23.39999961853028,23.81999969482422,22.799999237060547,23.170000076293945,18.389387130737305,1060000,no_news,0.0,Not Recession,no_anomaly,0
2004-02-06,22.1299991607666,23.489999771118164,22.040000915527344,23.25,18.452878952026367,874100,no_news,0.0,Not Recession,no_anomaly,0
2004-02-05,22.09000015258789,22.57999992370605,21.56999969482422,22.049999237060547,17.500469207763672,1115500,no_news,0.0,Not Recession,no_anomaly,0
2004-02-04,22.75,22.780000686645508,21.68000030517578,21.739999771118164,17.254436492919922,1794200,no_news,0.0,Not Recession,no_anomaly,0
2004-02-03,23.64999961853028,23.96999931335449,22.6200008392334,23.040000915527344,18.28621292114257,1288900,no_news,0.0,Not Recession,no_anomaly,0
2004-02-02,25.01000022888184,25.270000457763672,23.5,23.809999465942383,18.897340774536133,1085200,no_news,0.0,Not Recession,no_anomaly,0
2004-01-30,24.15999984741211,25.40999984741211,24.06999969482422,24.90999984741211,19.7703857421875,709500,no_news,0.0,Not Recession,no_anomaly,0
2004-01-29,24.09000015258789,24.75,23.170000076293945,24.14999961853028,19.16718482971192,1280800,no_news,0.0,Not Recession,no_anomaly,0
2004-01-28,27.200000762939453,27.459999084472656,24.540000915527344,24.780000686645508,19.66720390319824,1698500,no_news,0.0,Not Recession,no_anomaly,0
2004-01-27,25.8700008392334,27.3799991607666,25.030000686645508,26.100000381469727,20.71484565734864,3401000,no_news,0.0,Not Recession,no_anomaly,0
2004-01-26,25.88999938964844,26.0,24.82999992370605,25.5,20.238645553588867,990900,no_news,0.0,Not Recession,no_anomaly,0
2004-01-23,25.799999237060547,26.31999969482422,25.09000015258789,25.850000381469727,20.51642799377441,774600,no_news,0.0,Not Recession,no_anomaly,0
2004-01-22,26.770000457763672,27.5,25.520000457763672,25.65999984741211,20.36563873291016,1049800,no_news,0.0,Not Recession,no_anomaly,0
2004-01-21,27.049999237060547,27.190000534057617,25.559999465942383,26.549999237060547,21.072002410888672,785700,no_news,0.0,Not Recession,no_anomaly,0
2004-01-20,26.01000022888184,27.350000381469727,25.93000030517578,27.299999237060547,21.667255401611328,836800,no_news,0.0,Not Recession,no_anomaly,0
2004-01-16,25.450000762939453,26.200000762939453,25.1200008392334,25.950000762939453,20.59580039978028,613800,no_news,0.0,Not Recession,no_anomaly,0
2004-01-15,25.540000915527344,25.540000915527344,24.549999237060547,25.100000381469727,19.92117691040039,939000,no_news,0.0,Not Recession,no_anomaly,0
2004-01-14,25.729999542236328,25.940000534057617,24.799999237060547,25.36000061035156,20.12753677368164,582800,no_news,0.0,Not Recession,no_anomaly,0
2004-01-13,26.26000022888184,26.26000022888184,24.59000015258789,25.709999084472656,20.40531539916992,619600,no_news,0.0,Not Recession,no_anomaly,0
2004-01-12,25.39999961853028,26.350000381469727,25.25,26.190000534057617,20.78628158569336,720500,no_news,0.0,Not Recession,no_anomaly,0
2004-01-09,25.530000686645508,26.450000762939453,25.100000381469727,25.440000534057617,20.191028594970703,774300,no_news,0.0,Not Recession,no_anomaly,0
2004-01-08,26.15999984741211,26.200000762939453,25.36000061035156,26.100000381469727,20.71484565734864,721800,no_news,0.0,Not Recession,no_anomaly,0
2004-01-07,25.93000030517578,26.040000915527344,24.959999084472656,26.0,20.635482788085938,493400,no_news,0.0,Not Recession,no_anomaly,0
2004-01-06,25.700000762939453,26.15999984741211,25.40999984741211,25.670000076293945,20.37356758117676,732100,no_news,0.0,Not Recession,no_anomaly,0
2004-01-05,25.280000686645508,26.309999465942383,24.75,25.799999237060547,20.476747512817383,1397200,no_news,0.0,Not Recession,no_anomaly,0
2004-01-02,24.100000381469727,24.549999237060547,23.89999961853028,24.25,19.24655532836914,560600,no_news,0.0,Not Recession,no_anomaly,0
2003-12-31,24.36000061035156,24.57999992370605,23.63999938964844,23.739999771118164,18.841781616210938,882800,no_news,0.0,Not Recession,no_anomaly,0
2003-12-30,23.799999237060547,24.489999771118164,23.76000022888184,24.38999938964844,19.357669830322266,761500,no_news,0.0,Not Recession,no_anomaly,0
2003-12-29,23.350000381469727,24.920000076293945,23.26000022888184,23.90999984741211,18.976703643798828,1378900,no_news,0.0,Not Recession,no_anomaly,0
2003-12-26,22.920000076293945,23.440000534057617,22.920000076293945,23.25,18.452878952026367,264900,no_news,0.0,Not Recession,no_anomaly,0
2003-12-24,22.700000762939453,22.959999084472656,22.40999984741211,22.950000762939453,18.214778900146484,176200,no_news,0.0,Not Recession,no_anomaly,0
2003-12-23,22.56999969482422,22.809999465942383,22.280000686645508,22.700000762939453,18.016361236572266,735100,no_news,0.0,Not Recession,no_anomaly,0
2003-12-22,22.040000915527344,22.65999984741211,21.959999084472656,22.600000381469727,17.936994552612305,948500,no_news,0.0,Not Recession,no_anomaly,0
2003-12-19,21.700000762939453,22.280000686645508,21.14999961853028,22.229999542236328,17.64333724975586,1412900,no_news,0.0,Not Recession,no_anomaly,0
2003-12-18,20.440000534057617,22.059999465942383,20.440000534057617,21.64999961853028,17.183006286621094,1316200,no_news,0.0,Not Recession,no_anomaly,0
2003-12-17,20.61000061035156,20.959999084472656,19.90999984741211,20.309999465942383,16.119483947753906,693200,no_news,0.0,Not Recession,no_anomaly,0
2003-12-16,20.239999771118164,20.979999542236328,19.6299991607666,20.68000030517578,16.413145065307617,1356900,no_news,0.0,Not Recession,no_anomaly,0
2003-12-15,22.56999969482422,22.600000381469727,20.11000061035156,20.170000076293945,16.00836944580078,1369100,no_news,0.0,Not Recession,no_anomaly,0
2003-12-12,22.040000915527344,22.270000457763672,21.209999084472656,21.81999969482422,17.31793212890625,2301700,no_news,0.0,Not Recession,no_anomaly,0
2003-12-11,19.39999961853028,21.18000030517578,19.0,20.59000015258789,16.341716766357422,4434200,no_news,0.0,Not Recession,no_anomaly,0
2003-12-10,20.690000534057617,20.76000022888184,19.549999237060547,19.559999465942383,15.524231910705566,1374100,no_news,0.0,Not Recession,no_anomaly,0
2003-12-09,21.81999969482422,21.82999992370605,20.5,20.6200008392334,16.36551856994629,949300,no_news,0.0,Not Recession,no_anomaly,0
2003-12-08,21.239999771118164,21.84000015258789,20.799999237060547,21.34000015258789,16.936967849731445,796800,no_news,0.0,Not Recession,no_anomaly,0
2003-12-05,21.299999237060547,22.06999969482422,20.799999237060547,21.31999969482422,16.92109489440918,1013300,no_news,0.0,Not Recession,no_anomaly,0
2003-12-04,22.790000915527344,22.90999984741211,21.350000381469727,21.989999771118164,17.452856063842773,1331400,no_news,0.0,Not Recession,no_anomaly,0
2003-12-03,24.100000381469727,24.1200008392334,22.65999984741211,22.739999771118164,18.04810905456543,1315100,no_news,0.0,Not Recession,no_anomaly,0
2003-12-02,24.14999961853028,24.450000762939453,23.850000381469727,24.040000915527344,19.07988739013672,748200,no_news,0.0,Not Recession,no_anomaly,0
2003-12-01,24.64999961853028,25.049999237060547,23.559999465942383,24.020000457763672,19.064010620117188,788400,no_news,0.0,Not Recession,no_anomaly,0
2003-11-28,24.049999237060547,24.5,23.950000762939453,24.3799991607666,19.3497314453125,213200,no_news,0.0,Not Recession,no_anomaly,0
2003-11-26,24.3799991607666,24.600000381469727,23.39999961853028,24.040000915527344,19.07988739013672,466300,no_news,0.0,Not Recession,no_anomaly,0
2003-11-25,23.780000686645508,24.46999931335449,23.6200008392334,24.09000015258789,19.119564056396484,978100,no_news,0.0,Not Recession,no_anomaly,0
2003-11-24,24.0,24.06999969482422,23.700000762939453,23.81999969482422,18.9052791595459,889800,no_news,0.0,Not Recession,no_anomaly,0
2003-11-21,23.14999961853028,23.850000381469727,23.030000686645508,23.51000022888184,18.65924072265625,1099900,no_news,0.0,Not Recession,no_anomaly,0
2003-11-20,24.13999938964844,24.39999961853028,23.11000061035156,23.25,18.452878952026367,1136800,no_news,0.0,Not Recession,no_anomaly,0
2003-11-19,25.26000022888184,25.3700008392334,24.309999465942383,24.46999931335449,19.4211654663086,1283400,no_news,0.0,Not Recession,no_anomaly,0
2003-11-18,25.26000022888184,25.81999969482422,24.89999961853028,25.280000686645508,20.064037322998047,1195800,no_news,0.0,Not Recession,no_anomaly,0
2003-11-17,25.049999237060547,25.51000022888184,24.63999938964844,25.100000381469727,19.92117691040039,441900,no_news,0.0,Not Recession,no_anomaly,0
2003-11-14,26.51000022888184,26.65999984741211,25.200000762939453,25.21999931335449,20.016414642333984,1082300,no_news,0.0,Not Recession,no_anomaly,0
2003-11-13,26.280000686645508,27.229999542236328,25.57999992370605,26.46999931335449,21.008506774902344,1078500,no_news,0.0,Not Recession,no_anomaly,0
2003-11-12,24.84000015258789,26.56999969482422,24.770000457763672,26.56999969482422,21.087873458862305,1167200,no_news,0.0,Not Recession,no_anomaly,0
2003-11-11,25.0,25.3799991607666,24.25,24.850000381469727,19.72275733947754,742700,no_news,0.0,Not Recession,no_anomaly,0
2003-11-10,26.530000686645508,26.530000686645508,24.93000030517578,25.100000381469727,19.92117691040039,738400,no_news,0.0,Not Recession,no_anomaly,0
2003-11-07,27.049999237060547,27.540000915527344,26.15999984741211,26.46999931335449,21.008506774902344,782300,no_news,0.0,Not Recession,no_anomaly,0
2003-11-06,26.59000015258789,27.229999542236328,25.8700008392334,27.21999931335449,21.603759765625,718500,no_news,0.0,Not Recession,no_anomaly,0
2003-11-05,26.14999961853028,26.600000381469727,25.309999465942383,26.540000915527344,21.064069747924805,581300,no_news,0.0,Not Recession,no_anomaly,0
2003-11-04,26.309999465942383,27.1200008392334,26.01000022888184,26.270000457763672,20.849777221679688,818100,no_news,0.0,Not Recession,no_anomaly,0
2003-11-03,25.049999237060547,26.780000686645508,25.020000457763672,26.780000686645508,21.254547119140625,1082700,no_news,0.0,Not Recession,no_anomaly,0
2003-10-31,25.75,26.440000534057617,24.920000076293945,24.93000030517578,19.786252975463867,1800900,no_news,0.0,Not Recession,no_anomaly,0
2003-10-30,26.0,27.64999961853028,24.89999961853028,27.09000015258789,21.50058555603028,1841400,no_news,0.0,Not Recession,no_anomaly,0
2003-10-29,25.5,26.06999969482422,25.020000457763672,25.959999084472656,20.60373306274414,945400,no_news,0.0,Not Recession,no_anomaly,0
2003-10-28,24.18000030517578,25.82999992370605,23.920000076293945,25.770000457763672,20.452938079833984,842900,no_news,0.0,Not Recession,no_anomaly,0
2003-10-27,22.76000022888184,23.59000015258789,22.64999961853028,23.530000686645508,18.675111770629883,626200,no_news,0.0,Not Recession,no_anomaly,0
2003-10-24,23.18000030517578,23.25,22.3799991607666,22.790000915527344,18.087797164916992,694600,no_news,0.0,Not Recession,no_anomaly,0
2003-10-23,23.200000762939453,24.0,22.670000076293945,23.239999771118164,18.44495010375977,1779600,no_news,0.0,Not Recession,no_anomaly,0
2003-10-22,25.049999237060547,25.100000381469727,24.299999237060547,24.420000076293945,19.38147735595703,972200,no_news,0.0,Not Recession,no_anomaly,0
2003-10-21,23.57999992370605,25.38999938964844,23.540000915527344,25.11000061035156,19.929113388061523,861100,no_news,0.0,Not Recession,no_anomaly,0
2003-10-20,23.700000762939453,23.850000381469727,22.90999984741211,23.51000022888184,18.65924072265625,482900,no_news,0.0,Not Recession,no_anomaly,0
2003-10-17,24.309999465942383,24.5,23.350000381469727,23.75,18.849720001220703,672500,no_news,0.0,Not Recession,no_anomaly,0
2003-10-16,24.09000015258789,24.540000915527344,23.780000686645508,24.299999237060547,19.28623390197754,428700,no_news,0.0,Not Recession,no_anomaly,0
2003-10-15,24.959999084472656,25.11000061035156,24.06999969482422,24.15999984741211,19.175127029418945,674300,no_news,0.0,Not Recession,no_anomaly,0
2003-10-14,23.540000915527344,24.5,23.15999984741211,24.229999542236328,19.230682373046875,643000,no_news,0.0,Not Recession,no_anomaly,0
2003-10-13,23.200000762939453,24.0,22.61000061035156,23.64999961853028,18.770341873168945,625400,no_news,0.0,Not Recession,no_anomaly,0
2003-10-10,23.64999961853028,23.799999237060547,22.75,22.950000762939453,18.214778900146484,475100,no_news,0.0,Not Recession,no_anomaly,0
2003-10-09,24.13999938964844,24.63999938964844,23.190000534057617,23.559999465942383,18.698925018310547,878200,no_news,0.0,Not Recession,no_anomaly,0
2003-10-08,24.190000534057617,24.25,23.040000915527344,23.1299991607666,18.357637405395508,845800,no_news,0.0,Not Recession,no_anomaly,0
2003-10-07,22.729999542236328,24.40999984741211,22.559999465942383,24.200000762939453,19.206876754760746,1143500,no_news,0.0,Not Recession,no_anomaly,0
2003-10-06,23.39999961853028,24.06999969482422,23.0,23.0,18.254470825195312,838800,no_news,0.0,Not Recession,no_anomaly,0
2003-10-03,22.440000534057617,23.520000457763672,22.11000061035156,23.190000534057617,18.40526390075684,1744800,no_news,0.0,Not Recession,no_anomaly,0
2003-10-02,20.700000762939453,21.229999542236328,20.25,21.09000015258789,16.73854637145996,782100,no_news,0.0,Not Recession,no_anomaly,0
2003-10-01,20.950000762939453,21.75,20.21999931335449,20.700000762939453,16.42902183532715,1471300,no_news,0.0,Not Recession,no_anomaly,0
2003-09-30,22.0,22.06999969482422,20.82999992370605,20.89999961853028,16.587753295898438,726800,no_news,0.0,Not Recession,no_anomaly,0
2003-09-29,21.309999465942383,22.440000534057617,21.270000457763672,22.1299991607666,17.5639705657959,985000,no_news,0.0,Not Recession,no_anomaly,0
2003-09-26,21.14999961853028,22.0,20.81999969482422,20.940000534057617,16.61949920654297,719700,no_news,0.0,Not Recession,no_anomaly,0
2003-09-25,22.18000030517578,22.46999931335449,21.280000686645508,21.309999465942383,16.91316032409668,785100,no_news,0.0,Not Recession,no_anomaly,0
2003-09-24,23.84000015258789,23.8700008392334,21.8700008392334,22.100000381469727,17.5401554107666,1301000,no_news,0.0,Not Recession,no_anomaly,0
2003-09-23,23.700000762939453,24.25,23.26000022888184,23.850000381469727,18.92908477783203,992900,no_news,0.0,Not Recession,no_anomaly,0
2003-09-22,24.63999938964844,24.65999984741211,23.549999237060547,23.61000061035156,18.73860549926757,686400,no_news,0.0,Not Recession,no_anomaly,0
2003-09-19,25.1200008392334,25.59000015258789,24.700000762939453,25.07999992370605,19.905298233032227,576700,no_news,0.0,Not Recession,no_anomaly,0
2003-09-18,24.850000381469727,25.25,24.06999969482422,25.209999084472656,20.00848388671875,852500,no_news,0.0,Not Recession,no_anomaly,0
2003-09-17,25.57999992370605,26.049999237060547,25.1200008392334,25.450000762939453,20.19897079467773,491800,no_news,0.0,Not Recession,no_anomaly,0
2003-09-16,24.36000061035156,25.8700008392334,24.32999992370605,25.64999961853028,20.35769462585449,1047700,no_news,0.0,Not Recession,no_anomaly,0
2003-09-15,25.059999465942383,25.520000457763672,24.170000076293945,24.38999938964844,19.357669830322266,1067500,no_news,0.0,Not Recession,no_anomaly,0
2003-09-12,25.61000061035156,25.989999771118164,24.25,25.13999938964844,19.952924728393555,836700,no_news,0.0,Not Recession,no_anomaly,0
2003-09-11,25.959999084472656,26.020000457763672,24.01000022888184,25.709999084472656,20.40531539916992,1640900,no_news,0.0,Not Recession,no_anomaly,0
2003-09-10,26.600000381469727,26.709999084472656,25.770000457763672,25.979999542236328,20.61960792541504,963100,no_news,0.0,Not Recession,no_anomaly,0
2003-09-09,27.809999465942383,27.84000015258789,26.6200008392334,27.239999771118164,21.619638442993164,766100,no_news,0.0,Not Recession,no_anomaly,0
2003-09-08,27.229999542236328,28.100000381469727,27.18000030517578,27.68000030517578,21.96885299682617,917600,no_news,0.0,Not Recession,no_anomaly,0
2003-09-05,26.350000381469727,27.420000076293945,25.739999771118164,26.89999961853028,21.349788665771484,1076600,no_news,0.0,Not Recession,no_anomaly,0
2003-09-04,25.670000076293945,26.65999984741211,25.549999237060547,26.36000061035156,20.92120361328125,793600,no_news,0.0,Not Recession,no_anomaly,0
2003-09-03,25.290000915527344,26.350000381469727,25.290000915527344,25.600000381469727,20.318016052246094,1154200,no_news,0.0,Not Recession,no_anomaly,0
2003-09-02,24.700000762939453,25.479999542236328,24.13999938964844,25.479999542236328,20.222768783569336,1218500,no_news,0.0,Not Recession,no_anomaly,0
2003-08-29,24.600000381469727,24.89999961853028,24.40999984741211,24.450000762939453,19.405288696289062,647900,no_news,0.0,Not Recession,no_anomaly,0
2003-08-28,24.709999084472656,25.18000030517578,24.479999542236328,24.81999969482422,19.698951721191406,937800,no_news,0.0,Not Recession,no_anomaly,0
2003-08-27,23.559999465942383,24.75,23.39999961853028,24.51000022888184,19.452911376953125,1798300,no_news,0.0,Not Recession,no_anomaly,0
2003-08-26,22.850000381469727,23.46999931335449,22.68000030517578,23.38999938964844,18.56399726867676,1238600,no_news,0.0,Not Recession,no_anomaly,0
2003-08-25,23.950000762939453,23.989999771118164,23.299999237060547,23.309999465942383,18.500507354736328,959500,no_news,0.0,Not Recession,no_anomaly,0
2003-08-22,25.299999237060547,26.229999542236328,24.290000915527344,24.420000076293945,19.38147735595703,1718400,no_news,0.0,Not Recession,no_anomaly,0
2003-08-21,24.0,24.88999938964844,23.959999084472656,24.809999465942383,19.691011428833008,1070900,no_news,0.0,Not Recession,no_anomaly,0
2003-08-20,22.850000381469727,23.959999084472656,22.479999542236328,23.809999465942383,18.897340774536133,892500,no_news,0.0,Not Recession,no_anomaly,0
2003-08-19,22.739999771118164,23.21999931335449,21.68000030517578,22.93000030517578,18.198909759521484,1603100,no_news,0.0,Not Recession,no_anomaly,0
2003-08-18,20.61000061035156,22.65999984741211,20.61000061035156,22.57999992370605,17.921123504638672,844900,no_news,0.0,Not Recession,no_anomaly,0
2003-08-15,20.31999969482422,20.76000022888184,20.290000915527344,20.56999969482422,16.32583999633789,240700,no_news,0.0,Not Recession,no_anomaly,0
2003-08-14,20.5,20.959999084472656,19.57999992370605,20.299999237060547,16.111549377441406,687100,no_news,0.0,Not Recession,no_anomaly,0
2003-08-13,18.280000686645508,21.190000534057617,18.14999961853028,20.3799991607666,16.17504119873047,1881100,no_news,0.0,Not Recession,no_anomaly,0
2003-08-12,17.8799991607666,18.32999992370605,17.8799991607666,18.200000762939453,14.44484043121338,481500,no_news,0.0,Not Recession,no_anomaly,0
2003-08-11,17.549999237060547,18.049999237060547,17.389999389648438,18.0,14.286105155944824,728600,no_news,0.0,Not Recession,no_anomaly,0
2003-08-08,18.200000762939453,18.280000686645508,17.25,17.540000915527344,13.921011924743652,574900,no_news,0.0,Not Recession,no_anomaly,0
2003-08-07,18.030000686645508,18.5,17.899999618530273,18.200000762939453,14.44484043121338,362700,no_news,0.0,Not Recession,no_anomaly,0
2003-08-06,18.84000015258789,19.0,17.940000534057617,18.26000022888184,14.492459297180176,1185300,no_news,0.0,Not Recession,no_anomaly,0
2003-08-05,19.479999542236328,20.18000030517578,18.790000915527344,18.90999984741211,15.008343696594238,625000,no_news,0.0,Not Recession,no_anomaly,0
2003-08-04,19.39999961853028,19.76000022888184,18.799999237060547,19.25,15.278191566467283,637900,no_news,0.0,Not Recession,no_anomaly,0
2003-08-01,20.64999961853028,20.75,19.25,19.38999938964844,15.389312744140623,1117300,no_news,0.0,Not Recession,no_anomaly,0
2003-07-31,19.030000686645508,19.59000015258789,18.82999992370605,19.25,15.278191566467283,1171900,no_news,0.0,Not Recession,no_anomaly,0
2003-07-30,19.26000022888184,19.38999938964844,18.43000030517578,18.71999931335449,14.857542991638184,1670800,no_news,0.0,Not Recession,no_anomaly,0
2003-07-29,21.489999771118164,22.15999984741211,19.81999969482422,20.809999465942383,16.51632308959961,1642200,no_news,0.0,Not Recession,no_anomaly,0
2003-07-28,19.489999771118164,22.1200008392334,19.34000015258789,21.39999961853028,16.984588623046875,1202600,no_news,0.0,Not Recession,no_anomaly,0
2003-07-25,19.209999084472656,19.739999771118164,18.86000061035156,19.540000915527344,15.508360862731934,1512300,no_news,0.0,Not Recession,no_anomaly,0
2003-07-24,20.0,20.84000015258789,19.06999969482422,19.1200008392334,15.175016403198242,2523900,no_news,0.0,Not Recession,no_anomaly,0
2003-07-23,16.719999313354492,18.5,16.709999084472656,18.190000534057617,14.436902046203612,1467300,no_news,0.0,Not Recession,no_anomaly,0
2003-07-22,16.700000762939453,16.81999969482422,16.549999237060547,16.739999771118164,13.286073684692385,868200,no_news,0.0,Not Recession,no_anomaly,0
2003-07-21,16.549999237060547,16.850000381469727,16.25,16.40999984741211,13.024164199829102,584900,no_news,0.0,Not Recession,no_anomaly,0
2003-07-18,16.65999984741211,16.979999542236328,16.299999237060547,16.690000534057617,13.24639129638672,1064000,no_news,0.0,Not Recession,no_anomaly,0
2003-07-17,17.079999923706055,17.09000015258789,16.530000686645508,16.649999618530273,13.214643478393556,869400,no_news,0.0,Not Recession,no_anomaly,0
2003-07-16,18.25,18.799999237060547,17.09000015258789,17.5,13.889265060424805,1912500,no_news,0.0,Not Recession,no_anomaly,0
2003-07-15,17.93000030517578,18.5,17.420000076293945,17.959999084472656,14.254350662231444,1940200,no_news,0.0,Not Recession,no_anomaly,0
2003-07-14,15.869999885559082,18.780000686645508,15.84000015258789,17.68000030517578,14.03212833404541,2745100,no_news,0.0,Not Recession,no_anomaly,0
2003-07-11,15.1899995803833,15.369999885559082,14.829999923706056,15.329999923706056,12.166998863220217,553700,no_news,0.0,Not Recession,no_anomaly,0
2003-07-10,15.859999656677246,15.960000038146973,15.149999618530272,15.229999542236328,12.087628364562988,1687700,no_news,0.0,Not Recession,no_anomaly,0
2003-07-09,14.649999618530272,15.800000190734863,14.630000114440918,15.489999771118164,12.293986320495604,1893000,no_news,0.0,Not Recession,no_anomaly,0
2003-07-08,13.31999969482422,14.869999885559082,13.3100004196167,14.699999809265137,11.666982650756836,1646900,no_news,0.0,Not Recession,no_anomaly,0
2003-07-07,12.149999618530272,13.40999984741211,12.140000343322754,13.40999984741211,10.643146514892578,994300,no_news,0.0,Not Recession,no_anomaly,0
2003-07-03,12.149999618530272,12.289999961853027,11.93000030517578,12.0,9.524067878723145,312200,no_news,0.0,Not Recession,no_anomaly,0
2003-07-02,11.520000457763672,12.399999618530272,11.520000457763672,12.390000343322754,9.83360195159912,1098500,no_news,0.0,Not Recession,no_anomaly,0
2003-07-01,11.239999771118164,11.619999885559082,10.949999809265137,11.59000015258789,9.198663711547852,729500,no_news,0.0,Not Recession,no_anomaly,0
2003-06-30,11.550000190734863,11.649999618530272,11.270000457763672,11.34000015258789,9.000245094299316,543100,no_news,0.0,Not Recession,no_anomaly,0
2003-06-27,11.300000190734863,11.869999885559082,11.300000190734863,11.40999984741211,9.055801391601562,333500,no_news,0.0,Not Recession,no_anomaly,0
2003-06-26,10.920000076293944,11.550000190734863,10.84000015258789,11.350000381469728,9.008180618286133,524300,no_news,0.0,Not Recession,no_anomaly,0
2003-06-25,10.699999809265137,11.050000190734863,10.600000381469728,10.850000381469728,8.611345291137695,421700,no_news,0.0,Not Recession,no_anomaly,0
2003-06-24,10.800000190734863,10.989999771118164,10.5600004196167,10.68000030517578,8.476422309875488,217900,no_news,0.0,Not Recession,no_anomaly,0
2003-06-23,11.050000190734863,11.149999618530272,10.760000228881836,10.800000190734863,8.571661949157715,535600,no_news,0.0,Not Recession,no_anomaly,0
2003-06-20,11.5,11.609999656677246,10.989999771118164,11.140000343322754,8.841512680053711,489100,no_news,0.0,Not Recession,no_anomaly,0
2003-06-19,11.59000015258789,11.960000038146973,11.399999618530272,11.460000038146973,9.095484733581545,1060200,no_news,0.0,Not Recession,no_anomaly,0
2003-06-18,10.970000267028809,11.59000015258789,10.829999923706056,11.539999961853027,9.158979415893556,556900,no_news,0.0,Not Recession,no_anomaly,0
2003-06-17,10.850000381469728,11.050000190734863,10.640000343322754,11.050000190734863,8.7700777053833,492400,no_news,0.0,Not Recession,no_anomaly,0
2003-06-16,10.8100004196167,11.050000190734863,10.5600004196167,10.800000190734863,8.571661949157715,757800,no_news,0.0,Not Recession,no_anomaly,0
2003-06-13,11.149999618530272,11.579999923706056,10.710000038146973,10.800000190734863,8.571661949157715,656900,no_news,0.0,Not Recession,no_anomaly,0
2003-06-12,10.949999809265137,11.5,10.949999809265137,11.34000015258789,9.000245094299316,598000,no_news,0.0,Not Recession,no_anomaly,0
2003-06-11,11.1899995803833,11.199999809265137,10.670000076293944,11.029999732971191,8.754205703735352,720000,no_news,0.0,Not Recession,no_anomaly,0
2003-06-10,11.470000267028809,11.5,10.890000343322754,11.229999542236328,8.912941932678223,1437100,no_news,0.0,Not Recession,no_anomaly,0
2003-06-09,12.489999771118164,12.5,11.449999809265137,11.59000015258789,9.198663711547852,613700,no_news,0.0,Not Recession,no_anomaly,0
2003-06-06,13.0600004196167,13.350000381469728,12.119999885559082,12.479999542236328,9.905030250549316,954500,no_news,0.0,Not Recession,no_anomaly,0
2003-06-05,12.520000457763672,12.850000381469728,12.25,12.65999984741211,10.047893524169922,1436800,no_news,0.0,Not Recession,no_anomaly,0
2003-06-04,11.960000038146973,12.630000114440918,11.829999923706056,12.539999961853027,9.952649116516112,806800,no_news,0.0,Not Recession,no_anomaly,0
2003-06-03,11.75,12.09000015258789,11.470000267028809,11.880000114440918,9.428828239440918,732000,no_news,0.0,Not Recession,no_anomaly,0
2003-06-02,12.0,12.220000267028809,11.760000228881836,11.829999923706056,9.389142990112305,924800,no_news,0.0,Not Recession,no_anomaly,0
2003-05-30,11.31999969482422,11.920000076293944,11.279999732971191,11.899999618530272,9.4447021484375,970300,no_news,0.0,Not Recession,no_anomaly,0
2003-05-29,10.600000381469728,11.289999961853027,10.600000381469728,11.18000030517578,8.873258590698242,584200,no_news,0.0,Not Recession,no_anomaly,0
2003-05-28,10.789999961853027,11.079999923706056,10.579999923706056,10.65999984741211,8.46054744720459,634100,no_news,0.0,Not Recession,no_anomaly,0
2003-05-27,9.949999809265137,10.779999732971191,9.869999885559082,10.670000076293944,8.468483924865723,688500,no_news,0.0,Not Recession,no_anomaly,0
2003-05-23,10.100000381469728,10.100000381469728,9.90999984741211,9.949999809265137,7.897041320800781,278100,no_news,0.0,Not Recession,no_anomaly,0
2003-05-22,9.90999984741211,10.199999809265137,9.90999984741211,10.079999923706056,8.000216484069824,346000,no_news,0.0,Not Recession,no_anomaly,0
2003-05-21,9.850000381469728,10.039999961853027,9.739999771118164,9.899999618530272,7.857353687286377,425600,no_news,0.0,Not Recession,no_anomaly,0
2003-05-20,9.789999961853027,10.0600004196167,9.710000038146973,9.890000343322754,7.849420547485352,716400,no_news,0.0,Not Recession,no_anomaly,0
2003-05-19,9.93000030517578,10.199999809265137,9.710000038146973,9.75,7.738304615020752,1079500,no_news,0.0,Not Recession,no_anomaly,0
2003-05-16,10.130000114440918,10.369999885559082,9.899999618530272,10.149999618530272,8.055774688720703,1129300,no_news,0.0,Not Recession,no_anomaly,0
2003-05-15,10.170000076293944,10.229999542236328,10.020000457763672,10.1899995803833,8.087520599365234,445300,no_news,0.0,Not Recession,no_anomaly,0
2003-05-14,10.0600004196167,10.420000076293944,9.880000114440918,10.15999984741211,8.063711166381836,474500,no_news,0.0,Not Recession,no_anomaly,0
2003-05-13,10.170000076293944,10.300000190734863,10.0,10.0600004196167,7.984345436096191,510100,no_news,0.0,Not Recession,no_anomaly,0
2003-05-12,9.359999656677246,10.470000267028809,9.300000190734863,10.260000228881836,8.143077850341797,1020000,no_news,0.0,Not Recession,no_anomaly,0
2003-05-09,9.149999618530272,9.390000343322754,9.079999923706056,9.369999885559082,7.436709880828857,482300,no_news,0.0,Not Recession,no_anomaly,0
2003-05-08,9.100000381469728,9.239999771118164,8.880000114440918,8.9399995803833,7.095429420471191,730400,no_news,0.0,Not Recession,no_anomaly,0
2003-05-07,9.1899995803833,9.649999618530272,9.029999732971191,9.1899995803833,7.293847560882568,1151200,no_news,0.0,Not Recession,no_anomaly,0
2003-05-06,8.680000305175781,9.399999618530272,8.569999694824219,9.149999618530272,7.2621026039123535,1119900,no_news,0.0,Not Recession,no_anomaly,0
2003-05-05,8.550000190734863,8.890000343322754,8.359999656677246,8.569999694824219,6.801772117614746,1130800,no_news,0.0,Not Recession,no_anomaly,0
2003-05-02,8.34000015258789,8.699999809265137,8.3100004196167,8.5,6.746214866638184,780500,no_news,0.0,Not Recession,no_anomaly,0
2003-05-01,8.479999542236328,8.539999961853027,8.260000228881836,8.390000343322754,6.65891170501709,696900,no_news,0.0,Not Recession,no_anomaly,0
2003-04-30,8.739999771118164,8.739999771118164,8.399999618530273,8.470000267028809,6.722406387329102,862300,no_news,0.0,Not Recession,no_anomaly,0
2003-04-29,8.8100004196167,9.050000190734863,8.680000305175781,8.699999809265137,6.9049506187438965,375600,no_news,0.0,Not Recession,no_anomaly,0
2003-04-28,8.670000076293945,9.029999732971191,8.65999984741211,8.760000228881836,6.952570915222168,544600,no_news,0.0,Not Recession,no_anomaly,0
2003-04-25,9.0,9.029999732971191,8.699999809265137,8.710000038146973,6.912887096405029,926500,no_news,0.0,Not Recession,no_anomaly,0
2003-04-24,8.9399995803833,9.140000343322754,8.6899995803833,9.0,7.143052577972412,654600,no_news,0.0,Not Recession,no_anomaly,0
2003-04-23,9.050000190734863,9.15999984741211,8.920000076293945,9.0,7.143052577972412,700100,no_news,0.0,Not Recession,no_anomaly,0
2003-04-22,8.569999694824219,9.029999732971191,8.390000343322754,9.029999732971191,7.166860580444336,498100,no_news,0.0,Not Recession,no_anomaly,0
2003-04-21,8.829999923706055,9.100000381469728,8.680000305175781,8.75,6.944632530212402,636300,no_news,0.0,Not Recession,no_anomaly,0
2003-04-17,8.210000038146973,9.020000457763672,8.149999618530273,8.90999984741211,7.071621417999268,738400,no_news,0.0,Not Recession,no_anomaly,0
2003-04-16,8.029999732971191,8.470000267028809,8.0,8.109999656677246,6.436680793762207,1117700,no_news,0.0,Not Recession,no_anomaly,0
2003-04-15,7.769999980926514,8.180000305175781,7.5,7.960000038146973,6.317633152008057,984600,no_news,0.0,Not Recession,no_anomaly,0
2003-04-14,7.590000152587891,7.889999866485596,7.550000190734863,7.800000190734863,6.190645217895508,965700,no_news,0.0,Not Recession,no_anomaly,0
2003-04-11,7.920000076293945,8.079999923706055,7.590000152587891,7.590000152587891,6.0239739418029785,979200,no_news,0.0,Not Recession,no_anomaly,0
2003-04-10,8.279999732971191,8.300000190734863,7.889999866485596,7.909999847412109,6.277947902679443,1000300,no_news,0.0,Not Recession,no_anomaly,0
2003-04-09,8.460000038146973,8.699999809265137,8.039999961853027,8.260000228881836,6.5557355880737305,1423500,no_news,0.0,Not Recession,no_anomaly,0
2003-04-08,9.300000190734863,9.300000190734863,8.390000343322754,8.449999809265137,6.706531047821045,1300400,no_news,0.0,Not Recession,no_anomaly,0
2003-04-07,9.359999656677246,9.670000076293944,9.18000030517578,9.25,7.341470241546631,428900,no_news,0.0,Not Recession,no_anomaly,0
2003-04-04,9.359999656677246,9.5,9.039999961853027,9.0600004196167,7.190671443939209,244000,no_news,0.0,Not Recession,no_anomaly,0
2003-04-03,9.899999618530272,9.949999809265137,9.3100004196167,9.31999969482422,7.397027015686035,581400,no_news,0.0,Not Recession,no_anomaly,0
2003-04-02,9.729999542236328,10.010000228881836,9.710000038146973,9.899999618530272,7.857353687286377,1070800,no_news,0.0,Not Recession,no_anomaly,0
2003-04-01,9.65999984741211,9.829999923706056,9.56999969482422,9.649999618530272,7.658937931060791,222100,no_news,0.0,Not Recession,no_anomaly,0
2003-03-31,9.9399995803833,9.9399995803833,9.25,9.670000076293944,7.67481517791748,603100,no_news,0.0,Not Recession,no_anomaly,0
2003-03-28,10.0600004196167,10.199999809265137,9.800000190734863,9.970000267028809,7.912914752960205,244100,no_news,0.0,Not Recession,no_anomaly,0
2003-03-27,9.800000190734863,10.15999984741211,9.619999885559082,10.130000114440918,8.03990364074707,398400,no_news,0.0,Not Recession,no_anomaly,0
2003-03-26,10.239999771118164,10.550000190734863,9.850000381469728,9.9399995803833,7.889101982116699,344100,no_news,0.0,Not Recession,no_anomaly,0
2003-03-25,10.1899995803833,10.369999885559082,10.020000457763672,10.329999923706056,8.198634147644043,295700,no_news,0.0,Not Recession,no_anomaly,0
2003-03-24,10.18000030517578,10.390000343322754,10.06999969482422,10.25,8.135140419006348,686000,no_news,0.0,Not Recession,no_anomaly,0
2003-03-21,10.289999961853027,10.449999809265137,10.0,10.4399995803833,8.28593921661377,311200,no_news,0.0,Not Recession,no_anomaly,0
2003-03-20,9.8100004196167,10.119999885559082,9.729999542236328,10.050000190734863,7.976406574249268,658100,no_news,0.0,Not Recession,no_anomaly,0
2003-03-19,9.989999771118164,10.0,9.800000190734863,9.880000114440918,7.841482639312744,597500,no_news,0.0,Not Recession,no_anomaly,0
2003-03-18,9.899999618530272,9.989999771118164,9.65999984741211,9.970000267028809,7.912914752960205,362200,no_news,0.0,Not Recession,no_anomaly,0
2003-03-17,9.1899995803833,9.880000114440918,9.109999656677246,9.850000381469728,7.817673206329346,405200,no_news,0.0,Not Recession,no_anomaly,0
2003-03-14,9.640000343322754,9.779999732971191,9.25,9.289999961853027,7.373215675354004,446800,no_news,0.0,Not Recession,no_anomaly,0
2003-03-13,9.09000015258789,9.449999809265137,9.0,9.4399995803833,7.49226713180542,332800,no_news,0.0,Not Recession,no_anomaly,0
2003-03-12,8.90999984741211,9.050000190734863,8.859999656677246,8.899999618530273,7.063683986663818,230600,no_news,0.0,Not Recession,no_anomaly,0
2003-03-11,8.699999809265137,9.06999969482422,8.619999885559082,8.960000038146973,7.111302852630615,342100,no_news,0.0,Not Recession,no_anomaly,0
2003-03-10,8.9399995803833,9.039999961853027,8.6899995803833,8.760000228881836,6.952570915222168,476800,no_news,0.0,Not Recession,no_anomaly,0
2003-03-07,9.210000038146973,9.220000267028809,8.789999961853027,9.0,7.143052577972412,776400,no_news,0.0,Not Recession,no_anomaly,0
2003-03-06,9.59000015258789,9.59000015258789,9.149999618530272,9.31999969482422,7.397027015686035,382200,no_news,0.0,Not Recession,no_anomaly,0
2003-03-05,9.479999542236328,9.739999771118164,9.43000030517578,9.600000381469728,7.619256496429443,491700,no_news,0.0,Not Recession,no_anomaly,0
2003-03-04,9.6899995803833,9.90999984741211,9.420000076293944,9.470000267028809,7.516077995300293,494200,no_news,0.0,Not Recession,no_anomaly,0
2003-03-03,10.229999542236328,10.43000030517578,9.670000076293944,9.710000038146973,7.706558704376221,519900,no_news,0.0,Not Recession,no_anomaly,0
2003-02-28,10.15999984741211,10.300000190734863,9.979999542236328,10.119999885559082,8.031962394714355,709500,no_news,0.0,Not Recession,no_anomaly,0
2003-02-27,10.100000381469728,10.1899995803833,9.630000114440918,10.09000015258789,8.008153915405273,1045900,no_news,0.0,Not Recession,no_anomaly,0
2003-02-26,10.59000015258789,10.609999656677246,9.93000030517578,10.0,7.936727523803711,477200,no_news,0.0,Not Recession,no_anomaly,0
2003-02-25,10.329999923706056,10.6899995803833,10.020000457763672,10.619999885559082,8.428802490234375,257700,no_news,0.0,Not Recession,no_anomaly,0
2003-02-24,10.649999618530272,10.859999656677246,10.420000076293944,10.4399995803833,8.28593921661377,323300,no_news,0.0,Not Recession,no_anomaly,0
2003-02-21,10.760000228881836,10.8100004196167,10.460000038146973,10.710000038146973,8.50023078918457,237100,no_news,0.0,Not Recession,no_anomaly,0
2003-02-20,10.899999618530272,11.0,10.729999542236328,10.779999732971191,8.55578899383545,246900,no_news,0.0,Not Recession,no_anomaly,0
2003-02-19,11.130000114440918,11.220000267028809,10.739999771118164,10.779999732971191,8.55578899383545,380100,no_news,0.0,Not Recession,no_anomaly,0
2003-02-18,10.5600004196167,11.199999809265137,10.5,11.029999732971191,8.754205703735352,660600,no_news,0.0,Not Recession,no_anomaly,0
2003-02-14,10.0600004196167,10.56999969482422,10.0600004196167,10.5,8.3335599899292,583400,no_news,0.0,Not Recession,no_anomaly,0
2003-02-13,10.039999961853027,10.09000015258789,9.850000381469728,9.989999771118164,7.9287848472595215,337000,no_news,0.0,Not Recession,no_anomaly,0
2003-02-12,9.989999771118164,10.170000076293944,9.890000343322754,9.899999618530272,7.857353687286377,359300,no_news,0.0,Not Recession,no_anomaly,0
2003-02-11,10.020000457763672,10.260000228881836,9.93000030517578,9.93000030517578,7.881165504455566,788900,no_news,0.0,Not Recession,no_anomaly,0
2003-02-10,9.75,10.130000114440918,9.550000190734863,10.0,7.936727523803711,569400,no_news,0.0,Not Recession,no_anomaly,0
2003-02-07,10.279999732971191,10.449999809265137,9.6899995803833,9.6899995803833,7.690686702728271,357700,no_news,0.0,Not Recession,no_anomaly,0
2003-02-06,9.949999809265137,10.149999618530272,9.800000190734863,10.0,7.936727523803711,383500,no_news,0.0,Not Recession,no_anomaly,0
2003-02-05,10.300000190734863,10.399999618530272,9.800000190734863,9.859999656677246,7.825606346130371,577700,no_news,0.0,Not Recession,no_anomaly,0
2003-02-04,10.239999771118164,10.279999732971191,9.800000190734863,10.279999732971191,8.158950805664062,545700,no_news,0.0,Not Recession,no_anomaly,0
2003-02-03,10.59000015258789,10.699999809265137,10.210000038146973,10.210000038146973,8.103394508361816,1030000,no_news,0.0,Not Recession,no_anomaly,0
2003-01-31,10.289999961853027,10.550000190734863,9.920000076293944,10.5,8.3335599899292,1088800,no_news,0.0,Not Recession,no_anomaly,0
2003-01-30,11.539999961853027,11.550000190734863,10.5,10.520000457763672,8.349431991577148,545000,no_news,0.0,Not Recession,no_anomaly,0
2003-01-29,11.199999809265137,11.579999923706056,10.970000267028809,11.529999732971191,9.151041984558104,553200,no_news,0.0,Not Recession,no_anomaly,0
2003-01-28,11.239999771118164,11.329999923706056,10.960000038146973,11.210000038146973,8.897065162658691,620300,no_news,0.0,Not Recession,no_anomaly,0
2003-01-27,11.130000114440918,11.420000076293944,10.880000114440918,11.149999618530272,8.84945011138916,627000,no_news,0.0,Not Recession,no_anomaly,0
2003-01-24,11.399999618530272,11.6899995803833,11.199999809265137,11.350000381469728,9.008180618286133,1345600,no_news,0.0,Not Recession,no_anomaly,0
2003-01-23,11.199999809265137,11.949999809265137,11.079999923706056,11.34000015258789,9.000245094299316,987900,no_news,0.0,Not Recession,no_anomaly,0
2003-01-22,11.109999656677246,11.539999961853027,10.90999984741211,11.039999961853027,8.7621431350708,463400,no_news,0.0,Not Recession,no_anomaly,0
2003-01-21,11.5600004196167,11.829999923706056,10.90999984741211,11.109999656677246,8.817700386047363,1020200,no_news,0.0,Not Recession,no_anomaly,0
2003-01-17,11.6899995803833,11.699999809265137,11.149999618530272,11.489999771118164,9.119296073913574,635300,no_news,0.0,Not Recession,no_anomaly,0
2003-01-16,12.470000267028809,12.59000015258789,11.850000381469728,11.880000114440918,9.428828239440918,888000,no_news,0.0,Not Recession,no_anomaly,0
2003-01-15,12.970000267028809,13.079999923706056,12.0,12.420000076293944,9.857412338256836,1119800,no_news,0.0,Not Recession,no_anomaly,0
2003-01-14,12.760000228881836,13.09000015258789,12.670000076293944,12.9399995803833,10.270122528076172,389200,no_news,0.0,Not Recession,no_anomaly,0
2003-01-13,13.0600004196167,13.489999771118164,12.75,12.8100004196167,10.166943550109863,731600,no_news,0.0,Not Recession,no_anomaly,0
2003-01-10,12.729999542236328,13.779999732971191,12.630000114440918,12.960000038146973,10.28599452972412,861300,no_news,0.0,Not Recession,no_anomaly,0
2003-01-09,12.800000190734863,13.289999961853027,12.630000114440918,12.960000038146973,10.28599452972412,743700,no_news,0.0,Not Recession,no_anomaly,0
2003-01-08,13.380000114440918,13.399999618530272,12.529999732971191,12.619999885559082,10.016143798828123,527000,no_news,0.0,Not Recession,no_anomaly,0
2003-01-07,13.5,13.779999732971191,13.09000015258789,13.399999618530272,10.635210990905762,766000,no_news,0.0,Not Recession,no_anomaly,0
2003-01-06,12.43000030517578,13.729999542236328,12.43000030517578,13.43000030517578,10.659022331237791,735000,no_news,0.0,Not Recession,no_anomaly,0
2003-01-03,12.470000267028809,12.770000457763672,12.300000190734863,12.390000343322754,9.83360195159912,505400,no_news,0.0,Not Recession,no_anomaly,0
2003-01-02,11.600000381469728,12.479999542236328,11.520000457763672,12.449999809265137,9.881220817565918,700500,no_news,0.0,Not Recession,no_anomaly,0
2002-12-31,11.270000457763672,11.699999809265137,11.270000457763672,11.460000038146973,9.095484733581545,469500,no_news,0.0,Not Recession,no_anomaly,0
2002-12-30,11.460000038146973,11.630000114440918,11.029999732971191,11.239999771118164,8.920877456665039,479700,no_news,0.0,Not Recession,no_anomaly,0
2002-12-27,11.479999542236328,11.609999656677246,11.220000267028809,11.350000381469728,9.008180618286133,281500,no_news,0.0,Not Recession,no_anomaly,0
2002-12-26,11.350000381469728,11.779999732971191,11.31999969482422,11.470000267028809,9.103422164916992,427000,no_news,0.0,Not Recession,no_anomaly,0
2002-12-24,11.420000076293944,11.510000228881836,11.239999771118164,11.25,8.928811073303223,132900,no_news,0.0,Not Recession,no_anomaly,0
2002-12-23,10.899999618530272,11.510000228881836,10.899999618530272,11.40999984741211,9.055801391601562,317200,no_news,0.0,Not Recession,no_anomaly,0
2002-12-20,10.920000076293944,11.550000190734863,10.8100004196167,10.90999984741211,8.658966064453125,862600,no_news,0.0,Not Recession,no_anomaly,0
2002-12-19,11.050000190734863,11.399999618530272,10.880000114440918,11.029999732971191,8.754205703735352,839900,no_news,0.0,Not Recession,no_anomaly,0
2002-12-18,11.5,11.510000228881836,11.010000228881836,11.109999656677246,8.817700386047363,684200,no_news,0.0,Not Recession,no_anomaly,0
2002-12-17,12.039999961853027,12.18000030517578,11.59000015258789,11.710000038146973,9.293904304504396,1150900,no_news,0.0,Not Recession,no_anomaly,0
2002-12-16,11.479999542236328,12.25,11.34000015258789,11.979999542236328,9.508195877075195,836300,no_news,0.0,Not Recession,no_anomaly,0
2002-12-13,11.5,11.81999969482422,10.850000381469728,11.470000267028809,9.103422164916992,1492100,no_news,0.0,Not Recession,no_anomaly,0
2002-12-12,12.119999885559082,12.5,11.8100004196167,11.9399995803833,9.476448059082031,639000,no_news,0.0,Not Recession,no_anomaly,0
2002-12-11,11.949999809265137,12.489999771118164,11.760000228881836,11.90999984741211,9.45263957977295,364000,no_news,0.0,Not Recession,no_anomaly,0
2002-12-10,11.600000381469728,12.399999618530272,11.369999885559082,12.229999542236328,9.706613540649414,824200,no_news,0.0,Not Recession,no_anomaly,0
2002-12-09,12.949999809265137,12.960000038146973,11.300000190734863,11.460000038146973,9.095484733581545,1149800,no_news,0.0,Not Recession,no_anomaly,0
2002-12-06,12.6899995803833,13.260000228881836,12.619999885559082,13.0600004196167,10.365363121032717,398800,no_news,0.0,Not Recession,no_anomaly,0
2002-12-05,13.239999771118164,13.850000381469728,12.850000381469728,13.020000457763672,10.33361530303955,657800,no_news,0.0,Not Recession,no_anomaly,0
2002-12-04,13.880000114440918,13.899999618530272,12.84000015258789,13.119999885559082,10.412982940673828,852200,no_news,0.0,Not Recession,no_anomaly,0
2002-12-03,14.670000076293944,14.670000076293944,13.949999809265137,13.949999809265137,11.071727752685549,663600,no_news,0.0,Not Recession,no_anomaly,0
2002-12-02,15.050000190734863,15.93000030517578,14.619999885559082,15.0,11.905085563659668,1020000,no_news,0.0,Not Recession,no_anomaly,0
2002-11-29,14.800000190734863,14.949999809265137,14.390000343322754,14.4399995803833,11.4606294631958,388200,no_news,0.0,Not Recession,no_anomaly,0
2002-11-27,13.140000343322754,14.789999961853027,13.119999885559082,14.75,11.706666946411133,993500,no_news,0.0,Not Recession,no_anomaly,0
2002-11-26,13.649999618530272,13.859999656677246,12.949999809265137,12.970000267028809,10.293930053710938,708500,no_news,0.0,Not Recession,no_anomaly,0
2002-11-25,13.149999618530272,14.300000190734863,12.949999809265137,13.699999809265137,10.873311042785645,641500,no_news,0.0,Not Recession,no_anomaly,0
2002-11-22,13.199999809265137,13.43000030517578,12.770000457763672,13.020000457763672,10.33361530303955,1711500,no_news,0.0,Not Recession,no_anomaly,0
2002-11-21,14.300000190734863,15.75,13.65999984741211,13.6899995803833,10.865376472473145,2674200,no_news,0.0,Not Recession,no_anomaly,0
2002-11-20,12.550000190734863,14.260000228881836,12.420000076293944,13.6899995803833,10.865376472473145,1500300,no_news,0.0,Not Recession,no_anomaly,0
2002-11-19,13.210000038146973,13.329999923706056,12.449999809265137,12.479999542236328,9.905030250549316,818100,no_news,0.0,Not Recession,no_anomaly,0
2002-11-18,13.670000076293944,14.279999732971191,13.260000228881836,13.279999732971191,10.53996753692627,698400,no_news,0.0,Not Recession,no_anomaly,0
2002-11-15,13.300000190734863,13.520000457763672,12.8100004196167,13.460000038146973,10.68282985687256,495300,no_news,0.0,Not Recession,no_anomaly,0
2002-11-14,12.5,13.329999923706056,12.170000076293944,13.260000228881836,10.52409553527832,870500,no_news,0.0,Not Recession,no_anomaly,0
2002-11-13,13.100000381469728,13.130000114440918,11.949999809265137,12.43000030517578,9.865347862243652,1671300,no_news,0.0,Not Recession,no_anomaly,0
2002-11-12,13.350000381469728,13.75,13.029999732971191,13.3100004196167,10.563779830932615,970800,no_news,0.0,Not Recession,no_anomaly,0
2002-11-11,14.039999961853027,14.220000267028809,13.0,13.220000267028809,10.492349624633787,407400,no_news,0.0,Not Recession,no_anomaly,0
2002-11-08,14.649999618530272,15.0,14.079999923706056,14.460000038146973,11.476502418518066,564800,no_news,0.0,Not Recession,no_anomaly,0
2002-11-07,15.449999809265137,15.449999809265137,14.640000343322754,14.68000030517578,11.65111255645752,624800,no_news,0.0,Not Recession,no_anomaly,0
2002-11-06,14.579999923706056,15.869999885559082,14.510000228881836,15.800000190734863,12.540024757385254,1267900,no_news,0.0,Not Recession,no_anomaly,0
2002-11-05,14.5600004196167,14.779999732971191,14.359999656677246,14.489999771118164,11.500313758850098,1119100,no_news,0.0,Not Recession,no_anomaly,0
2002-11-04,14.800000190734863,15.84000015258789,14.539999961853027,14.600000381469728,11.587615966796877,1263900,no_news,0.0,Not Recession,no_anomaly,0
2002-11-01,14.829999923706056,15.149999618530272,14.109999656677246,14.4399995803833,11.4606294631958,1573800,no_news,0.0,Not Recession,no_anomaly,0
2002-10-31,15.210000038146973,16.1299991607666,15.09000015258789,15.289999961853027,12.135247230529783,901900,no_news,0.0,Not Recession,no_anomaly,0
2002-10-30,14.510000228881836,15.529999732971191,14.300000190734863,15.09000015258789,11.976516723632812,601200,no_news,0.0,Not Recession,no_anomaly,0
2002-10-29,14.25,14.489999771118164,13.869999885559082,14.380000114440918,11.413009643554688,613900,no_news,0.0,Not Recession,no_anomaly,0
2002-10-28,14.25,15.079999923706056,14.149999618530272,14.40999984741211,11.436816215515137,553300,no_news,0.0,Not Recession,no_anomaly,0
2002-10-25,13.25,14.199999809265137,13.199999809265137,14.079999923706056,11.174903869628906,727700,no_news,0.0,Not Recession,no_anomaly,0
2002-10-24,13.260000228881836,14.25,13.100000381469728,13.3100004196167,10.563779830932615,913700,no_news,0.0,Not Recession,no_anomaly,0
2002-10-23,11.979999542236328,13.460000038146973,11.359999656677246,13.25,10.516161918640137,827500,no_news,0.0,Not Recession,no_anomaly,0
2002-10-22,12.289999961853027,12.739999771118164,11.65999984741211,12.06999969482422,9.579623222351074,799600,no_news,0.0,Not Recession,no_anomaly,0
2002-10-21,11.93000030517578,12.800000190734863,11.520000457763672,12.65999984741211,10.047893524169922,774400,no_news,0.0,Not Recession,no_anomaly,0
2002-10-18,11.829999923706056,12.229999542236328,11.600000381469728,11.960000038146973,9.492323875427246,358700,no_news,0.0,Not Recession,no_anomaly,0
2002-10-17,11.960000038146973,12.15999984741211,11.600000381469728,11.869999885559082,9.420890808105469,862800,no_news,0.0,Not Recession,no_anomaly,0
2002-10-16,11.390000343322754,11.43000030517578,10.710000038146973,10.859999656677246,8.619282722473145,762300,no_news,0.0,Not Recession,no_anomaly,0
2002-10-15,10.649999618530272,12.0600004196167,10.640000343322754,11.949999809265137,9.484386444091797,1015300,no_news,0.0,Not Recession,no_anomaly,0
2002-10-14,9.970000267028809,10.59000015258789,9.710000038146973,10.460000038146973,8.301813125610352,400100,no_news,0.0,Not Recession,no_anomaly,0
2002-10-11,9.510000228881836,10.170000076293944,9.510000228881836,10.06999969482422,7.992280006408691,743900,no_news,0.0,Not Recession,no_anomaly,0
2002-10-10,8.970000267028809,9.649999618530272,8.75,9.420000076293944,7.476394653320312,769200,no_news,0.0,Not Recession,no_anomaly,0
2002-10-09,9.869999885559082,9.899999618530272,8.859999656677246,8.949999809265137,7.103368759155273,1227500,no_news,0.0,Not Recession,no_anomaly,0
2002-10-08,10.619999885559082,10.710000038146973,9.5600004196167,9.890000343322754,7.849420547485352,517600,no_news,0.0,Not Recession,no_anomaly,0
2002-10-07,10.93000030517578,11.119999885559082,10.300000190734863,10.390000343322754,8.246258735656738,458300,no_news,0.0,Not Recession,no_anomaly,0
2002-10-04,11.199999809265137,11.449999809265137,10.720000267028809,10.979999542236328,8.714523315429688,569400,no_news,0.0,Not Recession,no_anomaly,0
2002-10-03,11.5,11.550000190734863,10.949999809265137,11.119999885559082,8.825636863708496,670100,no_news,0.0,Not Recession,no_anomaly,0
2002-10-02,11.850000381469728,12.5,11.390000343322754,11.510000228881836,9.135168075561523,643200,no_news,0.0,Not Recession,no_anomaly,0
2002-10-01,11.5,12.020000457763672,10.949999809265137,11.970000267028809,9.50025749206543,451400,no_news,0.0,Not Recession,no_anomaly,0
2002-09-30,11.880000114440918,12.050000190734863,10.960000038146973,11.449999809265137,9.087546348571776,682000,no_news,0.0,Not Recession,no_anomaly,0
2002-09-27,11.579999923706056,12.140000343322754,11.0,11.93000030517578,9.468512535095217,926600,no_news,0.0,Not Recession,no_anomaly,0
2002-09-26,12.40999984741211,12.579999923706056,11.579999923706056,11.6899995803833,9.278029441833496,841500,no_news,0.0,Not Recession,no_anomaly,0
2002-09-25,11.850000381469728,12.579999923706056,10.699999809265137,12.350000381469728,9.80185604095459,551600,no_news,0.0,Not Recession,no_anomaly,0
2002-09-24,11.010000228881836,11.81999969482422,10.300000190734863,11.619999885559082,9.222475051879885,1140400,no_news,0.0,Not Recession,no_anomaly,0
2002-09-23,12.399999618530272,12.40999984741211,11.220000267028809,11.220000267028809,8.90500545501709,1341000,no_news,0.0,Not Recession,no_anomaly,0
2002-09-20,13.630000114440918,13.65999984741211,12.449999809265137,12.649999618530272,10.039956092834473,849400,no_news,0.0,Not Recession,no_anomaly,0
2002-09-19,14.0,14.0,13.239999771118164,13.34000015258789,10.587589263916016,573200,no_news,0.0,Not Recession,no_anomaly,0
2002-09-18,14.5,14.579999923706056,13.850000381469728,14.15999984741211,11.23840045928955,556800,no_news,0.0,Not Recession,no_anomaly,0
2002-09-17,15.65999984741211,15.869999885559082,14.550000190734863,14.550000190734863,11.547934532165527,771900,no_news,0.0,Not Recession,no_anomaly,0
2002-09-16,15.949999809265137,15.949999809265137,15.050000190734863,15.15999984741211,12.03207302093506,419300,no_news,0.0,Not Recession,no_anomaly,0
2002-09-13,15.960000038146973,16.110000610351562,15.59000015258789,16.049999237060547,12.738443374633787,499500,no_news,0.0,Not Recession,no_anomaly,0
2002-09-12,17.350000381469727,17.350000381469727,16.06999969482422,16.06999969482422,12.754311561584473,295600,no_news,0.0,Not Recession,no_anomaly,0
2002-09-11,17.540000915527344,18.600000381469727,17.329999923706055,17.420000076293945,13.82577419281006,469000,no_news,0.0,Not Recession,no_anomaly,0
2002-09-10,16.90999984741211,17.5,16.700000762939453,17.5,13.889265060424805,689900,no_news,0.0,Not Recession,no_anomaly,0
2002-09-09,17.139999389648438,17.139999389648438,15.960000038146973,16.690000534057617,13.24639129638672,660700,no_news,0.0,Not Recession,no_anomaly,0
2002-09-06,16.0,17.450000762939453,16.0,17.25,13.690850257873535,498900,no_news,0.0,Not Recession,no_anomaly,0
2002-09-05,16.34000015258789,16.399999618530273,15.399999618530272,15.760000228881836,12.508278846740724,518200,no_news,0.0,Not Recession,no_anomaly,0
2002-09-04,16.479999542236328,16.690000534057617,15.850000381469728,16.690000534057617,13.24639129638672,863000,no_news,0.0,Not Recession,no_anomaly,0
2002-09-03,16.850000381469727,16.979999542236328,16.31999969482422,16.510000228881836,13.10353183746338,500900,no_news,0.0,Not Recession,no_anomaly,0
2002-08-30,17.0,17.489999771118164,16.850000381469727,17.100000381469727,13.57179832458496,447000,no_news,0.0,Not Recession,no_anomaly,0
2002-08-29,17.360000610351562,17.6299991607666,16.56999969482422,17.25,13.690850257873535,588700,no_news,0.0,Not Recession,no_anomaly,0
2002-08-28,18.280000686645508,18.3799991607666,17.31999969482422,17.469999313354492,13.865456581115724,599200,no_news,0.0,Not Recession,no_anomaly,0
2002-08-27,19.6299991607666,19.700000762939453,18.299999237060547,18.299999237060547,14.524205207824709,806200,no_news,0.0,Not Recession,no_anomaly,0
2002-08-26,19.89999961853028,20.07999992370605,18.600000381469727,19.64999961853028,15.595660209655762,782500,no_news,0.0,Not Recession,no_anomaly,0
2002-08-23,22.65999984741211,22.65999984741211,19.459999084472656,19.56999969482422,15.532170295715332,1182800,no_news,0.0,Not Recession,no_anomaly,0
2002-08-22,23.020000457763672,23.799999237060547,22.75,23.309999465942383,18.500507354736328,397400,no_news,0.0,Not Recession,no_anomaly,0
2002-08-21,21.700000762939453,23.229999542236328,21.600000381469727,23.15999984741211,18.381452560424805,555100,no_news,0.0,Not Recession,no_anomaly,0
2002-08-20,22.8700008392334,22.89999961853028,21.25,21.549999237060547,17.103641510009766,462000,no_news,0.0,Not Recession,no_anomaly,0
2002-08-19,21.940000534057617,23.170000076293945,21.520000457763672,23.07999992370605,18.31795883178711,451200,no_news,0.0,Not Recession,no_anomaly,0
2002-08-16,20.350000381469727,22.200000762939453,19.940000534057617,21.84000015258789,17.333799362182617,625100,no_news,0.0,Not Recession,no_anomaly,0
2002-08-15,19.600000381469727,20.75,19.5,20.479999542236328,16.25440788269043,629300,no_news,0.0,Not Recession,no_anomaly,0
2002-08-14,18.5,19.63999938964844,17.690000534057617,19.459999084472656,15.44486141204834,546200,no_news,0.0,Not Recession,no_anomaly,0
2002-08-13,19.530000686645508,19.979999542236328,18.5,18.6200008392334,14.778183937072754,638700,no_news,0.0,Not Recession,no_anomaly,0
2002-08-12,19.479999542236328,19.850000381469727,18.68000030517578,19.559999465942383,15.524231910705566,494600,no_news,0.0,Not Recession,no_anomaly,0
2002-08-09,19.770000457763672,20.200000762939453,19.25,19.770000457763672,15.69090175628662,349900,no_news,0.0,Not Recession,no_anomaly,0
2002-08-08,19.39999961853028,20.229999542236328,19.0,19.989999771118164,15.86550998687744,697000,no_news,0.0,Not Recession,no_anomaly,0
2002-08-07,20.76000022888184,20.76000022888184,18.700000762939453,19.68000030517578,15.619474411010742,796500,no_news,0.0,Not Recession,no_anomaly,0
2002-08-06,18.6200008392334,20.299999237060547,18.61000061035156,19.770000457763672,15.69090175628662,577500,no_news,0.0,Not Recession,no_anomaly,0
2002-08-05,18.270000457763672,18.989999771118164,17.950000762939453,18.32999992370605,14.548020362854004,726600,no_news,0.0,Not Recession,no_anomaly,0
2002-08-02,18.5,19.049999237060547,18.0,18.290000915527344,14.516261100769045,801600,no_news,0.0,Not Recession,no_anomaly,0
2002-08-01,19.049999237060547,19.18000030517578,18.1200008392334,18.209999084472656,14.452771186828612,476000,no_news,0.0,Not Recession,no_anomaly,0
2002-07-31,19.21999931335449,19.38999938964844,18.690000534057617,19.020000457763672,15.09564971923828,1024800,no_news,0.0,Not Recession,no_anomaly,0
2002-07-30,18.32999992370605,19.799999237060547,18.010000228881836,19.700000762939453,15.635346412658691,979800,no_news,0.0,Not Recession,no_anomaly,0
2002-07-29,16.5,18.270000457763672,16.309999465942383,18.190000534057617,14.436902046203612,1006100,no_news,0.0,Not Recession,no_anomaly,0
2002-07-26,15.949999809265137,16.350000381469727,15.399999618530272,16.190000534057617,12.849557876586914,842100,no_news,0.0,Not Recession,no_anomaly,0
2002-07-25,15.789999961853027,15.949999809265137,14.149999618530272,14.979999542236328,11.889211654663086,924700,no_news,0.0,Not Recession,no_anomaly,0
2002-07-24,16.190000534057617,16.5,15.010000228881836,16.229999542236328,12.881303787231444,1407200,no_news,0.0,Not Recession,no_anomaly,0
2002-07-23,18.309999465942383,18.920000076293945,16.209999084472656,16.399999618530273,13.01622486114502,1001200,no_news,0.0,Not Recession,no_anomaly,0
2002-07-22,19.020000457763672,19.059999465942383,17.549999237060547,18.1299991607666,14.389277458190918,1459200,no_news,0.0,Not Recession,no_anomaly,0
2002-07-19,20.920000076293945,20.93000030517578,18.96999931335449,19.059999465942383,15.127394676208496,1164800,no_news,0.0,Not Recession,no_anomaly,0
2002-07-18,22.940000534057617,22.940000534057617,20.950000762939453,21.0,16.6671199798584,624300,no_news,0.0,Not Recession,no_anomaly,0
2002-07-17,24.36000061035156,24.75,22.200000762939453,22.950000762939453,18.214778900146484,655900,no_news,0.0,Not Recession,no_anomaly,0
2002-07-16,23.299999237060547,24.1200008392334,22.56999969482422,23.049999237060547,18.294145584106445,804000,no_news,0.0,Not Recession,no_anomaly,0
2002-07-15,23.049999237060547,23.46999931335449,22.15999984741211,23.15999984741211,18.381452560424805,412800,no_news,0.0,Not Recession,no_anomaly,0
2002-07-12,23.450000762939453,23.84000015258789,22.57999992370605,23.0,18.254470825195312,590300,no_news,0.0,Not Recession,no_anomaly,0
2002-07-11,22.75,23.15999984741211,21.670000076293945,22.920000076293945,18.19096946716309,1525000,no_news,0.0,Not Recession,no_anomaly,0
2002-07-10,24.13999938964844,24.350000381469727,22.65999984741211,22.700000762939453,18.016361236572266,594700,no_news,0.0,Not Recession,no_anomaly,0
2002-07-09,24.799999237060547,24.850000381469727,23.170000076293945,23.549999237060547,18.690980911254883,943900,no_news,0.0,Not Recession,no_anomaly,0
2002-07-08,25.520000457763672,26.200000762939453,24.5,24.90999984741211,19.7703857421875,663700,no_news,0.0,Not Recession,no_anomaly,0
2002-07-05,23.700000762939453,25.799999237060547,23.600000381469727,25.76000022888184,20.44499969482422,249500,no_news,0.0,Not Recession,no_anomaly,0
2002-07-03,22.57999992370605,23.63999938964844,22.01000022888184,23.600000381469727,18.73067092895508,343500,no_news,0.0,Not Recession,no_anomaly,0
2002-07-02,23.670000076293945,23.670000076293945,22.46999931335449,22.64999961853028,17.97667694091797,335600,no_news,0.0,Not Recession,no_anomaly,0
2002-07-01,25.5,25.61000061035156,23.450000762939453,23.670000076293945,18.78622055053711,366600,no_news,0.0,Not Recession,no_anomaly,0
2002-06-28,25.040000915527344,26.5,24.8799991607666,25.559999465942383,20.286266326904297,646300,no_news,0.0,Not Recession,no_anomaly,0
2002-06-27,24.11000061035156,25.290000915527344,23.850000381469727,24.979999542236328,19.825931549072266,329200,no_news,0.0,Not Recession,no_anomaly,0
2002-06-26,22.239999771118164,23.89999961853028,21.84000015258789,23.850000381469727,18.92908477783203,780900,no_news,0.0,Not Recession,no_anomaly,0
2002-06-25,25.049999237060547,25.950000762939453,23.309999465942383,23.709999084472656,18.81797218322754,406600,no_news,0.0,Not Recession,no_anomaly,0
2002-06-24,24.26000022888184,25.700000762939453,23.540000915527344,25.0,19.841815948486328,674500,no_news,0.0,Not Recession,no_anomaly,0
2002-06-21,25.25,25.25,23.799999237060547,24.489999771118164,19.437036514282227,479900,no_news,0.0,Not Recession,no_anomaly,0
2002-06-20,25.86000061035156,26.520000457763672,24.350000381469727,24.540000915527344,19.47672271728516,423500,no_news,0.0,Not Recession,no_anomaly,0
2002-06-19,27.01000022888184,27.38999938964844,25.75,25.96999931335449,20.611665725708008,595100,no_news,0.0,Not Recession,no_anomaly,0
2002-06-18,27.14999961853028,28.309999465942383,26.729999542236328,27.31999969482422,21.6831283569336,524200,no_news,0.0,Not Recession,no_anomaly,0
2002-06-17,26.450000762939453,27.489999771118164,26.31999969482422,27.34000015258789,21.69900321960449,437200,no_news,0.0,Not Recession,no_anomaly,0
2002-06-14,25.489999771118164,26.36000061035156,23.989999771118164,25.96999931335449,20.611665725708008,908200,no_news,0.0,Not Recession,no_anomaly,0
2002-06-13,26.8799991607666,27.280000686645508,25.670000076293945,25.90999984741211,20.564048767089844,423700,no_news,0.0,Not Recession,no_anomaly,0
2002-06-12,26.350000381469727,26.8700008392334,25.34000015258789,26.809999465942383,21.278358459472656,922100,no_news,0.0,Not Recession,no_anomaly,0
2002-06-11,28.26000022888184,28.88999938964844,26.309999465942383,26.46999931335449,21.008506774902344,491800,no_news,0.0,Not Recession,no_anomaly,0
2002-06-10,27.950000762939453,28.600000381469727,27.440000534057617,28.030000686645508,22.246641159057617,411700,no_news,0.0,Not Recession,no_anomaly,0
2002-06-07,27.34000015258789,27.89999961853028,25.88999938964844,27.780000686645508,22.04822158813477,940600,no_news,0.0,Not Recession,no_anomaly,0
2002-06-06,28.299999237060547,28.88999938964844,27.729999542236328,28.14999961853028,22.34187889099121,373300,no_news,0.0,Not Recession,no_anomaly,0
2002-06-05,29.39999961853028,30.15999984741211,27.700000762939453,29.0,23.01650047302246,894900,no_news,0.0,Not Recession,no_anomaly,0
2002-06-04,28.84000015258789,29.65999984741211,28.059999465942383,29.18000030517578,23.159358978271484,583100,no_news,0.0,Not Recession,no_anomaly,0
2002-06-03,29.600000381469727,30.14999961853028,28.90999984741211,28.90999984741211,22.94506454467773,1032400,no_news,0.0,Not Recession,no_anomaly,0
2002-05-31,29.18000030517578,30.729999542236328,29.170000076293945,30.170000076293945,23.945098876953125,765000,no_news,0.0,Not Recession,no_anomaly,0
2002-05-30,28.89999961853028,29.850000381469727,28.6200008392334,29.3799991607666,23.31809425354004,692200,no_news,0.0,Not Recession,no_anomaly,0
2002-05-29,30.809999465942383,31.049999237060547,29.299999237060547,29.549999237060547,23.45301818847656,995100,no_news,0.0,Not Recession,no_anomaly,0
2002-05-28,30.709999084472656,31.600000381469727,30.030000686645508,31.450000762939453,24.960996627807617,1298800,no_news,0.0,Not Recession,no_anomaly,0
2002-05-24,30.64999961853028,30.64999961853028,29.01000022888184,29.88999938964844,23.722864151000977,800300,no_news,0.0,Not Recession,no_anomaly,0
2002-05-23,32.0099983215332,32.33000183105469,29.76000022888184,30.850000381469727,24.484798431396484,1410800,no_news,0.0,Not Recession,no_anomaly,0
2002-05-22,33.5,34.20000076293945,30.71999931335449,32.0,25.39751625061035,1520300,no_news,0.0,Not Recession,no_anomaly,0
2002-05-21,35.380001068115234,35.43000030517578,33.119998931884766,33.779998779296875,26.81024932861328,715100,no_news,0.0,Not Recession,no_anomaly,0
2002-05-20,36.11000061035156,36.150001525878906,34.560001373291016,34.97999954223633,27.76266098022461,475500,no_news,0.0,Not Recession,no_anomaly,0
2002-05-17,37.400001525878906,37.5,35.59000015258789,36.09999847412109,28.65156936645508,830300,no_news,0.0,Not Recession,no_anomaly,0
2002-05-16,38.88999938964844,38.900001525878906,36.220001220703125,37.2400016784668,29.556367874145508,1329600,no_news,0.0,Not Recession,no_anomaly,0
2002-05-15,37.810001373291016,39.38999938964844,37.43000030517578,38.70000076293945,30.71512794494629,1317200,no_news,0.0,Not Recession,no_anomaly,0
2002-05-14,35.599998474121094,39.650001525878906,35.54999923706055,39.54999923706055,31.38973617553711,2208000,no_news,0.0,Not Recession,no_anomaly,0
2002-05-13,34.68000030517578,35.470001220703125,33.58000183105469,34.650001525878906,27.50074958801269,1040200,no_news,0.0,Not Recession,no_anomaly,0
2002-05-10,36.41999816894531,36.560001373291016,34.22999954223633,34.47999954223633,27.36582946777344,721600,no_news,0.0,Not Recession,no_anomaly,0
2002-05-09,37.04999923706055,37.720001220703125,35.959999084472656,36.43000030517578,28.913480758666992,807400,no_news,0.0,Not Recession,no_anomaly,0
2002-05-08,33.90999984741211,37.63999938964844,33.900001525878906,37.63999938964844,29.873823165893555,1200900,no_news,0.0,Not Recession,no_anomaly,0
2002-05-07,32.25,33.31999969482422,31.63999938964844,32.52000045776367,25.810226440429688,600800,no_news,0.0,Not Recession,no_anomaly,0
2002-05-06,33.400001525878906,33.849998474121094,31.850000381469727,31.90999984741211,25.32608413696289,384000,no_news,0.0,Not Recession,no_anomaly,0
2002-05-03,33.79999923706055,33.79999923706055,32.220001220703125,33.119998931884766,26.286426544189453,919600,no_news,0.0,Not Recession,no_anomaly,0
2002-05-02,35.45000076293945,35.66999816894531,33.61000061035156,33.900001525878906,26.905494689941406,836200,no_news,0.0,Not Recession,no_anomaly,0
2002-05-01,35.0,35.83000183105469,34.18000030517578,35.38999938964844,28.08806228637696,736900,no_news,0.0,Not Recession,no_anomaly,0
2002-04-30,34.11000061035156,35.72999954223633,34.099998474121094,35.650001525878906,28.29442024230957,565100,no_news,0.0,Not Recession,no_anomaly,0
2002-04-29,33.900001525878906,34.65999984741211,33.7599983215332,34.560001373291016,27.42932510375977,664700,no_news,0.0,Not Recession,no_anomaly,0
2002-04-26,36.040000915527344,36.31999969482422,33.099998474121094,34.099998474121094,27.06422615051269,1210800,no_news,0.0,Not Recession,no_anomaly,0
2002-04-25,36.29999923706055,36.58000183105469,34.5,36.040000915527344,28.603954315185547,1238500,no_news,0.0,Not Recession,no_anomaly,0
2002-04-24,38.29999923706055,39.41999816894531,35.880001068115234,36.77000045776367,29.18332290649414,1032000,no_news,0.0,Not Recession,no_anomaly,0
2002-04-23,39.0099983215332,40.15999984741211,38.27999877929688,38.560001373291016,30.60401153564453,441700,no_news,0.0,Not Recession,no_anomaly,0
2002-04-22,39.77999877929688,39.77999877929688,38.77000045776367,39.25,31.151636123657227,348900,no_news,0.0,Not Recession,no_anomaly,0
2002-04-19,40.75,41.2400016784668,39.709999084472656,39.9900016784668,31.73896789550781,496700,no_news,0.0,Not Recession,no_anomaly,0
2002-04-18,42.25,42.25,39.97999954223633,40.66999816894531,32.27865982055664,770800,no_news,0.0,Not Recession,no_anomaly,0
2002-04-17,42.61000061035156,43.290000915527344,41.869998931884766,42.27999877929688,33.55646514892578,657400,no_news,0.0,Not Recession,no_anomaly,0
2002-04-16,40.400001525878906,42.79999923706055,40.38999938964844,42.52999877929688,33.754886627197266,994100,no_news,0.0,Not Recession,no_anomaly,0
2002-04-15,40.16999816894531,40.400001525878906,38.34999847412109,39.52999877929688,31.37387657165528,591700,no_news,0.0,Not Recession,no_anomaly,0
2002-04-12,38.56999969482422,40.09999847412109,37.959999084472656,39.9900016784668,31.73896789550781,715100,no_news,0.0,Not Recession,no_anomaly,0
2002-04-11,38.29999923706055,39.22999954223633,37.560001373291016,38.36000061035156,30.44527053833008,570800,no_news,0.0,Not Recession,no_anomaly,0
2002-04-10,38.150001525878906,39.130001068115234,37.459999084472656,38.619998931884766,30.651636123657227,902500,no_news,0.0,Not Recession,no_anomaly,0
2002-04-09,38.29999923706055,38.84999847412109,37.630001068115234,38.15999984741211,30.28654289245605,1154100,no_news,0.0,Not Recession,no_anomaly,0
2002-04-08,38.86000061035156,38.93000030517578,36.83000183105469,37.400001525878906,29.683347702026367,2076000,no_news,0.0,Not Recession,no_anomaly,0
2002-04-05,41.33000183105469,42.18999862670898,39.47999954223633,39.77999877929688,31.57227897644043,815600,no_news,0.0,Not Recession,no_anomaly,0
2002-04-04,41.77999877929688,43.0099983215332,40.27999877929688,41.31999969482422,32.79453659057617,1382000,no_news,0.0,Not Recession,no_anomaly,0
2002-04-03,44.40999984741211,45.02000045776367,41.66999816894531,42.2599983215332,33.54059982299805,662000,no_news,0.0,Not Recession,no_anomaly,0
2002-04-02,44.650001525878906,45.18999862670898,44.09999847412109,44.20000076293945,35.0803108215332,448400,no_news,0.0,Not Recession,no_anomaly,0
2002-04-01,45.36000061035156,45.75,44.18000030517578,44.70000076293945,35.47715377807617,576600,no_news,0.0,Not Recession,no_anomaly,0
2002-03-28,44.79999923706055,46.25,44.66999816894531,45.43999862670898,36.06447219848633,820300,no_news,0.0,Not Recession,no_anomaly,0
2002-03-27,43.810001373291016,44.77000045776367,43.43999862670898,44.31999969482422,35.175559997558594,504900,no_news,0.0,Not Recession,no_anomaly,0
2002-03-26,44.150001525878906,44.900001525878906,43.54999923706055,44.34999847412109,35.199363708496094,898200,no_news,0.0,Not Recession,no_anomaly,0
2002-03-25,46.720001220703125,46.869998931884766,44.20000076293945,44.290000915527344,35.1517448425293,587700,no_news,0.0,Not Recession,no_anomaly,0
2002-03-22,47.13999938964844,47.70000076293945,45.81999969482422,46.11000061035156,36.59623336791992,370400,no_news,0.0,Not Recession,no_anomaly,0
2002-03-21,47.45000076293945,47.88999938964844,45.459999084472656,47.18000030517578,37.44546127319336,1104100,no_news,0.0,Not Recession,no_anomaly,0
2002-03-20,50.06999969482422,50.08000183105469,47.290000915527344,47.400001525878906,37.620079040527344,893300,no_news,0.0,Not Recession,no_anomaly,0
2002-03-19,50.369998931884766,51.0,49.59999847412109,50.5,40.08043670654297,518500,no_news,0.0,Not Recession,no_anomaly,0
2002-03-18,49.22999954223633,50.84000015258789,49.220001220703125,50.36000061035156,39.969337463378906,753400,no_news,0.0,Not Recession,no_anomaly,0
2002-03-15,47.7599983215332,49.0,47.72999954223633,49.0,38.88993453979492,431500,no_news,0.0,Not Recession,no_anomaly,0
2002-03-14,47.650001525878906,49.20000076293945,47.36000061035156,48.09000015258789,38.16771697998047,272500,no_news,0.0,Not Recession,no_anomaly,0
2002-03-13,48.25,48.310001373291016,47.25,47.95000076293945,38.05659866333008,1014600,no_news,0.0,Not Recession,no_anomaly,0
2002-03-12,48.97999954223633,49.70000076293945,47.88999938964844,49.0,38.88993453979492,824200,no_news,0.0,Not Recession,no_anomaly,0
2002-03-11,50.650001525878906,50.790000915527344,49.15999984741211,49.59999847412109,39.36614608764648,539900,no_news,0.0,Not Recession,no_anomaly,0
2002-03-08,50.400001525878906,52.34000015258789,50.220001220703125,50.86000061035156,40.36618041992188,685300,no_news,0.0,Not Recession,no_anomaly,0
2002-03-07,50.38999938964844,51.38999938964844,49.43999862670898,50.09999847412109,39.76298141479492,641600,no_news,0.0,Not Recession,no_anomaly,0
2002-03-06,51.040000915527344,52.0,49.77999877929688,50.04999923706055,39.72329711914063,853400,no_news,0.0,Not Recession,no_anomaly,0
2002-03-05,49.900001525878906,51.9900016784668,49.70000076293945,51.209999084472656,40.64396667480469,1585900,no_news,0.0,Not Recession,no_anomaly,0
2002-03-04,47.25,50.79999923706055,47.20000076293945,50.47999954223633,40.0645751953125,1466000,no_news,0.0,Not Recession,no_anomaly,0
2002-03-01,44.20000076293945,47.75,44.18999862670898,47.75,37.89785385131836,1146800,no_news,0.0,Not Recession,no_anomaly,0
2002-02-28,44.220001220703125,45.04999923706055,43.02999877929688,43.77000045776367,34.73902893066406,901000,no_news,0.0,Not Recession,no_anomaly,0
2002-02-27,44.5,45.06999969482422,43.540000915527344,44.0,34.92158508300781,700900,no_news,0.0,Not Recession,no_anomaly,0
2002-02-26,45.0,45.790000915527344,43.5,44.02999877929688,34.94539260864258,475200,no_news,0.0,Not Recession,no_anomaly,0
2002-02-25,42.54999923706055,45.150001525878906,42.54999923706055,45.0,35.71524429321289,704200,no_news,0.0,Not Recession,no_anomaly,0
2002-02-22,44.31999969482422,45.54999923706055,42.0,42.77000045776367,33.94536209106445,1505600,no_news,0.0,Not Recession,no_anomaly,0
2002-02-21,46.90999984741211,47.459999084472656,44.27000045776367,44.380001068115234,35.22319030761719,890100,no_news,0.0,Not Recession,no_anomaly,0
2002-02-20,46.720001220703125,47.9900016784668,45.68000030517578,47.27000045776367,37.51689147949219,861900,no_news,0.0,Not Recession,no_anomaly,0
2002-02-19,46.45000076293945,46.72999954223633,45.9900016784668,46.45000076293945,36.86608505249024,510900,no_news,0.0,Not Recession,no_anomaly,0
2002-02-15,48.0,48.58000183105469,46.47999954223633,46.72999954223633,37.08830642700195,773300,no_news,0.0,Not Recession,no_anomaly,0
2002-02-14,49.380001068115234,50.58000183105469,47.650001525878906,47.88999938964844,38.00896453857422,1085400,no_news,0.0,Not Recession,no_anomaly,0
2002-02-13,47.41999816894531,49.25,47.41999816894531,49.09999847412109,38.96932220458984,1139000,no_news,0.0,Not Recession,no_anomaly,0
2002-02-12,46.790000915527344,48.11000061035156,45.77999877929688,47.0,37.30260848999024,776300,no_news,0.0,Not Recession,no_anomaly,0
2002-02-11,45.720001220703125,47.310001373291016,45.720001220703125,46.869998931884766,37.19942474365234,439600,no_news,0.0,Not Recession,no_anomaly,0
2002-02-08,44.900001525878906,46.04999923706055,44.22999954223633,45.88999938964844,36.42162322998047,352900,no_news,0.0,Not Recession,no_anomaly,0
2002-02-07,47.0,47.18999862670898,44.5,44.5099983215332,35.32635498046875,643200,no_news,0.0,Not Recession,no_anomaly,0
2002-02-06,46.790000915527344,47.52999877929688,45.540000915527344,46.90999984741211,37.231178283691406,458000,no_news,0.0,Not Recession,no_anomaly,0
2002-02-05,47.77000045776367,48.209999084472656,45.900001525878906,46.29999923706055,36.74702453613281,1104100,no_news,0.0,Not Recession,no_anomaly,0
2002-02-04,47.619998931884766,48.95000076293945,47.61000061035156,48.16999816894531,38.23119735717773,992400,no_news,0.0,Not Recession,no_anomaly,0
2002-02-01,48.83000183105469,48.90999984741211,47.150001525878906,47.38999938964844,37.61212539672852,414100,no_news,0.0,Not Recession,no_anomaly,0
2002-01-31,48.90999984741211,49.40999984741211,48.41999816894531,48.93000030517578,38.83440399169922,786200,no_news,0.0,Not Recession,no_anomaly,0
2002-01-30,46.45000076293945,48.93000030517578,45.119998931884766,48.65999984741211,38.62009811401367,597500,no_news,0.0,Not Recession,no_anomaly,0
2002-01-29,48.0,48.380001068115234,45.29999923706055,46.5099983215332,36.913692474365234,788900,no_news,0.0,Not Recession,no_anomaly,0
2002-01-28,47.880001068115234,48.400001525878906,47.52999877929688,47.90999984741211,38.02484893798828,667000,no_news,0.0,Not Recession,no_anomaly,0
2002-01-25,45.650001525878906,48.77000045776367,45.150001525878906,47.77999877929688,37.92167663574219,739000,no_news,0.0,Not Recession,no_anomaly,0
2002-01-24,43.869998931884766,45.91999816894531,43.810001373291016,45.83000183105469,36.37400817871094,913000,no_news,0.0,Not Recession,no_anomaly,0
2002-01-23,42.09999847412109,45.27000045776367,42.09000015258789,45.13999938964844,35.82637023925781,680100,no_news,0.0,Not Recession,no_anomaly,0
2002-01-22,44.75,44.83000183105469,41.70000076293945,41.720001220703125,33.11200714111328,552200,no_news,0.0,Not Recession,no_anomaly,0
2002-01-18,45.0,45.29999923706055,43.45000076293945,44.09000015258789,34.993011474609375,529200,no_news,0.0,Not Recession,no_anomaly,0
2002-01-17,45.34000015258789,45.86000061035156,43.2400016784668,45.560001373291016,36.159706115722656,710800,no_news,0.0,Not Recession,no_anomaly,0
2002-01-16,45.54999923706055,46.29999923706055,44.5,44.900001525878906,35.63590240478516,1447300,no_news,0.0,Not Recession,no_anomaly,0
2002-01-15,46.25,47.0,45.0,46.91999816894531,37.23911285400391,406000,no_news,0.0,Not Recession,no_anomaly,0
2002-01-14,47.209999084472656,47.869998931884766,46.61000061035156,46.7599983215332,37.112117767333984,371700,no_news,0.0,Not Recession,no_anomaly,0
2002-01-11,48.36000061035156,49.29999923706055,47.25,47.27000045776367,37.51689147949219,424100,no_news,0.0,Not Recession,no_anomaly,0
2002-01-10,48.88999938964844,48.97999954223633,47.81999969482422,48.380001068115234,38.39787673950195,337600,no_news,0.0,Not Recession,no_anomaly,0
2002-01-09,47.9900016784668,50.77999877929688,47.900001525878906,49.18999862670898,39.04074478149414,1135100,no_news,0.0,Not Recession,no_anomaly,0
2002-01-08,47.38999938964844,47.9900016784668,46.38999938964844,47.79999923706055,37.93754577636719,641600,no_news,0.0,Not Recession,no_anomaly,0
2002-01-07,47.34999847412109,48.290000915527344,46.90999984741211,47.34000015258789,37.57244110107422,537100,no_news,0.0,Not Recession,no_anomaly,0
2002-01-04,45.65999984741211,48.720001220703125,45.65999984741211,47.5,37.699440002441406,1746400,no_news,0.0,Not Recession,no_anomaly,0
2002-01-03,41.93000030517578,45.5,41.900001525878906,45.5,36.112083435058594,1011100,no_news,0.0,Not Recession,no_anomaly,0
2002-01-02,40.9900016784668,42.040000915527344,40.97999954223633,42.0,33.3342399597168,364600,no_news,0.0,Not Recession,no_anomaly,0
2001-12-31,41.0,41.70000076293945,40.5,40.66999816894531,32.27865982055664,365300,no_news,0.0,Not Recession,no_anomaly,0
2001-12-28,41.04999923706055,42.38999938964844,40.869998931884766,41.02000045776367,32.55644607543945,442700,no_news,0.0,Not Recession,no_anomaly,0
2001-12-27,41.84999847412109,42.220001220703125,40.61000061035156,41.150001525878906,32.65960693359375,476400,no_news,0.0,Not Recession,no_anomaly,0
2001-12-26,40.400001525878906,42.59999847412109,40.400001525878906,41.75,33.13581466674805,189700,no_news,0.0,Not Recession,no_anomaly,0
2001-12-24,41.56999969482422,41.58000183105469,40.43000030517578,40.43000030517578,32.08817672729492,154300,no_news,0.0,Not Recession,no_anomaly,0
2001-12-21,42.09000015258789,42.18999862670898,40.70000076293945,41.380001068115234,32.8421630859375,527800,no_news,0.0,Not Recession,no_anomaly,0
2001-12-20,42.25,42.95000076293945,41.20000076293945,41.75,33.13581466674805,1108000,no_news,0.0,Not Recession,no_anomaly,0
2001-12-19,41.150001525878906,43.66999816894531,41.09999847412109,42.95000076293945,34.08822250366211,1132900,no_news,0.0,Not Recession,no_anomaly,0
2001-12-18,41.22999954223633,42.459999084472656,40.650001525878906,42.09999847412109,33.413597106933594,567000,no_news,0.0,Not Recession,no_anomaly,0
2001-12-17,40.45000076293945,41.68000030517578,39.93000030517578,41.619998931884766,33.03264617919922,330700,no_news,0.0,Not Recession,no_anomaly,0
2001-12-14,39.959999084472656,40.63999938964844,39.70000076293945,40.25,31.9453182220459,660700,no_news,0.0,Not Recession,no_anomaly,0
2001-12-13,40.18000030517578,40.25,38.900001525878906,39.91999816894531,31.68340301513672,1070000,no_news,0.0,Not Recession,no_anomaly,0
2001-12-12,41.47999954223633,42.47999954223633,40.13999938964844,41.0,32.54056167602539,594500,no_news,0.0,Not Recession,no_anomaly,0
2001-12-11,41.02000045776367,41.869998931884766,40.88999938964844,41.33000183105469,32.802486419677734,558800,no_news,0.0,Not Recession,no_anomaly,0
2001-12-10,41.54999923706055,42.45000076293945,40.45000076293945,41.02999877929688,32.56437683105469,355800,no_news,0.0,Not Recession,no_anomaly,0
2001-12-07,42.959999084472656,43.27000045776367,41.5,41.59999847412109,33.01676940917969,430100,no_news,0.0,Not Recession,no_anomaly,0
2001-12-06,43.18999862670898,43.79999923706055,42.16999816894531,43.2400016784668,34.31840133666992,415300,no_news,0.0,Not Recession,no_anomaly,0
2001-12-05,40.2400016784668,44.20000076293945,40.09000015258789,43.130001068115234,34.23109436035156,852300,no_news,0.0,Not Recession,no_anomaly,0
2001-12-04,36.83000183105469,39.9900016784668,36.79999923706055,39.810001373291016,31.59610176086425,522900,no_news,0.0,Not Recession,no_anomaly,0
2001-12-03,37.0099983215332,37.66999816894531,36.09999847412109,36.470001220703125,28.94523811340332,477400,no_news,0.0,Not Recession,no_anomaly,0
2001-11-30,37.45000076293945,37.45000076293945,35.810001373291016,36.75,29.167457580566406,908300,no_news,0.0,Recession,no_anomaly,0
2001-11-29,37.7400016784668,38.34999847412109,36.88999938964844,37.97999954223633,30.1436824798584,535600,no_news,0.0,Recession,no_anomaly,0
2001-11-28,38.459999084472656,38.5,37.040000915527344,37.65999984741211,29.88969993591309,746700,no_news,0.0,Recession,no_anomaly,0
2001-11-27,35.849998474121094,38.900001525878906,35.849998474121094,38.900001525878906,30.873863220214844,1235600,no_news,0.0,Recession,no_anomaly,0
2001-11-26,34.939998626708984,35.900001525878906,34.75,35.7400016784668,28.36584854125977,480800,no_news,0.0,Recession,no_anomaly,0
2001-11-23,34.400001525878906,35.119998931884766,34.04999923706055,35.029998779296875,27.802339553833008,63500,no_news,0.0,Recession,no_anomaly,0
2001-11-21,34.79999923706055,34.83000183105469,33.52000045776367,34.47999954223633,27.36582946777344,573200,no_news,0.0,Recession,no_anomaly,0
2001-11-20,36.70000076293945,36.70000076293945,34.29999923706055,34.33000183105469,27.246776580810547,359800,no_news,0.0,Recession,no_anomaly,0
2001-11-19,36.65999984741211,37.43999862670898,35.90999984741211,36.79999923706055,29.207143783569336,524800,no_news,0.0,Recession,no_anomaly,0
2001-11-16,36.45000076293945,37.29999923706055,36.02000045776367,36.310001373291016,28.818239212036133,779400,no_news,0.0,Recession,no_anomaly,0
2001-11-15,35.099998474121094,36.41999816894531,34.310001373291016,36.220001220703125,28.74681663513184,1341200,no_news,0.0,Recession,no_anomaly,0
2001-11-14,36.0,36.25,34.77000045776367,35.40999984741211,28.10394096374512,524100,no_news,0.0,Recession,no_anomaly,0
2001-11-13,35.25,36.02000045776367,35.25,35.4900016784668,28.167430877685547,805400,no_news,0.0,Recession,no_anomaly,0
2001-11-12,34.58000183105469,35.099998474121094,33.099998474121094,34.79999923706055,27.619802474975582,388500,no_news,0.0,Recession,no_anomaly,0
2001-11-09,34.81999969482422,35.540000915527344,34.119998931884766,34.56999969482422,27.437255859375,312600,no_news,0.0,Recession,no_anomaly,0
2001-11-08,35.75,36.959999084472656,34.709999084472656,35.310001373291016,28.02456855773925,792500,no_news,0.0,Recession,no_anomaly,0
2001-11-07,35.099998474121094,36.43999862670898,34.75,35.599998474121094,28.25473594665528,328100,no_news,0.0,Recession,no_anomaly,0
2001-11-06,34.7599983215332,35.630001068115234,34.189998626708984,35.5,28.175371170043945,568300,no_news,0.0,Recession,no_anomaly,0
2001-11-05,35.150001525878906,36.09000015258789,34.70000076293945,35.0,27.77853012084961,436200,no_news,0.0,Recession,no_anomaly,0
2001-11-02,34.75,36.20000076293945,34.4900016784668,35.189998626708984,27.929319381713867,847800,no_news,0.0,Recession,no_anomaly,0
2001-11-01,32.70000076293945,35.13999938964844,32.209999084472656,35.029998779296875,27.802339553833008,1100800,no_news,0.0,Recession,no_anomaly,0
2001-10-31,31.82999992370605,33.72999954223633,31.540000915527344,32.279998779296875,25.6197452545166,615800,no_news,0.0,Recession,no_anomaly,0
2001-10-30,32.849998474121094,33.02000045776367,30.799999237060547,31.459999084472656,24.96892547607422,473900,no_news,0.0,Recession,no_anomaly,0
2001-10-29,34.86000061035156,34.86000061035156,32.900001525878906,32.91999816894531,26.1276912689209,553100,no_news,0.0,Recession,no_anomaly,0
2001-10-26,33.45000076293945,35.20000076293945,33.45000076293945,34.79999923706055,27.619802474975582,876600,no_news,0.0,Recession,no_anomaly,0
2001-10-25,31.200000762939453,34.560001373291016,30.440000534057617,33.88999938964844,26.89755630493164,2243200,no_news,0.0,Recession,no_anomaly,0
2001-10-24,30.299999237060547,33.900001525878906,29.75,31.799999237060547,25.238779067993164,5429400,no_news,0.0,Recession,no_anomaly,0
2001-10-23,34.5,34.79999923706055,32.11000061035156,33.11000061035156,26.27849578857422,364300,no_news,0.0,Recession,no_anomaly,0
2001-10-22,33.439998626708984,35.04999923706055,32.29999923706055,34.38999938964844,27.294397354125977,383800,no_news,0.0,Recession,no_anomaly,0
2001-10-19,32.380001068115234,33.77000045776367,31.799999237060547,33.29999923706055,26.42928695678711,304900,no_news,0.0,Recession,no_anomaly,0
2001-10-18,33.560001373291016,35.13999938964844,31.8799991607666,32.0099983215332,25.405458450317383,694500,no_news,0.0,Recession,no_anomaly,0
2001-10-17,36.75,37.970001220703125,33.06999969482422,33.33000183105469,26.453102111816406,630200,no_news,0.0,Recession,no_anomaly,0
2001-10-16,34.880001068115234,36.70000076293945,33.849998474121094,36.20000076293945,28.73093605041504,356400,no_news,0.0,Recession,no_anomaly,0
2001-10-15,36.09999847412109,36.33000183105469,33.970001220703125,34.61000061035156,27.4689998626709,415900,no_news,0.0,Recession,no_anomaly,0
2001-10-12,35.47999954223633,36.66999816894531,34.0099983215332,36.66999816894531,29.10396385192871,545500,no_news,0.0,Recession,no_anomaly,0
2001-10-11,33.130001068115234,37.29999923706055,33.119998931884766,35.380001068115234,28.08013153076172,853900,no_news,0.0,Recession,no_anomaly,0
2001-10-10,30.76000022888184,32.79999923706055,30.190000534057617,32.720001220703125,25.968965530395508,138800,no_news,0.0,Recession,no_anomaly,0
2001-10-09,33.0099983215332,33.189998626708984,30.780000686645508,30.81999969482422,24.46097946166992,242500,no_news,0.0,Recession,no_anomaly,0
2001-10-08,30.86000061035156,33.4900016784668,30.6200008392334,32.91999816894531,26.1276912689209,363500,no_news,0.0,Recession,no_anomaly,0
2001-10-05,31.39999961853028,32.18000030517578,29.299999237060547,31.600000381469727,25.080049514770508,482700,no_news,0.0,Recession,no_anomaly,0
2001-10-04,29.299999237060547,32.7599983215332,29.0,31.700000762939453,25.1594181060791,911100,no_news,0.0,Recession,no_anomaly,0
2001-10-03,25.40999984741211,29.25,25.290000915527344,29.239999771118164,23.20697975158692,1089500,no_news,0.0,Recession,no_anomaly,0
2001-10-02,25.790000915527344,26.350000381469727,25.01000022888184,25.76000022888184,20.44499969482422,534000,no_news,0.0,Recession,no_anomaly,0
2001-10-01,26.190000534057617,27.280000686645508,24.850000381469727,25.21999931335449,20.016414642333984,730300,no_news,0.0,Recession,no_anomaly,0
2001-09-28,27.63999938964844,29.89999961853028,24.780000686645508,26.59000015258789,21.10375022888184,3544600,no_news,0.0,Recession,no_anomaly,0
2001-09-27,28.51000022888184,28.600000381469727,24.850000381469727,27.059999465942383,21.476776123046875,1733400,no_news,0.0,Recession,no_anomaly,0
2001-09-26,31.88999938964844,31.89999961853028,28.6200008392334,29.11000061035156,23.10380172729492,591900,no_news,0.0,Recession,no_anomaly,0
2001-09-25,31.059999465942383,32.34000015258789,30.309999465942383,31.350000381469727,24.88163185119629,583700,no_news,0.0,Recession,no_anomaly,0
2001-09-24,29.420000076293945,31.68000030517578,29.26000022888184,31.239999771118164,24.79432487487793,716000,no_news,0.0,Recession,no_anomaly,0
2001-09-21,26.39999961853028,28.34000015258789,25.13999938964844,28.049999237060547,22.262508392333984,721300,no_news,0.0,Recession,no_anomaly,0
2001-09-20,29.200000762939453,30.21999931335449,27.0,27.530000686645508,21.849796295166016,1285200,no_news,0.0,Recession,no_anomaly,0
2001-09-19,32.97999954223633,33.220001220703125,28.51000022888184,29.850000381469727,23.69112205505371,1406000,no_news,0.0,Recession,no_anomaly,0
2001-09-18,34.29999923706055,34.619998931884766,31.51000022888184,32.54999923706055,25.83403778076172,821000,no_news,0.0,Recession,no_anomaly,0
2001-09-17,35.0099983215332,35.20000076293945,33.70000076293945,33.869998931884766,26.881685256958008,627300,no_news,0.0,Recession,no_anomaly,0
2001-09-10,38.04999923706055,39.0,36.0,36.5,28.96904563903809,495800,no_news,0.0,Recession,no_anomaly,0
2001-09-07,39.119998931884766,40.970001220703125,38.11000061035156,38.400001525878906,30.477025985717773,776900,no_news,0.0,Recession,no_anomaly,0
2001-09-06,40.59999847412109,40.95000076293945,37.619998931884766,39.9900016784668,31.73896789550781,760000,no_news,0.0,Recession,no_anomaly,0
2001-09-05,42.04999923706055,42.91999816894531,40.13999938964844,41.0,32.54056167602539,463200,no_news,0.0,Recession,no_anomaly,0
2001-09-04,43.130001068115234,43.66999816894531,42.06999969482422,42.630001068115234,33.834259033203125,381900,no_news,0.0,Recession,no_anomaly,0
2001-08-31,43.150001525878906,43.95000076293945,42.43000030517578,43.34999847412109,34.40570068359375,743500,no_news,0.0,Recession,no_anomaly,0
2001-08-30,46.0,46.34999847412109,44.5,44.5099983215332,35.32635498046875,593300,no_news,0.0,Recession,no_anomaly,0
2001-08-29,48.290000915527344,49.150001525878906,46.0099983215332,46.34999847412109,36.786712646484375,499700,no_news,0.0,Recession,no_anomaly,0
2001-08-28,47.70000076293945,48.5,47.130001068115234,48.150001525878906,38.215328216552734,442700,no_news,0.0,Recession,no_anomaly,0
2001-08-27,46.38999938964844,48.0,45.75,47.54999923706055,37.73912048339844,221900,no_news,0.0,Recession,no_anomaly,0
2001-08-24,45.900001525878906,47.7400016784668,45.119998931884766,46.9900016784668,37.2946662902832,496800,no_news,0.0,Recession,no_anomaly,0
2001-08-23,45.5,46.84999847412109,44.470001220703125,45.150001525878906,35.834312438964844,250900,no_news,0.0,Recession,no_anomaly,0
2001-08-22,43.45000076293945,46.06999969482422,42.5,45.68999862670898,36.26289749145508,387300,no_news,0.0,Recession,no_anomaly,0
2001-08-21,43.95000076293945,45.54999923706055,42.38999938964844,42.400001525878906,33.651702880859375,273600,no_news,0.0,Recession,no_anomaly,0
2001-08-20,43.0,44.310001373291016,42.43999862670898,43.5099983215332,34.53267288208008,307500,no_news,0.0,Recession,no_anomaly,0
2001-08-17,44.36000061035156,44.36000061035156,41.97999954223633,43.09999847412109,34.20728302001953,421100,no_news,0.0,Recession,no_anomaly,0
2001-08-16,45.20000076293945,45.34999847412109,43.650001525878906,44.58000183105469,35.381919860839844,618600,no_news,0.0,Recession,no_anomaly,0
2001-08-15,47.5,48.29999923706055,45.52999877929688,45.630001068115234,36.21526336669922,268500,no_news,0.0,Recession,no_anomaly,0
2001-08-14,47.70000076293945,48.88999938964844,46.2599983215332,46.900001525878906,37.223236083984375,247400,no_news,0.0,Recession,no_anomaly,0
2001-08-13,47.20000076293945,48.29999923706055,46.54999923706055,47.29999923706055,37.54068374633789,220800,no_news,0.0,Recession,no_anomaly,0
2001-08-10,47.54999923706055,47.59999847412109,44.77000045776367,46.90999984741211,37.231178283691406,396300,no_news,0.0,Recession,no_anomaly,0
2001-08-09,47.91999816894531,48.5,46.43000030517578,47.5,37.699440002441406,301800,no_news,0.0,Recession,no_anomaly,0
2001-08-08,49.9900016784668,50.79999923706055,47.59999847412109,48.060001373291016,38.14389419555664,339200,no_news,0.0,Recession,no_anomaly,0
2001-08-07,50.20000076293945,50.84999847412109,49.0099983215332,50.2599983215332,39.88997268676758,308100,no_news,0.0,Recession,no_anomaly,0
2001-08-06,51.31999969482422,51.470001220703125,50.11000061035156,51.18999862670898,40.62809371948242,139500,no_news,0.0,Recession,no_anomaly,0
2001-08-03,52.04999923706055,53.18999862670898,50.0,51.95000076293945,41.23128890991211,293500,no_news,0.0,Recession,no_anomaly,0
2001-08-02,52.34999847412109,54.25,51.70000076293945,52.25,41.46938705444336,383100,no_news,0.0,Recession,no_anomaly,0
2001-08-01,48.33000183105469,52.22999954223633,48.31999969482422,52.22999954223633,41.45350646972656,455600,no_news,0.0,Recession,no_anomaly,0
2001-07-31,48.290000915527344,49.34000015258789,46.869998931884766,47.56999969482422,37.7549934387207,329100,no_news,0.0,Recession,no_anomaly,0
2001-07-30,46.0,48.90999984741211,45.86000061035156,47.709999084472656,37.866119384765625,581900,no_news,0.0,Recession,no_anomaly,0
2001-07-27,45.75,47.119998931884766,45.45000076293945,46.31999969482422,36.76290512084961,729000,no_news,0.0,Recession,no_anomaly,0
2001-07-26,41.7400016784668,46.79999923706055,41.5,46.5,36.905757904052734,921900,no_news,0.0,Recession,no_anomaly,0
2001-07-25,44.0,44.5,41.75,42.06999969482422,33.38978958129883,846800,no_news,0.0,Recession,no_anomaly,0
2001-07-24,45.709999084472656,45.79999923706055,43.9900016784668,44.54999923706055,35.35810470581055,460500,no_news,0.0,Recession,no_anomaly,0
2001-07-23,44.75,46.0,44.2599983215332,45.18999862670898,35.86604309082031,348000,no_news,0.0,Recession,no_anomaly,0
2001-07-20,43.5,45.11000061035156,42.310001373291016,44.59999847412109,35.39780044555664,344500,no_news,0.0,Recession,no_anomaly,0
2001-07-19,45.400001525878906,46.95000076293945,43.70000076293945,44.060001373291016,34.969207763671875,383700,no_news,0.0,Recession,no_anomaly,0
2001-07-18,43.75,46.79999923706055,43.25,45.0,35.71524429321289,635800,no_news,0.0,Recession,no_anomaly,0
2001-07-17,39.150001525878906,45.25,38.0,44.40999984741211,35.24699401855469,1102500,no_news,0.0,Recession,no_anomaly,0
2001-07-16,44.380001068115234,45.33000183105469,39.34000015258789,40.02999877929688,31.770702362060547,528300,no_news,0.0,Recession,no_anomaly,0
2001-07-13,43.900001525878906,45.880001068115234,42.59999847412109,45.310001373291016,35.961299896240234,316600,no_news,0.0,Recession,no_anomaly,0
2001-07-12,41.5,44.630001068115234,41.4900016784668,44.5099983215332,35.32635498046875,724600,no_news,0.0,Recession,no_anomaly,0
2001-07-11,39.34999847412109,40.970001220703125,38.150001525878906,40.310001373291016,31.992938995361328,470300,no_news,0.0,Recession,no_anomaly,0
2001-07-10,41.02000045776367,42.04999923706055,39.09999847412109,39.45000076293945,31.310375213623047,435300,no_news,0.0,Recession,no_anomaly,0
2001-07-09,41.20000076293945,41.900001525878906,40.15999984741211,40.58000183105469,32.20723342895508,432900,no_news,0.0,Recession,no_anomaly,0
2001-07-06,43.0,43.150001525878906,39.40999984741211,41.34000015258789,32.8104133605957,499200,no_news,0.0,Recession,no_anomaly,0
2001-07-05,46.04999923706055,46.04999923706055,43.720001220703125,43.720001220703125,34.699363708496094,168300,no_news,0.0,Recession,no_anomaly,0
2001-07-03,45.869998931884766,47.22999954223633,45.5,46.33000183105469,36.77083969116211,124600,no_news,0.0,Recession,no_anomaly,0
2001-07-02,46.0099983215332,46.63999938964844,44.97999954223633,45.77000045776367,36.32637786865234,307600,no_news,0.0,Recession,no_anomaly,0
2001-06-29,45.72999954223633,46.70000076293945,44.0,46.09999847412109,36.58829116821289,530500,no_news,0.0,Recession,no_anomaly,0
2001-06-28,44.25,46.2599983215332,44.09000015258789,45.380001068115234,36.01685333251953,330100,no_news,0.0,Recession,no_anomaly,0
2001-06-27,42.900001525878906,45.20000076293945,41.81999969482422,43.88999938964844,34.83427047729492,422700,no_news,0.0,Recession,no_anomaly,0
2001-06-26,44.0099983215332,44.0099983215332,38.72999954223633,43.209999084472656,34.29459381103516,2139800,no_news,0.0,Recession,no_anomaly,0
2001-06-25,48.5,48.95000076293945,43.869998931884766,44.0099983215332,34.92952346801758,641900,no_news,0.0,Recession,no_anomaly,0
2001-06-22,47.54999923706055,49.70000076293945,47.18999862670898,48.36000061035156,38.38199615478516,481200,no_news,0.0,Recession,no_anomaly,0
2001-06-21,47.5,49.0,46.81999969482422,47.540000915527344,37.7311897277832,362200,no_news,0.0,Recession,no_anomaly,0
2001-06-20,47.45000076293945,48.20000076293945,45.29999923706055,47.97999954223633,38.08041000366211,1233300,no_news,0.0,Recession,no_anomaly,0
2001-06-19,50.209999084472656,51.95000076293945,46.95000076293945,47.79999923706055,37.93754577636719,708200,no_news,0.0,Recession,no_anomaly,0
2001-06-18,50.4900016784668,51.0,48.560001373291016,49.900001525878906,39.60424423217773,335300,no_news,0.0,Recession,no_anomaly,0
2001-06-15,49.34999847412109,51.20000076293945,47.75,50.0,39.683631896972656,213400,no_news,0.0,Recession,no_anomaly,0
2001-06-14,53.59999847412109,53.59999847412109,49.220001220703125,50.2400016784668,39.87410736083984,726200,no_news,0.0,Recession,no_anomaly,0
2001-06-13,54.59999847412109,56.220001220703125,52.5099983215332,53.81999969482422,42.7154541015625,156000,no_news,0.0,Recession,no_anomaly,0
2001-06-12,52.25,54.54999923706055,51.5,54.34999847412109,43.13608551025391,269100,no_news,0.0,Recession,no_anomaly,0
2001-06-11,55.7400016784668,55.7400016784668,53.79999923706055,53.959999084472656,42.82656478881836,172800,no_news,0.0,Recession,no_anomaly,0
2001-06-08,56.95000076293945,57.130001068115234,55.34999847412109,56.0,44.44565582275391,295800,no_news,0.0,Recession,no_anomaly,0
2001-06-07,54.59999847412109,57.959999084472656,54.59999847412109,57.09000015258789,45.31075668334961,461800,no_news,0.0,Recession,no_anomaly,0
2001-06-06,55.27000045776367,55.7400016784668,53.5099983215332,55.16999816894531,43.78691101074219,249400,no_news,0.0,Recession,no_anomaly,0
2001-06-05,53.59000015258789,55.88999938964844,53.5099983215332,55.68000030517578,44.191680908203125,370400,no_news,0.0,Recession,no_anomaly,0
2001-06-04,53.150001525878906,53.54999923706055,52.540000915527344,53.209999084472656,42.23130416870117,469900,no_news,0.0,Recession,no_anomaly,0
2001-06-01,49.20000076293945,53.22999954223633,49.15999984741211,52.880001068115234,41.96939849853516,598200,no_news,0.0,Recession,no_anomaly,0
2001-05-31,48.04999923706055,49.77999877929688,48.04999923706055,49.209999084472656,39.05662536621094,327700,no_news,0.0,Recession,no_anomaly,0
2001-05-30,50.380001068115234,50.38999938964844,46.20000076293945,47.93999862670898,38.04864501953125,900000,no_news,0.0,Recession,no_anomaly,0
2001-05-29,52.09000015258789,53.09000015258789,50.68000030517578,50.75,40.27886581420898,476100,no_news,0.0,Recession,no_anomaly,0
2001-05-25,55.0,56.90999984741211,53.93000030517578,54.0,42.85830307006836,313500,no_news,0.0,Recession,no_anomaly,0
2001-05-24,54.33000183105469,55.33000183105469,52.0,55.04999923706055,43.691673278808594,380700,no_news,0.0,Recession,no_anomaly,0
2001-05-23,57.09999847412109,57.369998931884766,53.20000076293945,53.77999877929688,42.68370056152344,695800,no_news,0.0,Recession,no_anomaly,0
2001-05-22,57.33000183105469,59.15999984741211,57.220001220703125,58.2400016784668,46.22348403930664,515900,no_news,0.0,Recession,no_anomaly,0
2001-05-21,54.34000015258789,57.25,53.93999862670898,57.16999816894531,45.37425231933594,1200700,no_news,0.0,Recession,no_anomaly,0
2001-05-18,54.0,55.0,53.25,53.95000076293945,42.81863021850586,1234800,no_news,0.0,Recession,no_anomaly,0
2001-05-17,53.18000030517578,55.88999938964844,52.29999923706055,55.29999923706055,43.89008331298828,983500,no_news,0.0,Recession,no_anomaly,0
2001-05-16,50.04999923706055,53.93999862670898,49.560001373291016,52.720001220703125,41.8424072265625,864100,no_news,0.0,Recession,no_anomaly,0
2001-05-15,49.95000076293945,52.13999938964844,49.68999862670898,51.04999923706055,40.51698303222656,941600,no_news,0.0,Recession,no_anomaly,0
2001-05-14,52.70000076293945,53.25,49.400001525878906,51.11000061035156,40.56459045410156,804700,no_news,0.0,Recession,no_anomaly,0
2001-05-11,53.95000076293945,54.630001068115234,51.900001525878906,54.58000183105469,43.31864929199219,423400,no_news,0.0,Recession,no_anomaly,0
2001-05-10,54.54999923706055,56.5,53.09999847412109,54.02000045776367,42.87418365478516,895500,no_news,0.0,Recession,no_anomaly,0
2001-05-09,53.650001525878906,53.959999084472656,51.400001525878906,52.16999816894531,41.405887603759766,445900,no_news,0.0,Recession,no_anomaly,0
2001-05-08,52.59999847412109,55.59999847412109,52.09999847412109,55.34999847412109,43.92976379394531,561600,no_news,0.0,Recession,no_anomaly,0
2001-05-07,54.11000061035156,55.20000076293945,51.59999847412109,51.91999816894531,41.20746612548828,433700,no_news,0.0,Recession,no_anomaly,0
2001-05-04,52.84999847412109,55.20000076293945,50.5,54.68999862670898,43.40593719482422,1001900,no_news,0.0,Recession,no_anomaly,0
2001-05-03,54.0,54.75,52.41999816894531,54.04999923706055,42.89799880981445,561400,no_news,0.0,Recession,no_anomaly,0
2001-05-02,58.0,59.630001068115234,56.29999923706055,56.79999923706055,45.0805892944336,652700,no_news,0.0,Recession,no_anomaly,0
2001-05-01,60.650001525878906,60.84999847412109,56.0,57.93999862670898,45.9853744506836,1688000,no_news,0.0,Recession,no_anomaly,0
2001-04-30,61.20000076293945,65.12999725341797,61.20000076293945,62.61000061035156,49.69182968139648,695900,no_news,0.0,Recession,no_anomaly,0
2001-04-27,59.59999847412109,63.630001068115234,59.5,61.54999923706055,48.85054016113281,768300,no_news,0.0,Recession,no_anomaly,0
2001-04-26,56.09000015258789,60.47999954223633,56.09000015258789,58.16999816894531,46.16792678833008,1162200,no_news,0.0,Recession,no_anomaly,0
2001-04-25,51.97999954223633,57.0,51.11000061035156,56.119998931884766,44.54088592529297,486900,no_news,0.0,Recession,no_anomaly,0
2001-04-24,50.709999084472656,55.0,50.709999084472656,51.84999847412109,41.15192031860352,934000,no_news,0.0,Recession,no_anomaly,0
2001-04-23,56.0099983215332,56.0099983215332,50.5,51.0,40.47729110717773,672100,no_news,0.0,Recession,no_anomaly,0
2001-04-20,57.959999084472656,58.95000076293945,54.11000061035156,56.22999954223633,44.62820053100586,489100,no_news,0.0,Recession,no_anomaly,0
2001-04-19,55.9900016784668,59.09999847412109,55.29999923706055,58.02000045776367,46.048866271972656,1174500,no_news,0.0,Recession,no_anomaly,0
2001-04-18,51.09999847412109,57.25,50.79999923706055,55.9900016784668,44.43771743774414,1721900,no_news,0.0,Recession,no_anomaly,0
2001-04-17,48.09999847412109,49.25,45.70000076293945,47.54999923706055,37.73912048339844,759700,no_news,0.0,Recession,no_anomaly,0
2001-04-16,48.650001525878906,49.77999877929688,46.56999969482422,48.70000076293945,38.6518440246582,777700,no_news,0.0,Recession,no_anomaly,0
2001-04-12,44.15999984741211,50.5,43.5099983215332,50.0,39.683631896972656,1398400,no_news,0.0,Recession,no_anomaly,0
2001-04-11,46.09000015258789,46.900001525878906,44.09999847412109,44.33000183105469,35.18349838256836,1470200,no_news,0.0,Recession,no_anomaly,0
2001-04-10,37.95000076293945,40.720001220703125,37.77000045776367,39.959999084472656,31.71513938903809,1003500,no_news,0.0,Recession,no_anomaly,0
2001-04-09,38.9900016784668,41.13999938964844,36.27000045776367,37.11000061035156,29.45317840576172,600600,no_news,0.0,Recession,no_anomaly,0
2001-04-06,39.5,41.4375,38.5,39.0,30.953218460083008,746600,no_news,0.0,Recession,no_anomaly,0
2001-04-05,37.0,40.4375,37.0,40.25,31.9453182220459,586500,no_news,0.0,Recession,no_anomaly,0
2001-04-04,37.3125,41.0,35.25,35.453125,28.138166427612305,937800,no_news,0.0,Recession,no_anomaly,0
2001-04-03,36.75,37.75,36.0,37.3125,29.6138916015625,641800,no_news,0.0,Recession,no_anomaly,0
2001-04-02,38.625,40.6875,35.375,36.6875,29.11785697937012,754700,no_news,0.0,Recession,no_anomaly,0
2001-03-30,40.125,41.0,37.9375,39.75,31.548471450805664,1022900,no_news,0.0,Recession,no_anomaly,0
2001-03-29,40.6875,45.375,40.625,41.5625,32.98700714111328,657700,no_news,0.0,Recession,no_anomaly,0
2001-03-28,42.90625,45.5,41.5,42.125,33.43345260620117,752900,no_news,0.0,Recession,no_anomaly,0
2001-03-27,42.375,45.25,41.25,44.390625,35.23161697387695,946000,no_news,0.0,Recession,no_anomaly,0
2001-03-26,44.3125,45.3125,42.25,42.375,33.63186264038086,771400,no_news,0.0,Recession,no_anomaly,0
2001-03-23,39.4375,47.5,39.375,43.484375,34.512351989746094,2438900,no_news,0.0,Recession,no_anomaly,0
2001-03-22,35.3125,40.0,35.25,39.0,30.953218460083008,542300,no_news,0.0,Recession,no_anomaly,0
2001-03-21,35.140625,37.4375,34.875,35.0,27.77853012084961,292600,no_news,0.0,Recession,no_anomaly,0
2001-03-20,34.796875,37.0,33.625,35.125,27.87774658203125,683400,no_news,0.0,Recession,no_anomaly,0
2001-03-19,33.625,34.1875,31.4375,33.75,26.786439895629883,676900,no_news,0.0,Recession,no_anomaly,0
2001-03-16,36.546875,36.546875,32.75,33.6875,26.736841201782227,453100,no_news,0.0,Recession,no_anomaly,0
2001-03-15,37.5625,38.625,36.5,36.625,29.068260192871094,458600,no_news,0.0,Recession,no_anomaly,0
2001-03-14,36.25,38.0,35.0625,37.625,29.861927032470703,370300,no_news,0.0,Recession,no_anomaly,0
2001-03-13,35.0,37.6875,33.4375,37.375,29.663503646850582,449800,no_news,0.0,Recession,no_anomaly,0
2001-03-12,35.75,36.6875,34.5,35.0,27.77853012084961,272600,no_news,0.0,Recession,no_anomaly,0
2001-03-09,37.5,37.5625,35.25,36.4375,28.91944122314453,247800,no_news,0.0,Recession,no_anomaly,0
2001-03-08,37.5625,38.8125,37.375,38.21875,30.333154678344727,159500,no_news,0.0,Recession,no_anomaly,0
2001-03-07,38.0,38.6875,36.25,38.3125,30.40757179260254,420500,no_news,0.0,Recession,no_anomaly,0
2001-03-06,36.0,38.375,36.0,37.9375,30.10994338989257,188300,no_news,0.0,Recession,no_anomaly,0
2001-03-05,34.03125,36.875,34.0,36.125,28.6714096069336,211200,no_news,0.0,Recession,no_anomaly,0
2001-03-02,32.5,35.875,30.875,34.375,27.2824935913086,459900,no_news,0.0,Recession,no_anomaly,0
2001-03-01,32.0,33.625,29.4375,33.625,26.687232971191406,1626500,no_news,0.0,Recession,no_anomaly,0
2001-02-28,37.140625,37.140625,34.0,34.5,27.38170051574707,606400,no_news,0.0,Not Recession,no_anomaly,0
2001-02-27,37.5,37.875,36.875,37.125,29.46508979797364,413800,no_news,0.0,Not Recession,no_anomaly,0
2001-02-26,36.5625,38.4375,36.1875,37.8125,30.0107364654541,347100,no_news,0.0,Not Recession,no_anomaly,0
2001-02-23,36.0,37.8125,33.4375,37.125,29.46508979797364,214000,no_news,0.0,Not Recession,no_anomaly,0
2001-02-22,36.125,38.0,33.375,36.078125,28.63421440124512,292500,no_news,0.0,Not Recession,no_anomaly,0
2001-02-21,36.140625,39.0,35.5,36.625,29.068260192871094,339300,no_news,0.0,Not Recession,no_anomaly,0
2001-02-20,39.625,41.625,36.6875,36.75,29.167457580566406,586200,no_news,0.0,Not Recession,no_anomaly,0
2001-02-16,38.0,40.0625,37.75,39.5,31.35005187988281,219500,no_news,0.0,Not Recession,no_anomaly,0
2001-02-15,39.46875,41.3125,39.0,40.0,31.746910095214844,616400,no_news,0.0,Not Recession,no_anomaly,0
2001-02-14,36.890625,39.6875,36.25,38.875,30.85401725769043,1726800,no_news,0.0,Not Recession,no_anomaly,0
2001-02-13,37.9375,38.6875,36.0,36.6875,29.11785697937012,1257000,no_news,0.0,Not Recession,no_anomaly,0
2001-02-12,30.625,35.375,30.625,35.25,27.976957321166992,375100,no_news,0.0,Not Recession,no_anomaly,0
2001-02-09,32.640625,32.75,30.375,31.0625,24.65345573425293,267300,no_news,0.0,Not Recession,no_anomaly,0
2001-02-08,33.25,33.75,32.0,32.625,25.8935604095459,353400,no_news,0.0,Not Recession,no_anomaly,0
2001-02-07,32.4375,34.0,31.125,33.125,26.290395736694336,327000,no_news,0.0,Not Recession,no_anomaly,0
2001-02-06,33.0,34.5,31.375,32.125,25.49672508239746,155300,no_news,0.0,Not Recession,no_anomaly,0
2001-02-05,33.359375,34.25,31.75,32.75,25.99277114868164,206100,no_news,0.0,Not Recession,no_anomaly,0
2001-02-02,36.375,37.0,34.125,34.125,27.084068298339844,332200,no_news,0.0,Not Recession,no_anomaly,0
2001-02-01,37.125,38.0,36.4375,36.5,28.96904563903809,179300,no_news,0.0,Not Recession,no_anomaly,0
2001-01-31,39.9375,40.0,36.5,37.875,30.06034469604492,367900,no_news,0.0,Not Recession,no_anomaly,0
2001-01-30,35.0,39.125,34.375,38.4375,30.506786346435547,695400,no_news,0.0,Not Recession,no_anomaly,0
2001-01-29,33.875,34.875,33.5,34.875,27.679323196411133,342900,no_news,0.0,Not Recession,no_anomaly,0
2001-01-26,34.6875,35.625,33.5,34.875,27.679323196411133,294000,no_news,0.0,Not Recession,no_anomaly,0
2001-01-25,35.75,38.5,35.4375,35.625,28.27457427978516,261200,no_news,0.0,Not Recession,no_anomaly,0
2001-01-24,36.5,39.375,34.0,34.96875,27.75374221801757,525700,no_news,0.0,Not Recession,no_anomaly,0
2001-01-23,34.75,36.75,33.4375,35.75,28.37379264831543,438200,no_news,0.0,Not Recession,no_anomaly,0
2001-01-22,36.625,36.875,34.375,36.0,28.57221031188965,126500,no_news,0.0,Not Recession,no_anomaly,0
2001-01-19,39.75,40.609375,34.625,36.0,28.57221031188965,498600,no_news,0.0,Not Recession,no_anomaly,0
2001-01-18,35.5,39.5,35.0,39.3125,31.20125198364257,559200,no_news,0.0,Not Recession,no_anomaly,0
2001-01-17,34.375,38.0,34.140625,35.0625,27.82814216613769,953700,no_news,0.0,Not Recession,no_anomaly,0
2001-01-16,33.3125,34.5,31.25,32.3125,25.645538330078125,187500,no_news,0.0,Not Recession,no_anomaly,0
2001-01-12,33.25,36.9375,32.0,32.875,26.09197998046875,659700,no_news,0.0,Not Recession,no_anomaly,0
2001-01-11,29.96875,33.125,29.875,32.625,25.8935604095459,1367200,no_news,0.0,Not Recession,no_anomaly,0
2001-01-10,29.8125,31.75,27.75,28.4375,22.570056915283203,552100,no_news,0.0,Not Recession,no_anomaly,0
2001-01-09,30.5625,32.75,29.5,31.3125,24.85186767578125,611400,no_news,0.0,Not Recession,no_anomaly,0
2001-01-08,31.96875,32.0,29.625,30.0,23.810171127319336,352800,no_news,0.0,Not Recession,no_anomaly,0
2001-01-05,33.03125,33.375,30.4375,32.25,25.59593391418457,844500,no_news,0.0,Not Recession,no_anomaly,0
2001-01-04,33.9375,35.25,31.625,33.0,26.191186904907227,775300,no_news,0.0,Not Recession,no_anomaly,0
2001-01-03,27.5,34.5,27.3125,33.75,26.786439895629883,942400,no_news,0.0,Not Recession,no_anomaly,0
2001-01-02,27.625,28.9375,27.375,27.5625,21.87559700012207,181000,no_news,0.0,Not Recession,no_anomaly,0
2000-12-29,30.90625,31.5,27.5,28.0625,22.27242851257324,384700,no_news,0.0,Not Recession,no_anomaly,0
2000-12-28,29.21875,30.75,28.5625,30.5,24.207002639770508,450000,no_news,0.0,Not Recession,no_anomaly,0
2000-12-27,25.140625,30.109375,25.140625,29.5,23.413333892822266,436300,no_news,0.0,Not Recession,no_anomaly,0
2000-12-26,25.921875,26.5,25.640625,26.125,20.73469352722168,96400,no_news,0.0,Not Recession,no_anomaly,0
2000-12-22,24.4375,26.3125,24.25,25.421875,20.176631927490234,243000,no_news,0.0,Not Recession,no_anomaly,0
2000-12-21,23.75,25.5,23.625,24.375,19.34576797485352,330500,no_news,0.0,Not Recession,no_anomaly,0
2000-12-20,25.125,25.75,23.875,24.40625,19.37056541442871,307100,no_news,0.0,Not Recession,no_anomaly,0
2000-12-19,26.5,27.125,24.75,25.5625,20.288253784179688,251000,no_news,0.0,Not Recession,no_anomaly,0
2000-12-18,26.28125,27.0,25.375,26.375,20.9331111907959,202000,no_news,0.0,Not Recession,no_anomaly,0
2000-12-15,26.984375,27.125,24.5,25.625,20.337860107421875,391300,no_news,0.0,Not Recession,no_anomaly,0
2000-12-14,27.5,28.109375,26.625,26.625,21.13152885437012,180800,no_news,0.0,Not Recession,no_anomaly,0
2000-12-13,28.6875,29.0,26.5,28.0,22.22282791137696,666500,no_news,0.0,Not Recession,no_anomaly,0
2000-12-12,31.625,31.625,28.625,28.625,22.71887588500977,505600,no_news,0.0,Not Recession,no_anomaly,0
2000-12-11,31.125,32.375,30.625,31.25,24.802265167236328,747800,no_news,0.0,Not Recession,no_anomaly,0
2000-12-08,28.875,31.875,28.828125,30.9375,24.55424118041992,438600,no_news,0.0,Not Recession,no_anomaly,0
2000-12-07,29.1875,29.25,27.0,27.5625,21.87559700012207,489700,no_news,0.0,Not Recession,no_anomaly,0
2000-12-06,28.5,31.25,28.5,29.5,23.413333892822266,785700,no_news,0.0,Not Recession,no_anomaly,0
2000-12-05,25.8125,28.0,25.4375,27.9375,22.17322540283203,513700,no_news,0.0,Not Recession,no_anomaly,0
2000-12-04,25.421875,25.609375,24.875,24.9375,19.79220390319824,245100,no_news,0.0,Not Recession,no_anomaly,0
2000-12-01,23.125,26.625,23.0,24.9375,19.79220390319824,312800,no_news,0.0,Not Recession,no_anomaly,0
2000-11-30,22.875,23.0,21.3125,22.640625,17.969242095947266,614500,no_news,0.0,Not Recession,no_anomaly,0
2000-11-29,23.25,24.5,22.5625,23.328125,18.51488494873047,178000,no_news,0.0,Not Recession,no_anomaly,0
2000-11-28,22.4375,24.125,22.25,23.8125,18.89932441711425,183900,no_news,0.0,Not Recession,no_anomaly,0
2000-11-27,26.6875,26.75,22.875,23.375,18.55208778381348,650200,no_news,0.0,Not Recession,no_anomaly,0
2000-11-24,24.0,25.5,23.875,25.0625,19.891414642333984,84200,no_news,0.0,Not Recession,no_anomaly,0
2000-11-22,23.5,24.5,22.75,23.9375,18.99853134155273,161000,no_news,0.0,Not Recession,no_anomaly,0
2000-11-21,24.75,25.25,22.375,22.875,18.15525245666504,200700,no_news,0.0,Not Recession,no_anomaly,0
2000-11-20,26.0,26.359375,24.125,24.3125,19.29615592956543,465400,no_news,0.0,Not Recession,no_anomaly,0
2000-11-17,25.4375,27.25,25.4375,26.1875,20.78429412841797,588900,no_news,0.0,Not Recession,no_anomaly,0
2000-11-16,27.0625,27.25,23.125,24.9375,19.79220390319824,619200,no_news,0.0,Not Recession,no_anomaly,0
2000-11-15,23.875,27.6875,23.875,27.125,21.528366088867188,839600,no_news,0.0,Not Recession,no_anomaly,0
2000-11-14,22.5,24.625,22.0625,24.5,19.44496726989746,690000,no_news,0.0,Not Recession,no_anomaly,0
2000-11-13,19.96875,22.875,19.875,21.125,16.76633071899414,243800,no_news,0.0,Not Recession,no_anomaly,0
2000-11-10,23.0625,23.125,20.25,20.25,16.07186508178711,538300,no_news,0.0,Not Recession,no_anomaly,0
2000-11-09,23.0,23.375,22.5,22.8125,18.10565185546875,156700,no_news,0.0,Not Recession,no_anomaly,0
2000-11-08,24.75,24.78125,22.9375,22.9375,18.204858779907227,277400,no_news,0.0,Not Recession,no_anomaly,0
2000-11-07,25.75,25.75,24.125,24.5,19.44496726989746,411700,no_news,0.0,Not Recession,no_anomaly,0
2000-11-06,25.25,26.375,24.375,25.5,20.238645553588867,346500,no_news,0.0,Not Recession,no_anomaly,0
2000-11-03,25.84375,25.9375,23.8125,25.0,19.841815948486328,154400,no_news,0.0,Not Recession,no_anomaly,0
2000-11-02,26.15625,26.25,25.375,25.5,20.238645553588867,345800,no_news,0.0,Not Recession,no_anomaly,0
2000-11-01,24.5,26.25,24.125,25.625,20.337860107421875,298500,no_news,0.0,Not Recession,no_anomaly,0
2000-10-31,24.125,26.5625,23.8125,26.5,21.03232383728028,239300,no_news,0.0,Not Recession,no_anomaly,0
2000-10-30,22.9375,24.5,22.875,24.125,19.14734268188477,220700,no_news,0.0,Not Recession,no_anomaly,0
2000-10-27,25.0,25.75,22.875,23.390625,18.56449508666992,500900,no_news,0.0,Not Recession,no_anomaly,0
2000-10-26,22.5625,24.9375,22.5,24.875,19.742599487304688,464500,no_news,0.0,Not Recession,no_anomaly,0
2000-10-25,22.0,24.0,21.625,22.0,17.460792541503906,262900,no_news,0.0,Not Recession,no_anomaly,0
2000-10-24,25.421875,26.125,22.4375,22.625,17.95684242248535,317100,no_news,0.0,Not Recession,no_anomaly,0
2000-10-23,21.890625,26.9375,21.375,25.4375,20.189041137695312,438500,no_news,0.0,Not Recession,no_anomaly,0
2000-10-20,25.125,25.5,23.375,23.375,18.55208778381348,245200,no_news,0.0,Not Recession,no_anomaly,0
2000-10-19,23.609375,25.0,23.0625,24.78125,19.66819190979004,543000,no_news,0.0,Not Recession,no_anomaly,0
2000-10-18,21.0,24.5,21.0,23.125,18.35367202758789,476700,no_news,0.0,Not Recession,no_anomaly,0
2000-10-17,24.375,24.375,21.5,22.125,17.560001373291016,313900,no_news,0.0,Not Recession,no_anomaly,0
2000-10-16,25.5625,27.25,22.5,22.625,17.95684242248535,332700,no_news,0.0,Not Recession,no_anomaly,0
2000-10-13,24.125,27.75,23.25,24.8125,19.69299697875977,439300,no_news,0.0,Not Recession,no_anomaly,0
2000-10-12,24.625,25.0625,22.8125,23.125,18.35367202758789,287900,no_news,0.0,Not Recession,no_anomaly,0
2000-10-11,23.1875,24.75,22.625,24.625,19.54418182373047,431100,no_news,0.0,Not Recession,no_anomaly,0
2000-10-10,26.75,27.5,21.625,23.875,18.94892692565918,597000,no_news,0.0,Not Recession,no_anomaly,0
2000-10-09,24.5625,28.0,23.25,27.9375,22.17322540283203,280500,no_news,0.0,Not Recession,no_anomaly,0
2000-10-06,25.0,25.8125,23.5625,24.25,19.24655532836914,220300,no_news,0.0,Not Recession,no_anomaly,0
2000-10-05,27.0,28.125,24.375,24.4375,19.39536476135254,475600,no_news,0.0,Not Recession,no_anomaly,0
2000-10-04,27.25,27.25,23.5,26.8125,21.28034400939941,1290600,no_news,0.0,Not Recession,no_anomaly,0
2000-10-03,29.75,30.0,25.5,26.375,20.9331111907959,922800,no_news,0.0,Not Recession,no_anomaly,0
2000-10-02,32.875,34.125,29.5,29.875,23.7109603881836,247600,no_news,0.0,Not Recession,no_anomaly,0
2000-09-29,34.625,34.75,32.0,33.125,26.290395736694336,359000,no_news,0.0,Not Recession,no_anomaly,0
2000-09-28,30.75,36.0,29.625,34.875,27.679323196411133,785900,no_news,0.0,Not Recession,no_anomaly,0
2000-09-27,31.90625,32.625,30.625,31.5,25.00067901611328,316000,no_news,0.0,Not Recession,no_anomaly,0
2000-09-26,32.375,33.125,30.5,31.875,25.298303604125977,539300,no_news,0.0,Not Recession,no_anomaly,0
2000-09-25,39.96875,40.0,30.75,31.0,24.603843688964844,363100,no_news,0.0,Not Recession,no_anomaly,0
2000-09-22,40.09375,41.25,37.0,38.0,30.1595516204834,432800,no_news,0.0,Not Recession,no_anomaly,0
2000-09-21,46.0,46.0,42.5625,42.9375,34.07830810546875,137500,no_news,0.0,Not Recession,no_anomaly,0
2000-09-20,46.0625,48.25,45.625,46.8125,37.15378189086914,226000,no_news,0.0,Not Recession,no_anomaly,0
2000-09-19,42.25,47.0,40.75,46.5,36.905757904052734,151400,no_news,0.0,Not Recession,no_anomaly,0
2000-09-18,44.3125,45.6875,41.25,42.125,33.43345260620117,101600,no_news,0.0,Not Recession,no_anomaly,0
2000-09-15,43.9375,44.875,42.625,42.625,33.83027267456055,115000,no_news,0.0,Not Recession,no_anomaly,0
2000-09-14,45.15625,47.75,44.625,45.9375,36.459320068359375,186700,no_news,0.0,Not Recession,no_anomaly,0
2000-09-13,43.75,46.375,43.0,44.1875,35.07040786743164,208300,no_news,0.0,Not Recession,no_anomaly,0
2000-09-12,44.5625,45.875,42.0,43.984375,34.90918731689453,688700,no_news,0.0,Not Recession,no_anomaly,0
2000-09-11,46.75,50.0,46.25,46.5,36.905757904052734,150500,no_news,0.0,Not Recession,no_anomaly,0
2000-09-08,50.75,50.75,46.375,46.375,36.80655288696289,100800,no_news,0.0,Not Recession,no_anomaly,0
2000-09-07,50.0,53.125,48.25,51.0,40.47729110717773,209600,no_news,0.0,Not Recession,no_anomaly,0
2000-09-06,54.375,54.9375,49.0,50.5625,40.13006210327149,172100,no_news,0.0,Not Recession,no_anomaly,0
2000-09-05,58.9375,58.96875,54.0,54.4375,43.205528259277344,170400,no_news,0.0,Not Recession,no_anomaly,0
2000-09-01,55.4375,59.0,55.4375,57.875,45.93378829956055,263800,no_news,0.0,Not Recession,no_anomaly,0
2000-08-31,52.5,57.4375,51.5,55.3125,43.90000534057617,463900,no_news,0.0,Not Recession,no_anomaly,0
2000-08-30,53.625,54.125,51.0,52.0,41.27096557617188,80000,no_news,0.0,Not Recession,no_anomaly,0
2000-08-29,55.5,55.625,52.125,53.8125,42.70949935913086,83500,no_news,0.0,Not Recession,no_anomaly,0
2000-08-28,53.0,56.25,52.75,54.5625,43.30474472045898,88500,no_news,0.0,Not Recession,no_anomaly,0
2000-08-25,54.25,54.25,51.9375,52.5625,41.717403411865234,82600,no_news,0.0,Not Recession,no_anomaly,0
2000-08-24,54.25,55.5,53.5,53.75,42.65989303588867,230900,no_news,0.0,Not Recession,no_anomaly,0
2000-08-23,49.03125,54.5,49.0,54.3125,43.10633087158203,202000,no_news,0.0,Not Recession,no_anomaly,0
2000-08-22,46.625,51.25,46.25,50.9375,40.42768096923828,218200,no_news,0.0,Not Recession,no_anomaly,0
2000-08-21,48.0,48.0,45.0,46.375,36.80655288696289,144900,no_news,0.0,Not Recession,no_anomaly,0
2000-08-18,46.0,48.0,45.25,46.625,37.004974365234375,89600,no_news,0.0,Not Recession,no_anomaly,0
2000-08-17,42.875,45.9375,42.1875,45.9375,36.459320068359375,132700,no_news,0.0,Not Recession,no_anomaly,0
2000-08-16,41.625,43.625,41.5,42.8125,33.979095458984375,193300,no_news,0.0,Not Recession,no_anomaly,0
2000-08-15,40.8125,43.125,40.375,41.5,32.93741226196289,261000,no_news,0.0,Not Recession,no_anomaly,0
2000-08-14,38.5,41.625,37.25,39.75,31.548471450805664,121600,no_news,0.0,Not Recession,no_anomaly,0
2000-08-11,35.375,38.0,34.75,37.875,30.06034469604492,141600,no_news,0.0,Not Recession,no_anomaly,0
2000-08-10,37.6875,38.75,34.0,35.375,28.076160430908203,184300,no_news,0.0,Not Recession,no_anomaly,0
2000-08-09,36.25,39.875,36.25,37.625,29.861927032470703,271500,no_news,0.0,Not Recession,no_anomaly,0
2000-08-08,38.625,38.625,35.25,36.125,28.6714096069336,374500,no_news,0.0,Not Recession,no_anomaly,0
2000-08-07,40.5,40.5,38.1875,38.625,30.65559196472168,240100,no_news,0.0,Not Recession,no_anomaly,0
2000-08-04,40.25,42.375,38.875,40.0,31.746910095214844,290800,no_news,0.0,Not Recession,no_anomaly,0
2000-08-03,44.0,44.0,37.5,40.1875,31.89570999145508,577000,no_news,0.0,Not Recession,no_anomaly,0
2000-08-02,47.0,47.25,45.375,45.5625,36.16169357299805,101500,no_news,0.0,Not Recession,no_anomaly,0
2000-08-01,49.25,50.625,46.9375,47.0,37.30260848999024,186400,no_news,0.0,Not Recession,no_anomaly,0
2000-07-31,44.9375,49.625,44.5,49.625,39.38599395751953,213900,no_news,0.0,Not Recession,no_anomaly,0
2000-07-28,43.78125,47.5,40.0,45.5,36.112083435058594,204200,no_news,0.0,Not Recession,no_anomaly,0
2000-07-27,52.0,52.4375,46.0,46.0,36.50894165039063,183700,no_news,0.0,Not Recession,no_anomaly,0
2000-07-26,53.875,54.25,50.234375,51.0,40.47729110717773,98200,no_news,0.0,Not Recession,no_anomaly,0
2000-07-25,55.0,55.734375,52.0,53.875,42.759090423583984,567000,no_news,0.0,Not Recession,no_anomaly,0
2000-07-24,56.6875,56.75,53.75,53.75,42.65989303588867,142300,no_news,0.0,Not Recession,no_anomaly,0
2000-07-21,55.875,58.25,55.5625,56.25,44.64406967163086,89100,no_news,0.0,Not Recession,no_anomaly,0
2000-07-20,58.9375,60.0625,57.0,57.5,45.63616561889648,172600,no_news,0.0,Not Recession,no_anomaly,0
2000-07-19,63.0,63.125,58.875,59.0,46.82666778564453,144800,no_news,0.0,Not Recession,no_anomaly,0
2000-07-18,67.9375,68.125,62.75,62.8125,49.8525505065918,190400,no_news,0.0,Not Recession,no_anomaly,0
2000-07-17,65.625,69.375,65.625,68.0,53.96971893310547,105800,no_news,0.0,Not Recession,no_anomaly,0
2000-07-14,66.125,67.125,65.1875,65.75,52.1839599609375,78800,no_news,0.0,Not Recession,no_anomaly,0
2000-07-13,62.125,69.25,61.875,64.25,50.99345016479492,253600,no_news,0.0,Not Recession,no_anomaly,0
2000-07-12,54.25,61.5,54.25,61.5,48.81085205078125,339300,no_news,0.0,Not Recession,no_anomaly,0
2000-07-11,56.75,57.625,53.5,54.125,42.95752716064453,259500,no_news,0.0,Not Recession,no_anomaly,0
2000-07-10,54.5,63.75,54.0,57.25,45.43775177001953,355800,no_news,0.0,Not Recession,no_anomaly,0
2000-07-07,51.875,57.0,51.625,55.125,43.75119400024414,463100,no_news,0.0,Not Recession,no_anomaly,0
2000-07-06,54.25,54.75,51.25,51.5,40.8741340637207,254100,no_news,0.0,Not Recession,no_anomaly,0
2000-07-05,61.375,61.5625,52.28125,53.5,42.46147537231445,194100,no_news,0.0,Not Recession,no_anomaly,0
2000-07-03,64.0,64.875,60.5,61.75,49.0092658996582,49300,no_news,0.0,Not Recession,no_anomaly,0
2000-06-30,60.625,64.4375,59.25,63.9375,50.74543380737305,492600,no_news,0.0,Not Recession,no_anomaly,0
2000-06-29,59.0,60.75,56.75,59.375,47.12429428100586,132700,no_news,0.0,Not Recession,no_anomaly,0
2000-06-28,56.25,59.75,54.25,58.125,46.132205963134766,120600,no_news,0.0,Not Recession,no_anomaly,0
2000-06-27,57.75,59.75,55.0,56.4375,44.79288864135742,279000,no_news,0.0,Not Recession,no_anomaly,0
2000-06-26,57.9375,58.0,56.0,57.203125,45.40054702758789,249200,no_news,0.0,Not Recession,no_anomaly,0
2000-06-23,57.6875,60.0,56.125,56.125,44.54485702514648,77700,no_news,0.0,Not Recession,no_anomaly,0
2000-06-22,61.875,62.75,56.90625,57.875,45.93378829956055,167700,no_news,0.0,Not Recession,no_anomaly,0
2000-06-21,57.09375,61.5,56.8125,61.5,48.81085205078125,302800,no_news,0.0,Not Recession,no_anomaly,0
2000-06-20,59.375,60.0,56.0,57.0,45.23931884765625,299700,no_news,0.0,Not Recession,no_anomaly,0
2000-06-19,58.75,59.6875,56.5,58.3125,46.28102493286133,159000,no_news,0.0,Not Recession,no_anomaly,0
2000-06-16,59.0,59.875,56.5,58.625,46.52904891967773,223100,no_news,0.0,Not Recession,no_anomaly,0
2000-06-15,61.46875,62.875,56.0,58.125,46.132205963134766,348700,no_news,0.0,Not Recession,no_anomaly,0
2000-06-14,65.0,65.5,61.0,61.0,48.414005279541016,137000,no_news,0.0,Not Recession,no_anomaly,0
2000-06-13,58.25,65.15625,58.125,64.625,51.29107666015625,379900,no_news,0.0,Not Recession,no_anomaly,0
2000-06-12,58.25,63.25,58.125,61.75,49.0092658996582,341900,no_news,0.0,Not Recession,no_anomaly,0
2000-06-09,58.5,58.625,54.875,58.0625,46.08260345458984,158800,no_news,0.0,Not Recession,no_anomaly,0
2000-06-08,59.0,59.625,56.25,56.875,45.140113830566406,139300,no_news,0.0,Not Recession,no_anomaly,0
2000-06-07,55.125,58.75,53.5,55.5,44.048828125,364200,no_news,0.0,Not Recession,no_anomaly,0
2000-06-06,54.25,59.75,53.8125,53.8125,42.70949935913086,175000,no_news,0.0,Not Recession,no_anomaly,0
2000-06-05,53.875,55.5,51.375,54.5625,43.30474472045898,370900,no_news,0.0,Not Recession,no_anomaly,0
2000-06-02,56.25,59.5,53.5,56.375,44.7432746887207,560400,no_news,0.0,Not Recession,no_anomaly,0
2000-06-01,43.6875,52.5,42.875,52.171875,41.407371520996094,3665300,no_news,0.0,Not Recession,no_anomaly,0
2000-05-31,49.875,51.25,37.0,39.75,31.548471450805664,2123900,no_news,0.0,Not Recession,no_anomaly,0
2000-05-30,48.9375,50.5,48.9375,50.0,39.683631896972656,304000,no_news,0.0,Not Recession,no_anomaly,0
2000-05-26,48.5,49.0,46.0,47.625,37.79864883422852,65300,no_news,0.0,Not Recession,no_anomaly,0
2000-05-25,52.125,52.125,46.375,47.0,37.30260848999024,185400,no_news,0.0,Not Recession,no_anomaly,0
2000-05-24,53.0,53.0,44.3125,50.75,40.27886581420898,386100,no_news,0.0,Not Recession,no_anomaly,0
2000-05-23,60.25,62.625,50.875,51.625,40.97332763671875,142400,no_news,0.0,Not Recession,no_anomaly,0
2000-05-22,61.3125,61.75,55.125,60.0,47.62034225463867,110500,no_news,0.0,Not Recession,no_anomaly,0
2000-05-19,66.375,66.75,57.625,61.5,48.81085205078125,206100,no_news,0.0,Not Recession,no_anomaly,0
2000-05-18,72.25,72.25,65.5,66.125,52.48159790039063,125900,no_news,0.0,Not Recession,no_anomaly,0
2000-05-17,74.125,74.125,67.875,72.0,57.1444206237793,85400,no_news,0.0,Not Recession,no_anomaly,0
2000-05-16,73.5,75.25,70.875,74.0,58.73176193237305,78000,no_news,0.0,Not Recession,no_anomaly,0
2000-05-15,68.0,72.375,63.125,72.375,57.4420280456543,99400,no_news,0.0,Not Recession,no_anomaly,0
2000-05-12,70.0,74.1875,68.0,68.0,53.96971893310547,116300,no_news,0.0,Not Recession,no_anomaly,0
2000-05-11,71.15625,71.75,67.0,70.5,55.953914642333984,155200,no_news,0.0,Not Recession,no_anomaly,0
2000-05-10,68.0625,72.46875,68.0625,69.0625,54.81299209594727,168400,no_news,0.0,Not Recession,no_anomaly,0
2000-05-09,78.8125,80.25,74.0,74.25,58.93017959594727,132400,no_news,0.0,Not Recession,no_anomaly,0
2000-05-08,84.0,84.0,76.5,78.375,62.204063415527344,94300,no_news,0.0,Not Recession,no_anomaly,0
2000-05-05,83.0,87.125,82.0,84.53125,67.09013366699219,56900,no_news,0.0,Not Recession,no_anomaly,0
2000-05-04,80.625,84.0,78.25,83.625,66.370849609375,115500,no_news,0.0,Not Recession,no_anomaly,0
2000-05-03,83.1875,83.25,73.5,80.0,63.49382019042969,267900,no_news,0.0,Not Recession,no_anomaly,0
2000-05-02,84.75,90.25,84.0,84.5625,67.11492156982422,162200,no_news,0.0,Not Recession,no_anomaly,0
2000-05-01,91.84375,91.875,83.75,85.75,68.05741119384766,147600,no_news,0.0,Not Recession,no_anomaly,0
2000-04-28,87.375,91.0,87.0,89.6875,71.18248748779297,271300,no_news,0.0,Not Recession,no_anomaly,0
2000-04-27,75.0,86.75,73.25,86.75,68.85107421875,168800,no_news,0.0,Not Recession,no_anomaly,0
2000-04-26,89.0,89.5,80.765625,81.75,64.88272857666016,190600,no_news,0.0,Not Recession,no_anomaly,0
2000-04-25,78.65625,88.5,78.375,88.5,70.24000549316406,187600,no_news,0.0,Not Recession,no_anomaly,0
2000-04-24,80.125,80.125,75.0625,78.875,62.60089492797852,154000,no_news,0.0,Not Recession,no_anomaly,0
2000-04-20,83.625,85.625,76.125,83.375,66.17245483398438,174900,no_news,0.0,Not Recession,no_anomaly,0
2000-04-19,84.875,88.75,81.75,85.375,67.7597885131836,583100,no_news,0.0,Not Recession,no_anomaly,0
2000-04-18,70.0,84.75,68.8125,84.5,67.06532287597656,626200,no_news,0.0,Not Recession,no_anomaly,0
2000-04-17,60.5,69.25,59.125,69.25,54.96181106567383,252400,no_news,0.0,Not Recession,no_anomaly,0
2000-04-14,69.3125,69.3125,62.25,62.375,49.50532150268555,180900,no_news,0.0,Not Recession,no_anomaly,0
2000-04-13,72.0,72.75,70.75,71.125,56.44993591308594,354900,no_news,0.0,Not Recession,no_anomaly,0
2000-04-12,73.75,73.75,70.828125,71.0,56.35074234008789,242900,no_news,0.0,Not Recession,no_anomaly,0
2000-04-11,69.75,74.0,68.75,73.5,58.33491516113281,216200,no_news,0.0,Not Recession,no_anomaly,0
2000-04-10,72.125,73.25,69.625,69.6875,55.30904006958008,97700,no_news,0.0,Not Recession,no_anomaly,0
2000-04-07,72.0,75.25,68.5,71.75,56.94600296020508,429700,no_news,0.0,Not Recession,no_anomaly,0
2000-04-06,67.0,70.25,63.125,69.0,54.76340103149414,487100,no_news,0.0,Not Recession,no_anomaly,0
2000-04-05,60.9375,65.375,59.25,62.375,49.50532150268555,579400,no_news,0.0,Not Recession,no_anomaly,0
2000-04-04,60.75,61.4375,53.375,60.4375,47.967567443847656,380600,no_news,0.0,Not Recession,no_anomaly,0
2000-04-03,61.5,66.3125,60.75,61.4375,48.76123809814453,222300,no_news,0.0,Not Recession,no_anomaly,0
2000-03-31,58.375,62.875,56.0,62.5,49.604530334472656,448700,no_news,0.0,Not Recession,no_anomaly,0
2000-03-30,64.96875,65.1875,53.0,58.25,46.23141098022461,357900,no_news,0.0,Not Recession,no_anomaly,0
2000-03-29,69.75,69.75,64.5625,66.0,52.38237380981445,135200,no_news,0.0,Not Recession,no_anomaly,0
2000-03-28,71.875,71.875,69.0,69.125,54.86261367797852,84400,no_news,0.0,Not Recession,no_anomaly,0
2000-03-27,75.0,76.0,72.0,72.0,57.1444206237793,96800,no_news,0.0,Not Recession,no_anomaly,0
2000-03-24,73.3125,75.875,73.3125,74.5,59.12860107421875,206200,no_news,0.0,Not Recession,no_anomaly,0
2000-03-23,72.8125,74.0,72.75,73.0,57.93809127807617,130700,no_news,0.0,Not Recession,no_anomaly,0
2000-03-22,68.625,74.0,68.25,72.875,57.83888244628906,266900,no_news,0.0,Not Recession,no_anomaly,0
2000-03-21,69.5,69.78125,66.0,68.875,54.6641845703125,176600,no_news,0.0,Not Recession,no_anomaly,0
2000-03-20,76.625,76.875,69.25,69.25,54.96181106567383,126200,no_news,0.0,Not Recession,no_anomaly,0
2000-03-17,70.5,77.375,70.25,76.75,60.91433334350586,398000,no_news,0.0,Not Recession,no_anomaly,0
2000-03-16,70.125,72.25,66.625,71.375,56.64836502075195,390300,no_news,0.0,Not Recession,no_anomaly,0
2000-03-15,74.5,75.125,69.5,70.125,55.65628433227539,384500,no_news,0.0,Not Recession,no_anomaly,0
2000-03-14,73.25,76.0,73.0,74.5,59.12860107421875,207500,no_news,0.0,Not Recession,no_anomaly,0
2000-03-13,71.78125,73.375,71.75,73.0,57.93809127807617,86100,no_news,0.0,Not Recession,no_anomaly,0
2000-03-10,79.8125,79.875,73.875,74.0,58.73176193237305,365100,no_news,0.0,Not Recession,no_anomaly,0
2000-03-09,75.9375,80.5,75.9375,79.75,63.295387268066406,922900,no_news,0.0,Not Recession,no_anomaly,0
2000-03-08,76.0,76.375,71.25,76.0,60.3191032409668,3024200,no_news,0.0,Not Recession,no_anomaly,0
2000-03-07,79.875,83.25,76.625,78.625,62.40250396728516,201000,no_news,0.0,Not Recession,no_anomaly,0
2000-03-06,75.125,81.25,75.125,80.0,63.49382019042969,177800,no_news,0.0,Not Recession,no_anomaly,0
2000-03-03,76.25,80.5,74.625,74.75,59.32700729370117,354000,no_news,0.0,Not Recession,no_anomaly,0
2000-03-02,75.375,77.0,73.5,76.125,60.41830825805664,257400,no_news,0.0,Not Recession,no_anomaly,0
2000-03-01,72.5,76.3125,70.0,75.375,59.82304382324219,222300,no_news,0.0,Not Recession,no_anomaly,0
2000-02-29,67.0,75.25,66.875,72.25,57.34281921386719,254000,no_news,0.0,Not Recession,no_anomaly,0
2000-02-28,62.0,67.0,61.75,66.75,52.97762298583984,190000,no_news,0.0,Not Recession,no_anomaly,0
2000-02-25,61.75,63.625,61.625,61.75,49.0092658996582,89700,no_news,0.0,Not Recession,no_anomaly,0
2000-02-24,61.0,62.5,60.75,62.125,49.30691146850586,160600,no_news,0.0,Not Recession,no_anomaly,0
2000-02-23,55.5,61.0,55.5,60.75,48.21559524536133,160900,no_news,0.0,Not Recession,no_anomaly,0
2000-02-22,60.25,60.5,53.5,56.375,44.7432746887207,130100,no_news,0.0,Not Recession,no_anomaly,0
2000-02-18,60.875,61.5,60.625,60.8125,48.26519775390625,171100,no_news,0.0,Not Recession,no_anomaly,0
2000-02-17,59.625,62.0,58.125,61.125,48.51322937011719,201700,no_news,0.0,Not Recession,no_anomaly,0
2000-02-16,58.375,62.125,58.125,61.0,48.414005279541016,163200,no_news,0.0,Not Recession,no_anomaly,0
2000-02-15,63.375,64.25,57.25,58.25,46.23141098022461,150900,no_news,0.0,Not Recession,no_anomaly,0
2000-02-14,66.75,67.625,60.5,63.5,50.39818954467773,434800,no_news,0.0,Not Recession,no_anomaly,0
2000-02-11,67.0,68.25,66.25,67.75,53.77131652832031,138300,no_news,0.0,Not Recession,no_anomaly,0
2000-02-10,65.0,68.875,64.875,66.8125,53.02724075317383,209100,no_news,0.0,Not Recession,no_anomaly,0
2000-02-09,63.5,65.5,63.5,64.6875,51.34068298339844,198400,no_news,0.0,Not Recession,no_anomaly,0
2000-02-08,63.125,65.8125,63.125,63.5,50.39818954467773,127000,no_news,0.0,Not Recession,no_anomaly,0
2000-02-07,59.25,63.109375,58.0,62.25,49.40610122680664,156600,no_news,0.0,Not Recession,no_anomaly,0
2000-02-04,55.5625,58.0,55.125,58.0,46.03300094604492,210700,no_news,0.0,Not Recession,no_anomaly,0
2000-02-03,53.5,55.5625,53.5,55.375,43.94960403442383,114900,no_news,0.0,Not Recession,no_anomaly,0
2000-02-02,53.875,54.1875,53.25,54.0,42.85830307006836,103700,no_news,0.0,Not Recession,no_anomaly,0
2000-02-01,51.375,54.125,51.0625,53.96875,42.8335075378418,67100,no_news,0.0,Not Recession,no_anomaly,0
2000-01-31,53.125,53.25,48.875,51.0,40.47729110717773,133200,no_news,0.0,Not Recession,no_anomaly,0
2000-01-28,54.4375,55.5,53.5,53.5,42.46147537231445,225400,no_news,0.0,Not Recession,no_anomaly,0
2000-01-27,53.25,56.375,53.0,54.4375,43.205528259277344,431400,no_news,0.0,Not Recession,no_anomaly,0
2000-01-26,50.75,53.875,50.0,52.875,41.965431213378906,223400,no_news,0.0,Not Recession,no_anomaly,0
2000-01-25,50.5,51.5,48.5,50.875,40.37808227539063,260400,no_news,0.0,Not Recession,no_anomaly,0
2000-01-24,51.125,54.5,49.5,51.375,40.7749252319336,441600,no_news,0.0,Not Recession,no_anomaly,0
2000-01-21,47.0,54.75,46.25,51.125,40.576507568359375,1038200,no_news,0.0,Not Recession,no_anomaly,0
2000-01-20,46.5625,46.625,43.0,43.125,34.22712707519531,208100,no_news,0.0,Not Recession,no_anomaly,0
2000-01-19,42.5,46.625,42.25,46.125,36.60813522338867,436800,no_news,0.0,Not Recession,no_anomaly,0
2000-01-18,40.125,43.5,40.125,42.5,33.7310791015625,209900,no_news,0.0,Not Recession,no_anomaly,0
2000-01-14,39.125,41.625,39.125,40.625,32.242950439453125,333100,no_news,0.0,Not Recession,no_anomaly,0
2000-01-13,35.5,38.6875,35.5,38.6875,30.70520401000977,454100,no_news,0.0,Not Recession,no_anomaly,0
2000-01-12,33.1875,36.625,33.125,34.875,27.679323196411133,169900,no_news,0.0,Not Recession,no_anomaly,0
2000-01-11,32.0,34.375,31.6875,33.25,26.389610290527344,567200,no_news,0.0,Not Recession,no_anomaly,0
2000-01-10,30.375,31.625,30.375,31.4375,24.951074600219727,267400,no_news,0.0,Not Recession,no_anomaly,0
2000-01-07,30.75,30.875,29.75,30.375,24.107797622680664,121300,no_news,0.0,Not Recession,no_anomaly,0
2000-01-06,30.25,30.875,29.75,30.25,24.00858688354492,170200,no_news,0.0,Not Recession,no_anomaly,0
2000-01-05,30.125,30.625,29.75,30.3125,24.05819702148437,86000,no_news,0.0,Not Recession,no_anomaly,0
2000-01-04,31.25,31.5,30.125,30.625,24.30621910095215,74000,no_news,0.0,Not Recession,no_anomaly,0
2000-01-03,32.5,32.625,30.375,32.375,25.695146560668945,58000,no_news,0.0,Not Recession,no_anomaly,0
1999-12-31,32.625,33.25,32.5625,32.5625,25.843957901000977,20400,no_news,0.0,Not Recession,no_anomaly,0
1999-12-30,33.3125,33.5,32.625,32.625,25.8935604095459,26800,no_news,0.0,Not Recession,no_anomaly,0
1999-12-29,32.25,34.25,31.875,33.25,26.389610290527344,76800,no_news,0.0,Not Recession,no_anomaly,0
1999-12-28,32.0625,32.921875,32.0,32.375,25.695146560668945,61000,no_news,0.0,Not Recession,no_anomaly,0
1999-12-27,31.0,32.25,30.25,32.125,25.49672508239746,54700,no_news,0.0,Not Recession,no_anomaly,0
1999-12-23,32.25,33.0,30.75,30.75,24.405426025390625,220300,no_news,0.0,Not Recession,no_anomaly,0
1999-12-22,29.90625,32.5625,29.25,32.5625,25.843957901000977,183900,no_news,0.0,Not Recession,no_anomaly,0
1999-12-21,29.25,30.625,29.25,30.5,24.207002639770508,188200,no_news,0.0,Not Recession,no_anomaly,0
1999-12-20,26.75,29.875,26.625,29.125,23.115705490112305,184000,no_news,0.0,Not Recession,no_anomaly,0
1999-12-17,27.4375,27.5,25.875,26.625,21.13152885437012,101600,no_news,0.0,Not Recession,no_anomaly,0
1999-12-16,25.125,27.5,25.0625,27.5,21.82598876953125,163000,no_news,0.0,Not Recession,no_anomaly,0
1999-12-15,25.625,25.625,23.625,25.125,19.941022872924805,195900,no_news,0.0,Not Recession,no_anomaly,0
1999-12-14,28.875,28.875,26.0,26.0,20.635482788085938,69400,no_news,0.0,Not Recession,no_anomaly,0
1999-12-13,28.625,29.5,28.5,28.6875,22.768478393554688,30000,no_news,0.0,Not Recession,no_anomaly,0
1999-12-10,27.625,28.75,26.75,28.75,22.81808280944824,97300,no_news,0.0,Not Recession,no_anomaly,0
1999-12-09,28.625,28.75,27.375,28.0,22.22282791137696,54700,no_news,0.0,Not Recession,no_anomaly,0
1999-12-08,28.875,29.25,28.6875,28.6875,22.768478393554688,71600,no_news,0.0,Not Recession,no_anomaly,0
1999-12-07,28.875,29.4375,28.625,29.4375,23.363731384277344,54300,no_news,0.0,Not Recession,no_anomaly,0
1999-12-06,27.875,29.4375,27.375,28.75,22.81808280944824,114800,no_news,0.0,Not Recession,no_anomaly,0
1999-12-03,27.0,28.5625,27.0,28.0,22.22282791137696,117500,no_news,0.0,Not Recession,no_anomaly,0
1999-12-02,26.25,27.3125,26.125,27.25,21.627573013305664,69000,no_news,0.0,Not Recession,no_anomaly,0
1999-12-01,27.5,27.6875,25.625,25.75,20.43706703186035,96900,no_news,0.0,Not Recession,no_anomaly,0
1999-11-30,28.25,28.25,27.125,27.25,21.627573013305664,102800,no_news,0.0,Not Recession,no_anomaly,0
1999-11-29,27.75,28.625,27.5,27.8125,22.074012756347656,75900,no_news,0.0,Not Recession,no_anomaly,0
1999-11-26,27.25,28.75,27.25,27.75,22.0244140625,46200,no_news,0.0,Not Recession,no_anomaly,0
1999-11-24,27.0,27.5,27.0,27.25,21.627573013305664,94500,no_news,0.0,Not Recession,no_anomaly,0
1999-11-23,28.625,28.875,26.4375,27.3125,21.67717742919922,286600,no_news,0.0,Not Recession,no_anomaly,0
1999-11-22,29.875,30.125,28.625,29.75,23.61175537109375,124600,no_news,0.0,Not Recession,no_anomaly,0
1999-11-19,28.3125,31.375,28.3125,29.9375,23.76056671142578,515600,no_news,0.0,Not Recession,no_anomaly,0
1999-11-18,26.875,28.125,26.875,28.0625,22.27242851257324,292200,no_news,0.0,Not Recession,no_anomaly,0
1999-11-17,26.125,27.125,26.0,27.0,21.42915153503418,137900,no_news,0.0,Not Recession,no_anomaly,0
1999-11-16,26.875,27.375,26.0,26.5,21.03232383728028,221300,no_news,0.0,Not Recession,no_anomaly,0
1999-11-15,25.9375,27.375,24.3125,27.375,21.726781845092773,129600,no_news,0.0,Not Recession,no_anomaly,0
1999-11-12,24.25,27.25,23.375,26.0,20.635482788085938,249300,no_news,0.0,Not Recession,no_anomaly,0
1999-11-11,23.125,24.5,23.0,23.875,18.94892692565918,111100,no_news,0.0,Not Recession,no_anomaly,0
1999-11-10,23.0,23.5,22.75,22.9375,18.204858779907227,85900,no_news,0.0,Not Recession,no_anomaly,0
1999-11-09,24.4375,24.4375,22.25,22.9375,18.204858779907227,82700,no_news,0.0,Not Recession,no_anomaly,0
1999-11-08,23.125,24.125,22.9375,24.125,19.14734268188477,130600,no_news,0.0,Not Recession,no_anomaly,0
1999-11-05,22.25,23.8125,22.125,23.0,18.254470825195312,275500,no_news,0.0,Not Recession,no_anomaly,0
1999-11-04,21.625,23.25,20.875,22.125,17.560001373291016,152600,no_news,0.0,Not Recession,no_anomaly,0
1999-11-03,22.875,23.375,21.4375,21.875,17.36157989501953,338200,no_news,0.0,Not Recession,no_anomaly,0
1999-11-02,18.0625,23.375,18.0625,22.875,18.15525245666504,1406900,no_news,0.0,Not Recession,no_anomaly,0
1999-11-01,19.125,20.0,17.625,18.0,14.286105155944824,394100,no_news,0.0,Not Recession,no_anomaly,0
1999-10-29,18.9375,19.5625,18.5,19.0,15.0797758102417,223200,no_news,0.0,Not Recession,no_anomaly,0
1999-10-28,19.0,19.375,18.4375,18.625,14.782150268554688,116600,no_news,0.0,Not Recession,no_anomaly,0
1999-10-27,18.9375,18.9375,18.375,18.5625,14.732544898986816,72000,no_news,0.0,Not Recession,no_anomaly,0
1999-10-26,18.65625,19.875,18.65625,18.875,14.980561256408691,82300,no_news,0.0,Not Recession,no_anomaly,0
1999-10-25,18.25,18.5625,17.875,18.5,14.682940483093262,21800,no_news,0.0,Not Recession,no_anomaly,0
1999-10-22,17.625,18.375,17.625,18.0,14.286105155944824,31800,no_news,0.0,Not Recession,no_anomaly,0
1999-10-21,17.75,18.125,16.6875,18.125,14.385309219360352,124700,no_news,0.0,Not Recession,no_anomaly,0
1999-10-20,18.0,18.125,17.625,17.75,14.087685585021973,168500,no_news,0.0,Not Recession,no_anomaly,0
1999-10-19,18.375,18.875,17.5,17.625,13.988478660583496,62800,no_news,0.0,Not Recession,no_anomaly,0
1999-10-18,19.03125,19.125,18.125,18.4375,14.633333206176758,68400,no_news,0.0,Not Recession,no_anomaly,0
1999-10-15,18.125,19.25,18.0,19.0,15.0797758102417,95800,no_news,0.0,Not Recession,no_anomaly,0
1999-10-14,19.125,19.25,18.25,18.625,14.782150268554688,320800,no_news,0.0,Not Recession,no_anomaly,0
1999-10-13,19.6875,19.875,18.75,19.0,15.0797758102417,78400,no_news,0.0,Not Recession,no_anomaly,0
1999-10-12,19.5,20.125,19.125,20.0,15.873455047607422,369700,no_news,0.0,Not Recession,no_anomaly,0
1999-10-11,18.625,18.875,18.125,18.625,14.782150268554688,138700,no_news,0.0,Not Recession,no_anomaly,0
1999-10-08,18.25,18.5625,18.25,18.375,14.583728790283203,100400,no_news,0.0,Not Recession,no_anomaly,0
1999-10-07,18.75,18.75,18.25,18.375,14.583728790283203,173200,no_news,0.0,Not Recession,no_anomaly,0
1999-10-06,18.75,19.25,18.375,18.625,14.782150268554688,99600,no_news,0.0,Not Recession,no_anomaly,0
1999-10-05,18.375,19.0,18.0,18.5625,14.732544898986816,284400,no_news,0.0,Not Recession,no_anomaly,0
1999-10-04,18.375,19.0625,17.625,18.1875,14.434917449951172,211800,no_news,0.0,Not Recession,no_anomaly,0
1999-10-01,17.75,19.0,17.5625,19.0,15.0797758102417,124000,no_news,0.0,Not Recession,no_anomaly,0
1999-09-30,19.0,19.125,17.4375,17.5625,13.938873291015623,193200,no_news,0.0,Not Recession,no_anomaly,0
1999-09-29,17.625,18.875,17.375,18.875,14.980561256408691,404700,no_news,0.0,Not Recession,no_anomaly,0
1999-09-28,19.3125,19.3125,17.6875,17.875,14.186896324157717,302300,no_news,0.0,Not Recession,no_anomaly,0
1999-09-27,19.4375,20.0,19.3125,19.625,15.575818061828612,91100,no_news,0.0,Not Recession,no_anomaly,0
1999-09-24,20.375,20.375,18.375,19.1875,15.228583335876465,452000,no_news,0.0,Not Recession,no_anomaly,0
1999-09-23,20.9375,21.125,20.4375,20.5625,16.319889068603516,97200,no_news,0.0,Not Recession,no_anomaly,0
1999-09-22,20.625,21.375,19.6875,20.5,16.270280838012695,90200,no_news,0.0,Not Recession,no_anomaly,0
1999-09-21,21.625,21.625,19.8125,20.625,16.369491577148438,85600,no_news,0.0,Not Recession,no_anomaly,0
1999-09-20,22.4375,22.6875,21.125,21.625,17.163164138793945,81600,no_news,0.0,Not Recession,no_anomaly,0
1999-09-17,22.0625,22.6875,21.875,22.3125,17.708816528320312,304500,no_news,0.0,Not Recession,no_anomaly,0
1999-09-16,20.875,22.5,20.0625,21.375,16.96474266052246,179200,no_news,0.0,Not Recession,no_anomaly,0
1999-09-15,22.25,22.5,20.5625,20.625,16.369491577148438,150200,no_news,0.0,Not Recession,no_anomaly,0
1999-09-14,20.375,22.25,19.875,22.125,17.560001373291016,938600,no_news,0.0,Not Recession,no_anomaly,0
1999-09-13,24.21875,24.21875,19.875,20.25,16.07186508178711,357000,no_news,0.0,Not Recession,no_anomaly,0
1999-09-10,24.0,24.5,23.25,24.0,19.04813575744629,175400,no_news,0.0,Not Recession,no_anomaly,0
1999-09-09,24.0,25.25,23.5,23.625,18.750513076782227,149600,no_news,0.0,Not Recession,no_anomaly,0
1999-09-08,25.0,25.0,23.5,23.5625,18.700912475585938,73700,no_news,0.0,Not Recession,no_anomaly,0
1999-09-07,24.6875,25.0,24.375,25.0,19.841815948486328,59600,no_news,0.0,Not Recession,no_anomaly,0
1999-09-03,24.1875,25.0,24.125,24.375,19.34576797485352,63700,no_news,0.0,Not Recession,no_anomaly,0
1999-09-02,23.875,24.125,23.0,23.875,18.94892692565918,110100,no_news,0.0,Not Recession,no_anomaly,0
1999-09-01,21.75,24.5,21.4375,24.0,19.04813575744629,274100,no_news,0.0,Not Recession,no_anomaly,0
1999-08-31,23.4375,23.4375,20.5,21.75,17.262371063232422,180400,no_news,0.0,Not Recession,no_anomaly,0
1999-08-30,24.5,24.5,22.75,23.5,18.65130424499512,117400,no_news,0.0,Not Recession,no_anomaly,0
1999-08-27,24.875,24.875,24.5,24.75,19.643388748168945,12100,no_news,0.0,Not Recession,no_anomaly,0
1999-08-26,24.625,25.25,24.5,24.6875,19.593786239624023,39200,no_news,0.0,Not Recession,no_anomaly,0
1999-08-25,23.6875,25.25,23.6875,25.125,19.941022872924805,37600,no_news,0.0,Not Recession,no_anomaly,0
1999-08-24,23.5,23.75,23.25,23.625,18.750513076782227,64700,no_news,0.0,Not Recession,no_anomaly,0
1999-08-23,23.75,23.75,23.375,23.375,18.55208778381348,73600,no_news,0.0,Not Recession,no_anomaly,0
1999-08-20,23.875,24.0,23.375,23.375,18.55208778381348,28000,no_news,0.0,Not Recession,no_anomaly,0
1999-08-19,23.75,24.0,23.5,23.875,18.94892692565918,21200,no_news,0.0,Not Recession,no_anomaly,0
1999-08-18,24.75,24.75,23.6875,23.875,18.94892692565918,106000,no_news,0.0,Not Recession,no_anomaly,0
1999-08-17,25.5,25.5,23.875,24.75,19.643388748168945,112500,no_news,0.0,Not Recession,no_anomaly,0
1999-08-16,25.75,25.75,25.25,25.375,20.13943290710449,72600,no_news,0.0,Not Recession,no_anomaly,0
1999-08-13,25.625,26.0,25.125,25.25,20.040218353271484,254300,no_news,0.0,Not Recession,no_anomaly,0
1999-08-12,26.3125,26.375,25.625,25.625,20.337860107421875,59500,no_news,0.0,Not Recession,no_anomaly,0
1999-08-11,26.0,26.625,26.0,26.5,21.03232383728028,98200,no_news,0.0,Not Recession,no_anomaly,0
1999-08-10,25.875,26.25,25.75,26.25,20.83390235900879,32100,no_news,0.0,Not Recession,no_anomaly,0
1999-08-09,25.5,26.75,25.5,26.375,20.9331111907959,156400,no_news,0.0,Not Recession,no_anomaly,0
1999-08-06,27.0,27.0,25.125,25.75,20.43706703186035,120600,no_news,0.0,Not Recession,no_anomaly,0
1999-08-05,26.5,27.125,25.875,26.8125,21.28034400939941,40600,no_news,0.0,Not Recession,no_anomaly,0
1999-08-04,26.875,27.125,25.875,27.125,21.528366088867188,63400,no_news,0.0,Not Recession,no_anomaly,0
1999-08-03,27.0,27.25,26.5,26.9375,21.379545211791992,34000,no_news,0.0,Not Recession,no_anomaly,0
1999-08-02,27.25,27.5,26.875,27.25,21.627573013305664,52800,no_news,0.0,Not Recession,no_anomaly,0
1999-07-30,25.75,28.0,25.34375,27.125,21.528366088867188,79300,no_news,0.0,Not Recession,no_anomaly,0
1999-07-29,26.875,26.875,24.25,25.0,19.841815948486328,48600,no_news,0.0,Not Recession,no_anomaly,0
1999-07-28,27.0,27.3125,26.875,26.9375,21.379545211791992,19400,no_news,0.0,Not Recession,no_anomaly,0
1999-07-27,24.6875,27.5,24.6875,27.375,21.726781845092773,55600,no_news,0.0,Not Recession,no_anomaly,0
1999-07-26,25.75,25.9375,24.0,24.75,19.643388748168945,40500,no_news,0.0,Not Recession,no_anomaly,0
1999-07-23,26.5,26.5,25.0,25.75,20.43706703186035,74800,no_news,0.0,Not Recession,no_anomaly,0
1999-07-22,28.0,28.0,25.375,26.5,21.03232383728028,191800,no_news,0.0,Not Recession,no_anomaly,0
1999-07-21,28.625,28.625,27.25,27.875,22.12361717224121,67600,no_news,0.0,Not Recession,no_anomaly,0
1999-07-20,28.875,29.25,27.4375,28.875,22.91728782653809,94400,no_news,0.0,Not Recession,no_anomaly,0
1999-07-19,29.875,31.0,29.3125,29.6875,23.56214714050293,100800,no_news,0.0,Not Recession,no_anomaly,0
1999-07-16,29.9375,30.375,29.875,30.25,24.00858688354492,120500,no_news,0.0,Not Recession,no_anomaly,0
1999-07-15,29.5,30.625,28.875,29.875,23.7109603881836,144300,no_news,0.0,Not Recession,no_anomaly,0
1999-07-14,26.625,29.75,26.625,29.0,23.01650047302246,76100,no_news,0.0,Not Recession,no_anomaly,0
1999-07-13,28.0,28.0625,26.125,27.1875,21.57796669006348,91200,no_news,0.0,Not Recession,no_anomaly,0
1999-07-12,29.25,29.25,27.5,27.75,22.0244140625,50300,no_news,0.0,Not Recession,no_anomaly,0
1999-07-09,27.875,29.375,27.5,28.625,22.71887588500977,121500,no_news,0.0,Not Recession,no_anomaly,0
1999-07-08,27.25,28.125,26.875,27.875,22.12361717224121,75500,no_news,0.0,Not Recession,no_anomaly,0
1999-07-07,26.125,27.25,25.75,27.0,21.42915153503418,131800,no_news,0.0,Not Recession,no_anomaly,0
1999-07-06,26.71875,26.75,25.5625,26.0,20.635482788085938,101800,no_news,0.0,Not Recession,no_anomaly,0
1999-07-02,26.75,26.8125,26.625,26.6875,21.181129455566406,27900,no_news,0.0,Not Recession,no_anomaly,0
1999-07-01,26.8125,27.5,26.75,26.75,21.230737686157227,208700,no_news,0.0,Not Recession,no_anomaly,0
1999-06-30,26.6875,27.1875,26.1875,27.0625,21.478763580322266,260800,no_news,0.0,Not Recession,no_anomaly,0
1999-06-29,26.875,26.875,26.125,26.625,21.13152885437012,55700,no_news,0.0,Not Recession,no_anomaly,0
1999-06-28,25.25,26.9375,25.0,26.625,21.13152885437012,286600,no_news,0.0,Not Recession,no_anomaly,0
1999-06-25,27.15625,27.5,24.75,25.0625,19.891414642333984,94100,no_news,0.0,Not Recession,no_anomaly,0
1999-06-24,27.1875,27.75,27.0,27.125,21.528366088867188,106900,no_news,0.0,Not Recession,no_anomaly,0
1999-06-23,26.5,27.1875,26.5,27.125,21.528366088867188,50800,no_news,0.0,Not Recession,no_anomaly,0
1999-06-22,26.1875,28.0,25.875,27.25,21.627573013305664,120200,no_news,0.0,Not Recession,no_anomaly,0
1999-06-21,25.625,26.5,25.625,26.25,20.83390235900879,41100,no_news,0.0,Not Recession,no_anomaly,0
1999-06-18,25.75,26.375,25.5,26.375,20.9331111907959,146800,no_news,0.0,Not Recession,no_anomaly,0
1999-06-17,25.875,26.0,25.75,25.75,20.43706703186035,32800,no_news,0.0,Not Recession,no_anomaly,0
1999-06-16,26.125,26.9375,25.8125,25.875,20.536272048950195,79200,no_news,0.0,Not Recession,no_anomaly,0
1999-06-15,25.75,26.25,25.625,25.625,20.337860107421875,58000,no_news,0.0,Not Recession,no_anomaly,0
1999-06-14,25.0,26.25,25.0,25.75,20.43706703186035,143700,no_news,0.0,Not Recession,no_anomaly,0
1999-06-11,25.75,26.25,24.625,25.125,19.941022872924805,323100,no_news,0.0,Not Recession,no_anomaly,0
1999-06-10,22.75,25.75,22.75,25.375,20.13943290710449,397200,no_news,0.0,Not Recession,no_anomaly,0
1999-06-09,19.875,22.8125,19.875,22.625,17.95684242248535,445900,no_news,0.0,Not Recession,no_anomaly,0
1999-06-08,21.5,21.625,19.625,20.375,16.17107391357422,135200,no_news,0.0,Not Recession,no_anomaly,0
1999-06-07,21.0,21.875,20.75,21.625,17.163164138793945,48600,no_news,0.0,Not Recession,no_anomaly,0
1999-06-04,20.75,21.125,20.25,20.875,16.567907333374023,60700,no_news,0.0,Not Recession,no_anomaly,0
1999-06-03,19.5,20.625,19.25,20.5,16.270280838012695,26600,no_news,0.0,Not Recession,no_anomaly,0
1999-06-02,19.0,19.5,18.625,19.5,15.476609230041504,23400,no_news,0.0,Not Recession,no_anomaly,0
1999-06-01,18.125,19.0,16.75,19.0,15.0797758102417,81000,no_news,0.0,Not Recession,no_anomaly,0
1999-05-28,18.5,18.5,17.75,18.5,14.682940483093262,26500,no_news,0.0,Not Recession,no_anomaly,0
1999-05-27,18.5,19.625,17.875,17.875,14.186896324157717,72000,no_news,0.0,Not Recession,no_anomaly,0
1999-05-26,19.25,19.625,17.5,18.25,14.484522819519045,99400,no_news,0.0,Not Recession,no_anomaly,0
1999-05-25,19.6875,20.125,18.375,19.25,15.278191566467283,124000,no_news,0.0,Not Recession,no_anomaly,0
1999-05-24,21.0,21.25,19.625,19.625,15.575818061828612,156000,no_news,0.0,Not Recession,no_anomaly,0
1999-05-21,21.625,21.625,20.5,21.125,16.76633071899414,52500,no_news,0.0,Not Recession,no_anomaly,0
1999-05-20,23.0625,23.125,21.375,21.625,17.163164138793945,62800,no_news,0.0,Not Recession,no_anomaly,0
1999-05-19,22.0,22.9375,22.0,22.9375,18.204858779907227,210700,no_news,0.0,Not Recession,no_anomaly,0
1999-05-18,21.0625,21.875,21.0625,21.875,17.36157989501953,103500,no_news,0.0,Not Recession,no_anomaly,0
1999-05-17,21.75,21.875,21.0,21.25,16.86553955078125,195300,no_news,0.0,Not Recession,no_anomaly,0
1999-05-14,21.625,22.125,21.25,21.875,17.36157989501953,21300,no_news,0.0,Not Recession,no_anomaly,0
1999-05-13,22.5,23.0625,21.75,21.875,17.36157989501953,87600,no_news,0.0,Not Recession,no_anomaly,0
1999-05-12,21.875,23.0,21.75,22.625,17.95684242248535,250900,no_news,0.0,Not Recession,no_anomaly,0
1999-05-11,21.875,22.125,21.6875,22.0,17.460792541503906,17400,no_news,0.0,Not Recession,no_anomaly,0
1999-05-10,21.75,22.25,21.625,21.875,17.36157989501953,89500,no_news,0.0,Not Recession,no_anomaly,0
1999-05-07,21.46875,22.5,20.875,21.875,17.36157989501953,100700,no_news,0.0,Not Recession,no_anomaly,0
1999-05-06,21.0,21.75,20.875,21.625,17.163164138793945,64700,no_news,0.0,Not Recession,no_anomaly,0
1999-05-05,20.625,21.0,20.5,21.0,16.6671199798584,58300,no_news,0.0,Not Recession,no_anomaly,0
1999-05-04,20.875,21.125,20.5,20.625,16.369491577148438,94200,no_news,0.0,Not Recession,no_anomaly,0
1999-05-03,21.625,21.625,20.25,21.0,16.6671199798584,255600,no_news,0.0,Not Recession,no_anomaly,0
1999-04-30,21.625,22.625,20.9375,21.5,17.063961029052734,506900,no_news,0.0,Not Recession,no_anomaly,0
1999-04-29,20.125,21.125,19.375,20.875,16.567907333374023,1085000,no_news,0.0,Not Recession,no_anomaly,0
1999-04-28,26.3125,26.375,19.25,19.625,15.575818061828612,1345600,no_news,0.0,Not Recession,no_anomaly,0
1999-04-27,28.125,28.125,25.75,25.75,20.43706703186035,172400,no_news,0.0,Not Recession,no_anomaly,0
1999-04-26,27.375,28.125,27.125,27.875,22.12361717224121,68000,no_news,0.0,Not Recession,no_anomaly,0
1999-04-23,27.375,27.9375,27.0,27.375,21.726781845092773,83900,no_news,0.0,Not Recession,no_anomaly,0
1999-04-22,27.25,28.375,27.0,27.0,21.42915153503418,130300,no_news,0.0,Not Recession,no_anomaly,0
1999-04-21,25.5,27.625,24.625,27.25,21.627573013305664,197800,no_news,0.0,Not Recession,no_anomaly,0
1999-04-20,24.0,25.625,23.75,25.625,20.337860107421875,42000,no_news,0.0,Not Recession,no_anomaly,0
1999-04-19,26.375,26.5,23.875,23.875,18.94892692565918,155100,no_news,0.0,Not Recession,no_anomaly,0
1999-04-16,24.625,26.0,24.625,26.0,20.635482788085938,158000,no_news,0.0,Not Recession,no_anomaly,0
1999-04-15,24.375,25.0625,24.125,24.875,19.742599487304688,177100,no_news,0.0,Not Recession,no_anomaly,0
1999-04-14,24.0,25.25,23.5,24.0,19.04813575744629,225600,no_news,0.0,Not Recession,no_anomaly,0
1999-04-13,22.875,24.25,22.875,24.0,19.04813575744629,271400,no_news,0.0,Not Recession,no_anomaly,0
1999-04-12,23.0,23.375,22.5625,22.875,18.15525245666504,260800,no_news,0.0,Not Recession,no_anomaly,0
1999-04-09,21.5,23.625,21.5,23.5625,18.700912475585938,85100,no_news,0.0,Not Recession,no_anomaly,0
1999-04-08,22.3125,22.3125,21.75,22.125,17.560001373291016,58500,no_news,0.0,Not Recession,no_anomaly,0
1999-04-07,23.375,23.625,21.5,22.3125,17.708816528320312,38900,no_news,0.0,Not Recession,no_anomaly,0
1999-04-06,22.5,23.5625,22.5,23.375,18.55208778381348,42100,no_news,0.0,Not Recession,no_anomaly,0
1999-04-05,23.0,23.25,22.75,23.0,18.254470825195312,46900,no_news,0.0,Not Recession,no_anomaly,0
1999-04-01,22.375,23.0,22.375,22.625,17.95684242248535,29300,no_news,0.0,Not Recession,no_anomaly,0
1999-03-31,22.5625,23.9375,22.375,22.375,17.7584171295166,120000,no_news,0.0,Not Recession,no_anomaly,0
1999-03-30,20.625,22.625,20.625,22.625,17.95684242248535,77000,no_news,0.0,Not Recession,no_anomaly,0
1999-03-29,20.6875,21.25,20.25,21.125,16.76633071899414,29600,no_news,0.0,Not Recession,no_anomaly,0
1999-03-26,21.0,21.75,20.5,20.75,16.468706130981445,130100,no_news,0.0,Not Recession,no_anomaly,0
1999-03-25,20.875,21.75,20.75,21.5,17.063961029052734,44800,no_news,0.0,Not Recession,no_anomaly,0
1999-03-24,20.875,20.875,19.75,20.75,16.468706130981445,59500,no_news,0.0,Not Recession,no_anomaly,0
1999-03-23,22.0,22.25,21.0,21.0,16.6671199798584,270800,no_news,0.0,Not Recession,no_anomaly,0
1999-03-22,23.125,23.125,22.125,22.5,17.857622146606445,243000,no_news,0.0,Not Recession,no_anomaly,0
1999-03-19,22.3125,23.375,22.25,22.375,17.7584171295166,114000,no_news,0.0,Not Recession,no_anomaly,0
1999-03-18,21.6875,23.0,21.3125,22.375,17.7584171295166,124800,no_news,0.0,Not Recession,no_anomaly,0
1999-03-17,20.125,21.75,20.125,21.375,16.96474266052246,303800,no_news,0.0,Not Recession,no_anomaly,0
1999-03-16,20.5,20.625,19.75,20.125,15.97265911102295,83100,no_news,0.0,Not Recession,no_anomaly,0
1999-03-15,19.75,20.375,19.625,20.125,15.97265911102295,20500,no_news,0.0,Not Recession,no_anomaly,0
1999-03-12,21.125,21.5,20.0,20.125,15.97265911102295,43600,no_news,0.0,Not Recession,no_anomaly,0
1999-03-11,21.625,21.625,21.125,21.25,16.86553955078125,122100,no_news,0.0,Not Recession,no_anomaly,0
1999-03-10,22.25,22.25,21.5625,21.625,17.163164138793945,142200,no_news,0.0,Not Recession,no_anomaly,0
1999-03-09,21.75,22.75,21.75,22.0,17.460792541503906,138800,no_news,0.0,Not Recession,no_anomaly,0
1999-03-08,22.125,22.125,21.375,21.875,17.36157989501953,149200,no_news,0.0,Not Recession,no_anomaly,0
1999-03-05,21.375,22.25,21.375,22.0,17.460792541503906,86400,no_news,0.0,Not Recession,no_anomaly,0
1999-03-04,21.125,21.875,21.125,21.375,16.96474266052246,126600,no_news,0.0,Not Recession,no_anomaly,0
1999-03-03,21.625,22.25,21.25,21.375,16.96474266052246,59000,no_news,0.0,Not Recession,no_anomaly,0
1999-03-02,23.125,23.125,21.75,21.75,17.262371063232422,99100,no_news,0.0,Not Recession,no_anomaly,0
1999-03-01,21.5,23.0,20.5,23.0,18.254470825195312,124600,no_news,0.0,Not Recession,no_anomaly,0
1999-02-26,24.125,24.125,20.625,21.875,17.36157989501953,118000,no_news,0.0,Not Recession,no_anomaly,0
1999-02-25,25.375,25.625,24.375,24.375,19.34576797485352,142600,no_news,0.0,Not Recession,no_anomaly,0
1999-02-24,24.875,25.75,24.875,25.75,20.43706703186035,121300,no_news,0.0,Not Recession,no_anomaly,0
1999-02-23,25.0,25.625,24.8125,25.375,20.13943290710449,95600,no_news,0.0,Not Recession,no_anomaly,0
1999-02-22,24.625,25.75,24.25,25.5,20.238645553588867,134000,no_news,0.0,Not Recession,no_anomaly,0
1999-02-19,24.25,25.125,24.25,24.625,19.54418182373047,368000,no_news,0.0,Not Recession,no_anomaly,0
1999-02-18,24.5,24.5625,22.375,24.0,19.04813575744629,155200,no_news,0.0,Not Recession,no_anomaly,0
1999-02-17,23.0,25.25,22.75,24.5,19.44496726989746,199600,no_news,0.0,Not Recession,no_anomaly,0
1999-02-16,24.375,25.0625,23.75,23.875,18.94892692565918,181100,no_news,0.0,Not Recession,no_anomaly,0
1999-02-12,25.0625,25.5,23.875,24.25,19.24655532836914,226600,no_news,0.0,Not Recession,no_anomaly,0
1999-02-11,23.5,25.9375,23.5,25.625,20.337860107421875,378600,no_news,0.0,Not Recession,no_anomaly,0
1999-02-10,24.5,24.75,21.0,23.75,18.849720001220703,204000,no_news,0.0,Not Recession,no_anomaly,0
1999-02-09,26.375,26.375,24.75,25.0,19.841815948486328,312400,no_news,0.0,Not Recession,no_anomaly,0
1999-02-08,25.0,25.875,24.875,25.5,20.238645553588867,356400,no_news,0.0,Not Recession,no_anomaly,0
1999-02-05,23.75,25.0,23.0,25.0,19.841815948486328,185300,no_news,0.0,Not Recession,no_anomaly,0
1999-02-04,23.375,24.375,23.0,24.0,19.04813575744629,260500,no_news,0.0,Not Recession,no_anomaly,0
1999-02-03,22.375,24.5,21.875,23.375,18.55208778381348,240900,no_news,0.0,Not Recession,no_anomaly,0
1999-02-02,24.0,24.25,22.75,23.0,18.254470825195312,301500,no_news,0.0,Not Recession,no_anomaly,0
1999-02-01,24.0,25.125,22.75,24.0,19.04813575744629,398600,no_news,0.0,Not Recession,no_anomaly,0
1999-01-29,21.375,24.25,21.0,24.0625,19.09774208068848,524500,no_news,0.0,Not Recession,no_anomaly,0
1999-01-28,20.375,21.25,19.75,21.0,16.6671199798584,636100,no_news,0.0,Not Recession,no_anomaly,0
1999-01-27,20.75,22.5,19.5,20.0,15.873455047607422,652900,no_news,0.0,Not Recession,no_anomaly,0
1999-01-26,18.1875,20.5,17.75,20.125,15.97265911102295,716800,no_news,0.0,Not Recession,no_anomaly,0
1999-01-25,17.875,18.0,17.0,17.0625,13.542034149169922,68300,no_news,0.0,Not Recession,no_anomaly,0
1999-01-22,18.0,18.1875,17.625,17.875,14.186896324157717,177200,no_news,0.0,Not Recession,no_anomaly,0
1999-01-21,18.1875,18.1875,17.375,18.125,14.385309219360352,150700,no_news,0.0,Not Recession,no_anomaly,0
1999-01-20,18.3125,18.75,17.875,18.125,14.385309219360352,260900,no_news,0.0,Not Recession,no_anomaly,0
1999-01-19,18.25,18.3125,17.5,17.9375,14.23650074005127,108100,no_news,0.0,Not Recession,no_anomaly,0
1999-01-15,17.375,18.25,17.375,18.0,14.286105155944824,98200,no_news,0.0,Not Recession,no_anomaly,0
1999-01-14,18.25,18.375,16.125,17.4375,13.839661598205566,123400,no_news,0.0,Not Recession,no_anomaly,0
1999-01-13,18.5,18.75,17.125,17.9375,14.23650074005127,546800,no_news,0.0,Not Recession,no_anomaly,0
1999-01-12,19.125,19.625,18.5,18.75,14.881359100341797,568100,no_news,0.0,Not Recession,no_anomaly,0
1999-01-11,18.0,19.125,17.125,18.5,14.682940483093262,368600,no_news,0.0,Not Recession,no_anomaly,0
1999-01-08,17.25,17.25,16.5,17.125,13.591641426086426,599000,no_news,0.0,Not Recession,no_anomaly,0
1999-01-07,16.5,17.625,16.5,17.125,13.591641426086426,404800,no_news,0.0,Not Recession,no_anomaly,0
1999-01-06,16.25,18.375,16.125,17.4375,13.839661598205566,455400,no_news,0.0,Not Recession,no_anomaly,0
1999-01-05,14.625,16.4375,14.59375,15.75,12.50033950805664,333600,no_news,0.0,Not Recession,no_anomaly,0
1999-01-04,14.5625,15.0,14.5,14.625,11.607460021972656,128100,no_news,0.0,Not Recession,no_anomaly,0
1998-12-31,14.375,15.25,14.375,14.625,11.607460021972656,122500,no_news,0.0,Not Recession,no_anomaly,0
1998-12-30,14.5,14.75,13.4375,14.75,11.706666946411133,243600,no_news,0.0,Not Recession,no_anomaly,0
1998-12-29,15.125,15.125,14.5,14.875,11.805877685546877,91200,no_news,0.0,Not Recession,no_anomaly,0
1998-12-28,14.75,15.125,14.75,15.0625,11.954689979553224,81100,no_news,0.0,Not Recession,no_anomaly,0
1998-12-24,15.625,15.625,14.875,15.0,11.905085563659668,43400,no_news,0.0,Not Recession,no_anomaly,0
1998-12-23,16.0,16.0,15.125,15.5,12.301921844482422,32300,no_news,0.0,Not Recession,no_anomaly,0
1998-12-22,16.0,16.25,15.8125,16.0,12.698758125305176,76200,no_news,0.0,Not Recession,no_anomaly,0
1998-12-21,16.375,16.375,15.625,15.9375,12.649151802062988,116800,no_news,0.0,Not Recession,no_anomaly,0
1998-12-18,15.375,16.375,15.25,15.625,12.401132583618164,133800,no_news,0.0,Not Recession,no_anomaly,0
1998-12-17,15.0,15.375,15.0,15.25,12.103501319885254,87600,no_news,0.0,Not Recession,no_anomaly,0
1998-12-16,15.125,15.25,14.75,15.0,11.905085563659668,41000,no_news,0.0,Not Recession,no_anomaly,0
1998-12-15,14.375,15.4375,14.25,14.75,11.706666946411133,62700,no_news,0.0,Not Recession,no_anomaly,0
1998-12-14,14.9375,15.0,14.25,14.625,11.607460021972656,39500,no_news,0.0,Not Recession,no_anomaly,0
1998-12-11,15.875,16.125,15.25,15.375,12.202713012695312,114500,no_news,0.0,Not Recession,no_anomaly,0
1998-12-10,17.25,17.25,15.875,16.0,12.698758125305176,110900,no_news,0.0,Not Recession,no_anomaly,0
1998-12-09,17.375,17.4375,16.375,17.0,13.492429733276367,89800,no_news,0.0,Not Recession,no_anomaly,0
1998-12-08,16.5,17.375,16.5,17.0,13.492429733276367,133200,no_news,0.0,Not Recession,no_anomaly,0
1998-12-07,16.375,17.0,16.25,16.75,13.294011116027832,100200,no_news,0.0,Not Recession,no_anomaly,0
1998-12-04,17.0,17.0,16.0,16.9375,13.442829132080078,119500,no_news,0.0,Not Recession,no_anomaly,0
1998-12-03,16.375,17.375,16.0,16.0,12.698758125305176,151300,no_news,0.0,Not Recession,no_anomaly,0
1998-12-02,15.125,17.125,15.125,16.375,12.99638557434082,174600,no_news,0.0,Not Recession,no_anomaly,0
1998-12-01,15.625,15.625,15.25,15.375,12.202713012695312,111300,no_news,0.0,Not Recession,no_anomaly,0
1998-11-30,16.5,16.5,15.625,16.0,12.698758125305176,56100,no_news,0.0,Not Recession,no_anomaly,0
1998-11-27,16.5,16.875,16.25,16.375,12.99638557434082,76300,no_news,0.0,Not Recession,no_anomaly,0
1998-11-25,16.5,16.5,15.625,16.375,12.99638557434082,199000,no_news,0.0,Not Recession,no_anomaly,0
1998-11-24,17.0,17.375,16.25,16.5,13.095593452453612,322800,no_news,0.0,Not Recession,no_anomaly,0
1998-11-23,14.75,17.375,14.75,17.375,13.79005527496338,570600,no_news,0.0,Not Recession,no_anomaly,0
1998-11-20,13.375,14.625,13.25,14.25,11.309829711914062,1353700,no_news,0.0,Not Recession,no_anomaly,0
1998-11-19,14.0,14.0625,13.0,13.25,10.516161918640137,217000,no_news,0.0,Not Recession,no_anomaly,0
1998-11-18,13.25,14.5,12.875,13.625,10.813786506652832,458800,no_news,0.0,Not Recession,no_anomaly,0
1998-11-17,12.0625,13.25,11.875,12.875,10.218533515930176,157800,no_news,0.0,Not Recession,no_anomaly,0
1998-11-16,14.75,15.125,12.75,12.8125,10.168930053710938,170200,no_news,0.0,Not Recession,no_anomaly,0
1998-11-13,14.0,15.6875,13.625,14.0,11.111413955688477,507100,no_news,0.0,Not Recession,no_anomaly,0
1998-11-12,13.5,14.0,13.375,13.6875,10.863390922546388,447000,no_news,0.0,Not Recession,no_anomaly,0
1998-11-11,13.5,13.625,13.125,13.46875,10.689772605895996,304800,no_news,0.0,Not Recession,no_anomaly,0
1998-11-10,13.25,13.375,13.0,13.125,10.416951179504396,72300,no_news,0.0,Not Recession,no_anomaly,0
1998-11-09,13.25,13.5,13.0,13.375,10.615368843078612,73900,no_news,0.0,Not Recession,no_anomaly,0
1998-11-06,12.5,13.4375,12.5,13.125,10.416951179504396,92100,no_news,0.0,Not Recession,no_anomaly,0
1998-11-05,12.9375,12.9375,12.25,12.25,9.72248363494873,46900,no_news,0.0,Not Recession,no_anomaly,0
1998-11-04,12.375,13.75,12.375,13.0,10.317741394042969,235700,no_news,0.0,Not Recession,no_anomaly,0
1998-11-03,12.625,12.625,12.25,12.375,9.821694374084473,52900,no_news,0.0,Not Recession,no_anomaly,0
1998-11-02,12.375,13.125,11.75,12.625,10.020109176635742,139700,no_news,0.0,Not Recession,no_anomaly,0
1998-10-30,12.25,12.625,11.875,12.25,9.72248363494873,211200,no_news,0.0,Not Recession,no_anomaly,0
1998-10-29,11.5,12.125,11.375,11.8125,9.375256538391112,158300,no_news,0.0,Not Recession,no_anomaly,0
1998-10-28,11.25,11.5,11.0,11.375,9.028020858764648,215200,no_news,0.0,Not Recession,no_anomaly,0
1998-10-27,12.75,12.8125,11.25,11.375,9.028020858764648,279500,no_news,0.0,Not Recession,no_anomaly,0
1998-10-26,12.875,13.1875,12.5625,12.75,10.119322776794434,161000,no_news,0.0,Not Recession,no_anomaly,0
1998-10-23,13.75,14.25,12.625,13.0,10.317741394042969,648600,no_news,0.0,Not Recession,no_anomaly,0
1998-10-22,10.5,13.5,10.25,13.375,10.615368843078612,365200,no_news,0.0,Not Recession,no_anomaly,0
1998-10-21,10.25,10.875,9.875,10.75,8.531980514526367,70700,no_news,0.0,Not Recession,no_anomaly,0
1998-10-20,10.125,11.375,10.0,10.5,8.3335599899292,193600,no_news,0.0,Not Recession,no_anomaly,0
1998-10-19,9.5,9.875,9.25,9.875,7.837512969970703,105700,no_news,0.0,Not Recession,no_anomaly,0
1998-10-16,9.125,9.3125,9.0,9.25,7.341470241546631,74700,no_news,0.0,Not Recession,no_anomaly,0
1998-10-15,9.0625,9.0625,8.75,9.0625,7.192654609680176,99600,no_news,0.0,Not Recession,no_anomaly,0
1998-10-14,8.6875,9.125,8.6875,8.875,7.043842792510986,96800,no_news,0.0,Not Recession,no_anomaly,0
1998-10-13,8.5,9.0,8.5,8.6875,6.8950276374816895,31700,no_news,0.0,Not Recession,no_anomaly,0
1998-10-12,8.875,9.125,8.5,8.5625,6.795820713043213,299000,no_news,0.0,Not Recession,no_anomaly,0
1998-10-09,8.375,8.875,8.25,8.625,6.845425128936768,147600,no_news,0.0,Not Recession,no_anomaly,0
1998-10-08,8.875,9.0,8.375,8.375,6.647005558013916,149500,no_news,0.0,Not Recession,no_anomaly,0
1998-10-07,9.8125,9.8125,8.75,9.0,7.143052577972412,146800,no_news,0.0,Not Recession,no_anomaly,0
1998-10-06,9.75,10.25,9.625,9.8125,7.787909030914307,71700,no_news,0.0,Not Recession,no_anomaly,0
1998-10-05,9.5625,9.875,9.375,9.5,7.53988790512085,89600,no_news,0.0,Not Recession,no_anomaly,0
1998-10-02,9.5,9.75,9.375,9.625,7.639095783233643,39900,no_news,0.0,Not Recession,no_anomaly,0
1998-10-01,9.875,9.875,9.5,9.75,7.738304615020752,102900,no_news,0.0,Not Recession,no_anomaly,0
1998-09-30,10.125,10.1875,9.625,9.9375,7.887117862701416,28900,no_news,0.0,Not Recession,no_anomaly,0
1998-09-29,10.3125,10.3125,9.625,9.9375,7.887117862701416,164100,no_news,0.0,Not Recession,no_anomaly,0
1998-09-28,11.0,11.125,10.25,10.3125,8.184745788574219,236800,no_news,0.0,Not Recession,no_anomaly,0
1998-09-25,9.625,9.625,9.375,9.5,7.53988790512085,42500,no_news,0.0,Not Recession,no_anomaly,0
1998-09-24,9.625,9.9375,9.5,9.6875,7.6887006759643555,95300,no_news,0.0,Not Recession,no_anomaly,0
1998-09-23,9.375,9.625,9.3125,9.53125,7.564691543579102,34800,no_news,0.0,Not Recession,no_anomaly,0
1998-09-22,9.0,9.375,9.0,9.25,7.341470241546631,90000,no_news,0.0,Not Recession,no_anomaly,0
1998-09-21,8.875,9.0,8.5625,8.875,7.043842792510986,41200,no_news,0.0,Not Recession,no_anomaly,0
1998-09-18,8.9375,9.125,8.625,8.875,7.043842792510986,25000,no_news,0.0,Not Recession,no_anomaly,0
1998-09-17,8.0,9.375,8.0,9.0,7.143052577972412,98400,no_news,0.0,Not Recession,no_anomaly,0
1998-09-16,8.375,8.5,8.125,8.375,6.647005558013916,31700,no_news,0.0,Not Recession,no_anomaly,0
1998-09-15,8.75,8.75,8.5,8.5,6.746214866638184,21200,no_news,0.0,Not Recession,no_anomaly,0
1998-09-14,8.75,8.875,8.375,8.75,6.944632530212402,52600,no_news,0.0,Not Recession,no_anomaly,0
1998-09-11,8.5,9.0,8.25,8.25,6.547796726226807,45500,no_news,0.0,Not Recession,no_anomaly,0
1998-09-10,8.625,8.875,8.375,8.5625,6.795820713043213,552700,no_news,0.0,Not Recession,no_anomaly,0
1998-09-09,8.875,9.125,8.5625,9.125,7.2422614097595215,183700,no_news,0.0,Not Recession,no_anomaly,0
1998-09-08,8.375,9.0,8.375,9.0,7.143052577972412,282500,no_news,0.0,Not Recession,no_anomaly,0
1998-09-04,8.25,8.4375,8.0,8.25,6.547796726226807,141800,no_news,0.0,Not Recession,no_anomaly,0
1998-09-03,8.5,8.5,8.125,8.125,6.448587894439697,69100,no_news,0.0,Not Recession,no_anomaly,0
1998-09-02,8.5,8.5,8.25,8.5,6.746214866638184,145200,no_news,0.0,Not Recession,no_anomaly,0
1998-09-01,8.375,8.75,8.25,8.5,6.746214866638184,175100,no_news,0.0,Not Recession,no_anomaly,0
1998-08-31,8.875,9.125,8.25,8.25,6.547796726226807,151500,no_news,0.0,Not Recession,no_anomaly,0
1998-08-28,8.9375,9.125,8.875,9.0,7.143052577972412,71500,no_news,0.0,Not Recession,no_anomaly,0
1998-08-27,8.875,9.1875,8.875,9.125,7.2422614097595215,141900,no_news,0.0,Not Recession,no_anomaly,0
1998-08-26,9.0,9.5,9.0,9.1875,7.291864395141602,36700,no_news,0.0,Not Recession,no_anomaly,0
1998-08-25,9.625,9.875,9.125,9.1875,7.291864395141602,27800,no_news,0.0,Not Recession,no_anomaly,0
1998-08-24,9.625,9.625,9.25,9.375,7.440679550170898,11400,no_news,0.0,Not Recession,no_anomaly,0
1998-08-21,9.625,9.625,9.125,9.5,7.53988790512085,52500,no_news,0.0,Not Recession,no_anomaly,0
1998-08-20,10.25,10.5,9.5625,9.75,7.738304615020752,37700,no_news,0.0,Not Recession,no_anomaly,0
1998-08-19,10.625,10.875,10.25,10.25,8.135140419006348,41500,no_news,0.0,Not Recession,no_anomaly,0
1998-08-18,9.4375,10.5,9.125,10.25,8.135140419006348,174500,no_news,0.0,Not Recession,no_anomaly,0
1998-08-17,8.9375,9.25,8.875,9.0,7.143052577972412,7700,no_news,0.0,Not Recession,no_anomaly,0
1998-08-14,9.625,9.75,9.0,9.0,7.143052577972412,34700,no_news,0.0,Not Recession,no_anomaly,0
1998-08-13,9.75,9.75,8.875,9.25,7.341470241546631,53000,no_news,0.0,Not Recession,no_anomaly,0
1998-08-12,10.25,10.5,9.75,9.875,7.837512969970703,54500,no_news,0.0,Not Recession,no_anomaly,0
1998-08-11,9.75,10.125,9.5,10.0625,7.986329555511475,35300,no_news,0.0,Not Recession,no_anomaly,0
1998-08-10,10.25,10.5,10.0,10.0,7.936727523803711,59400,no_news,0.0,Not Recession,no_anomaly,0
1998-08-07,9.5,10.6875,9.375,10.375,8.234353065490723,57500,no_news,0.0,Not Recession,no_anomaly,0
1998-08-06,8.5,9.375,8.5,9.375,7.440679550170898,66000,no_news,0.0,Not Recession,no_anomaly,0
1998-08-05,8.875,9.125,8.375,8.625,6.845425128936768,170500,no_news,0.0,Not Recession,no_anomaly,0
1998-08-04,9.5,9.75,8.5,8.625,6.845425128936768,141700,no_news,0.0,Not Recession,no_anomaly,0
1998-08-03,10.0,10.0,9.5,9.625,7.639095783233643,52100,no_news,0.0,Not Recession,no_anomaly,0
1998-07-31,9.75,10.125,9.5,9.9375,7.887117862701416,43200,no_news,0.0,Not Recession,no_anomaly,0
1998-07-30,10.0,10.125,9.625,9.625,7.639095783233643,57500,no_news,0.0,Not Recession,no_anomaly,0
1998-07-29,10.25,10.5,10.0,10.0,7.936727523803711,40500,no_news,0.0,Not Recession,no_anomaly,0
1998-07-28,9.75,10.375,9.625,10.375,8.234353065490723,52200,no_news,0.0,Not Recession,no_anomaly,0
1998-07-27,10.0,10.125,9.5,9.875,7.837512969970703,52100,no_news,0.0,Not Recession,no_anomaly,0
1998-07-24,10.5,10.625,9.75,9.875,7.837512969970703,51600,no_news,0.0,Not Recession,no_anomaly,0
1998-07-23,10.0,10.75,10.0,10.5,8.3335599899292,307100,no_news,0.0,Not Recession,no_anomaly,0
1998-07-22,10.25,10.375,9.75,10.25,8.135140419006348,56200,no_news,0.0,Not Recession,no_anomaly,0
1998-07-21,10.25,10.375,10.25,10.25,8.135140419006348,43500,no_news,0.0,Not Recession,no_anomaly,0
1998-07-20,10.375,10.5625,10.25,10.25,8.135140419006348,9500,no_news,0.0,Not Recession,no_anomaly,0
1998-07-17,10.6875,10.6875,10.25,10.5,8.3335599899292,38000,no_news,0.0,Not Recession,no_anomaly,0
1998-07-16,10.5625,10.8125,10.5,10.5625,8.38316535949707,161500,no_news,0.0,Not Recession,no_anomaly,0
1998-07-15,10.25,10.75,9.875,10.625,8.432769775390625,152400,no_news,0.0,Not Recession,no_anomaly,0
1998-07-14,10.5,11.0625,10.0,10.0,7.936727523803711,135600,no_news,0.0,Not Recession,no_anomaly,0
1998-07-13,10.875,11.0,10.5,10.625,8.432769775390625,254800,no_news,0.0,Not Recession,no_anomaly,0
1998-07-10,11.5,11.5,11.0,11.0,8.730396270751953,55700,no_news,0.0,Not Recession,no_anomaly,0
1998-07-09,12.0,12.0,11.375,11.5,9.127235412597656,61100,no_news,0.0,Not Recession,no_anomaly,0
1998-07-08,12.0625,12.0625,11.4375,11.625,9.226439476013184,61700,no_news,0.0,Not Recession,no_anomaly,0
1998-07-07,11.75,12.125,11.5,11.625,9.226439476013184,137300,no_news,0.0,Not Recession,no_anomaly,0
1998-07-06,12.0,12.0625,11.375,11.75,9.32565212249756,663800,no_news,0.0,Not Recession,no_anomaly,0
1998-07-02,12.75,12.75,11.875,12.0625,9.573671340942385,117900,no_news,0.0,Not Recession,no_anomaly,0
1998-07-01,13.125,13.25,12.75,12.75,10.119322776794434,24700,no_news,0.0,Not Recession,no_anomaly,0
1998-06-30,13.125,13.875,13.0,13.0,10.317741394042969,146200,no_news,0.0,Not Recession,no_anomaly,0
1998-06-29,12.1875,13.125,11.8125,12.9375,10.268136024475098,92400,no_news,0.0,Not Recession,no_anomaly,0
1998-06-26,12.5,12.5,11.75,11.8125,9.375256538391112,20300,no_news,0.0,Not Recession,no_anomaly,0
1998-06-25,11.875,12.5,11.875,12.375,9.821694374084473,16700,no_news,0.0,Not Recession,no_anomaly,0
1998-06-24,12.0,12.25,11.875,11.875,9.424860000610352,40100,no_news,0.0,Not Recession,no_anomaly,0
1998-06-23,12.25,12.75,12.0,12.25,9.72248363494873,40900,no_news,0.0,Not Recession,no_anomaly,0
1998-06-22,12.6875,12.6875,12.25,12.25,9.72248363494873,9900,no_news,0.0,Not Recession,no_anomaly,0
1998-06-19,12.375,12.625,12.125,12.25,9.72248363494873,32300,no_news,0.0,Not Recession,no_anomaly,0
1998-06-18,12.625,12.625,12.125,12.125,9.62327766418457,48900,no_news,0.0,Not Recession,no_anomaly,0
1998-06-17,12.0625,12.875,12.0625,12.4375,9.871299743652344,66600,no_news,0.0,Not Recession,no_anomaly,0
1998-06-16,11.375,12.0,11.375,11.8125,9.375256538391112,58800,no_news,0.0,Not Recession,no_anomaly,0
1998-06-15,11.875,11.9375,11.5,11.5,9.127235412597656,50700,no_news,0.0,Not Recession,no_anomaly,0
1998-06-12,12.0,12.0,11.4375,11.875,9.424860000610352,99600,no_news,0.0,Not Recession,no_anomaly,0
1998-06-11,12.5,12.5,11.875,12.0,9.524067878723145,38900,no_news,0.0,Not Recession,no_anomaly,0
1998-06-10,12.625,13.0,12.375,12.5,9.920907974243164,51100,no_news,0.0,Not Recession,no_anomaly,0
1998-06-09,13.5,13.625,13.1875,13.375,10.615368843078612,25500,no_news,0.0,Not Recession,no_anomaly,0
1998-06-08,14.0,14.375,13.5,13.5,10.71457576751709,85500,no_news,0.0,Not Recession,no_anomaly,0
1998-06-05,12.5,14.0,12.5,13.5625,10.764183044433594,94200,no_news,0.0,Not Recession,no_anomaly,0
1998-06-04,12.625,12.875,12.5,12.8125,10.168930053710938,40200,no_news,0.0,Not Recession,no_anomaly,0
1998-06-03,12.75,12.875,12.625,12.625,10.020109176635742,205200,no_news,0.0,Not Recession,no_anomaly,0
1998-06-02,12.6875,12.6875,12.5,12.6875,10.069716453552246,114500,no_news,0.0,Not Recession,no_anomaly,0
1998-06-01,13.25,13.25,12.375,12.625,10.020109176635742,97000,no_news,0.0,Not Recession,no_anomaly,0
1998-05-29,12.9375,13.25,12.875,12.875,10.218533515930176,42300,no_news,0.0,Not Recession,no_anomaly,0
1998-05-28,13.1875,13.25,12.875,13.0,10.317741394042969,21400,no_news,0.0,Not Recession,no_anomaly,0
1998-05-27,12.5,13.625,12.5,13.0,10.317741394042969,140000,no_news,0.0,Not Recession,no_anomaly,0
1998-05-26,14.0625,14.125,12.75,13.0625,10.36734676361084,231000,no_news,0.0,Not Recession,no_anomaly,0
1998-05-22,14.25,14.25,14.0625,14.1875,11.260226249694824,39100,no_news,0.0,Not Recession,no_anomaly,0
1998-05-21,14.625,14.9375,14.125,14.375,11.40904140472412,61500,no_news,0.0,Not Recession,no_anomaly,0
1998-05-20,14.625,15.0,14.625,14.9375,11.855480194091797,48600,no_news,0.0,Not Recession,no_anomaly,0
1998-05-19,14.75,15.0,14.5,14.625,11.607460021972656,35300,no_news,0.0,Not Recession,no_anomaly,0
1998-05-18,14.625,15.0,14.625,14.625,11.607460021972656,64800,no_news,0.0,Not Recession,no_anomaly,0
1998-05-15,15.125,15.125,14.625,14.9375,11.855480194091797,38700,no_news,0.0,Not Recession,no_anomaly,0
1998-05-14,14.75,15.125,14.375,14.75,11.706666946411133,175200,no_news,0.0,Not Recession,no_anomaly,0
1998-05-13,15.375,15.375,15.0,15.0,11.905085563659668,86000,no_news,0.0,Not Recession,no_anomaly,0
1998-05-12,15.375,15.5,15.375,15.5,12.301921844482422,85900,no_news,0.0,Not Recession,no_anomaly,0
1998-05-11,15.625,15.625,15.25,15.25,12.103501319885254,137700,no_news,0.0,Not Recession,no_anomaly,0
1998-05-08,15.375,15.625,15.25,15.4375,12.25231647491455,102900,no_news,0.0,Not Recession,no_anomaly,0
1998-05-07,15.75,15.875,15.5,15.5,12.301921844482422,51400,no_news,0.0,Not Recession,no_anomaly,0
1998-05-06,15.875,15.875,15.75,15.75,12.50033950805664,90700,no_news,0.0,Not Recession,no_anomaly,0
1998-05-05,15.625,15.875,15.5,15.875,12.599547386169434,114300,no_news,0.0,Not Recession,no_anomaly,0
1998-05-04,15.875,16.0,15.625,15.625,12.401132583618164,102700,no_news,0.0,Not Recession,no_anomaly,0
1998-05-01,15.25,16.0,15.125,15.6875,12.450733184814451,139100,no_news,0.0,Not Recession,no_anomaly,0
1998-04-30,15.5,15.625,15.125,15.125,12.00429344177246,140900,no_news,0.0,Not Recession,no_anomaly,0
1998-04-29,15.375,15.4375,15.25,15.375,12.202713012695312,438200,no_news,0.0,Not Recession,no_anomaly,0
1998-04-28,15.5,16.0,15.125,15.25,12.103501319885254,242700,no_news,0.0,Not Recession,no_anomaly,0
1998-04-27,16.0,16.0,15.125,15.75,12.50033950805664,72100,no_news,0.0,Not Recession,no_anomaly,0
1998-04-24,16.75,16.75,15.875,16.375,12.99638557434082,56100,no_news,0.0,Not Recession,no_anomaly,0
1998-04-23,16.625,17.5,16.375,16.625,13.194805145263672,202200,no_news,0.0,Not Recession,no_anomaly,0
1998-04-22,15.5,16.65625,15.125,16.625,13.194805145263672,383000,no_news,0.0,Not Recession,no_anomaly,0
1998-04-21,15.3125,15.5625,15.125,15.5,12.301921844482422,361000,no_news,0.0,Not Recession,no_anomaly,0
1998-04-20,15.375,15.5625,15.0,15.25,12.103501319885254,520200,no_news,0.0,Not Recession,no_anomaly,0
1998-04-17,13.125,15.125,13.125,14.875,11.805877685546877,463300,no_news,0.0,Not Recession,no_anomaly,0
1998-04-16,13.75,13.75,13.0,13.25,10.516161918640137,99800,no_news,0.0,Not Recession,no_anomaly,0
1998-04-15,13.125,14.125,13.125,13.75,10.912994384765623,159000,no_news,0.0,Not Recession,no_anomaly,0
1998-04-14,13.25,13.5,13.125,13.375,10.615368843078612,73900,no_news,0.0,Not Recession,no_anomaly,0
1998-04-13,13.75,13.875,13.25,13.3125,10.56576442718506,56000,no_news,0.0,Not Recession,no_anomaly,0
1998-04-09,14.0,14.0,13.375,13.625,10.813786506652832,65800,no_news,0.0,Not Recession,no_anomaly,0
1998-04-08,13.75,14.25,13.25,13.6875,10.863390922546388,213500,no_news,0.0,Not Recession,no_anomaly,0
1998-04-07,14.5,14.5,13.75,13.875,11.01220703125,49700,no_news,0.0,Not Recession,no_anomaly,0
1998-04-06,15.125,15.375,14.25,14.75,11.706666946411133,62900,no_news,0.0,Not Recession,no_anomaly,0
1998-04-03,15.5,16.0,15.125,15.1875,12.053898811340332,40100,no_news,0.0,Not Recession,no_anomaly,0
1998-04-02,15.5,15.875,15.5,15.5,12.301921844482422,74700,no_news,0.0,Not Recession,no_anomaly,0
1998-04-01,15.375,15.75,15.375,15.625,12.401132583618164,43500,no_news,0.0,Not Recession,no_anomaly,0
1998-03-31,15.5,15.875,15.5,15.75,12.50033950805664,22400,no_news,0.0,Not Recession,no_anomaly,0
1998-03-30,15.5,15.75,15.5,15.5,12.301921844482422,48500,no_news,0.0,Not Recession,no_anomaly,0
1998-03-27,15.3125,15.5625,15.0625,15.5,12.301921844482422,347900,no_news,0.0,Not Recession,no_anomaly,0
1998-03-26,15.4375,15.625,15.125,15.375,12.202713012695312,46600,no_news,0.0,Not Recession,no_anomaly,0
1998-03-25,16.25,16.25,15.125,15.5,12.301921844482422,167200,no_news,0.0,Not Recession,no_anomaly,0
1998-03-24,14.75,15.875,14.625,15.875,12.599547386169434,142700,no_news,0.0,Not Recession,no_anomaly,0
1998-03-23,14.375,14.75,14.25,14.6875,11.657063484191896,59700,no_news,0.0,Not Recession,no_anomaly,0
1998-03-20,14.375,15.0,14.25,14.5,11.50825023651123,74700,no_news,0.0,Not Recession,no_anomaly,0
1998-03-19,14.5,14.5,14.1875,14.25,11.309829711914062,74400,no_news,0.0,Not Recession,no_anomaly,0
1998-03-18,15.125,15.375,13.875,14.375,11.40904140472412,138100,no_news,0.0,Not Recession,no_anomaly,0
1998-03-17,13.75,15.625,13.0,15.4375,12.25231647491455,421400,no_news,0.0,Not Recession,no_anomaly,0
1998-03-16,15.0,15.5,14.0,14.25,11.309829711914062,286700,no_news,0.0,Not Recession,no_anomaly,0
1998-03-13,15.0625,15.5,14.625,15.0,11.905085563659668,348400,no_news,0.0,Not Recession,no_anomaly,0
1998-03-12,15.25,15.5,15.0625,15.0625,11.954689979553224,13800,no_news,0.0,Not Recession,no_anomaly,0
1998-03-11,15.0,15.625,15.0,15.25,12.103501319885254,103000,no_news,0.0,Not Recession,no_anomaly,0
1998-03-10,15.0,15.5,14.625,15.0625,11.954689979553224,146800,no_news,0.0,Not Recession,no_anomaly,0
1998-03-09,15.375,15.375,14.625,14.8125,11.75627326965332,52300,no_news,0.0,Not Recession,no_anomaly,0
1998-03-06,15.5,16.0,15.375,15.4375,12.25231647491455,121100,no_news,0.0,Not Recession,no_anomaly,0
1998-03-05,15.0,15.75,15.0,15.5625,12.35152530670166,224600,no_news,0.0,Not Recession,no_anomaly,0
1998-03-04,16.5,16.5625,15.5,15.9375,12.649151802062988,138100,no_news,0.0,Not Recession,no_anomaly,0
1998-03-03,17.25,17.25,16.0,16.5,13.095593452453612,131900,no_news,0.0,Not Recession,no_anomaly,0
1998-03-02,18.0,18.0,17.25,17.375,13.79005527496338,74000,no_news,0.0,Not Recession,no_anomaly,0
1998-02-27,18.125,18.25,17.625,17.6875,14.038080215454102,81600,no_news,0.0,Not Recession,no_anomaly,0
1998-02-26,18.375,18.375,17.625,18.125,14.385309219360352,89900,no_news,0.0,Not Recession,no_anomaly,0
1998-02-25,17.125,18.625,17.0,18.25,14.484522819519045,169500,no_news,0.0,Not Recession,no_anomaly,0
1998-02-24,16.875,17.25,16.75,17.25,13.690850257873535,80000,no_news,0.0,Not Recession,no_anomaly,0
1998-02-23,17.0,17.375,17.0,17.125,13.591641426086426,125600,no_news,0.0,Not Recession,no_anomaly,0
1998-02-20,17.125,17.5,16.875,17.25,13.690850257873535,96800,no_news,0.0,Not Recession,no_anomaly,0
1998-02-19,17.25,17.375,16.875,17.25,13.690850257873535,104200,no_news,0.0,Not Recession,no_anomaly,0
1998-02-18,16.75,17.25,16.625,17.25,13.690850257873535,44700,no_news,0.0,Not Recession,no_anomaly,0
1998-02-17,16.875,17.25,16.625,16.75,13.294011116027832,97000,no_news,0.0,Not Recession,no_anomaly,0
1998-02-13,17.625,17.625,16.625,16.875,13.39321994781494,115500,no_news,0.0,Not Recession,no_anomaly,0
1998-02-12,17.3125,17.625,16.625,17.625,13.988478660583496,151800,no_news,0.0,Not Recession,no_anomaly,0
1998-02-11,16.75,17.875,16.75,17.375,13.79005527496338,270800,no_news,0.0,Not Recession,no_anomaly,0
1998-02-10,16.25,17.0,16.25,17.0,13.492429733276367,114000,no_news,0.0,Not Recession,no_anomaly,0
1998-02-09,17.5,17.5,16.0,16.0,12.698758125305176,87800,no_news,0.0,Not Recession,no_anomaly,0
1998-02-06,16.625,17.125,16.625,17.0,13.492429733276367,44700,no_news,0.0,Not Recession,no_anomaly,0
1998-02-05,17.5,17.625,16.5,16.8125,13.343616485595703,64800,no_news,0.0,Not Recession,no_anomaly,0
1998-02-04,17.0,18.0,16.375,17.5,13.889265060424805,139900,no_news,0.0,Not Recession,no_anomaly,0
1998-02-03,16.5,17.25,16.125,17.0,13.492429733276367,107100,no_news,0.0,Not Recession,no_anomaly,0
1998-02-02,16.125,16.625,16.125,16.3125,12.94678020477295,73600,no_news,0.0,Not Recession,no_anomaly,0
1998-01-30,16.25,16.375,15.875,16.25,12.897175788879396,36800,no_news,0.0,Not Recession,no_anomaly,0
1998-01-29,15.0,16.25,14.75,15.9375,12.649151802062988,245000,no_news,0.0,Not Recession,no_anomaly,0
1998-01-28,14.75,15.0,14.625,15.0,11.905085563659668,102100,no_news,0.0,Not Recession,no_anomaly,0
1998-01-27,14.25,14.8125,14.25,14.6875,11.657063484191896,216400,no_news,0.0,Not Recession,no_anomaly,0
1998-01-26,14.875,14.875,14.25,14.75,11.706666946411133,143500,no_news,0.0,Not Recession,no_anomaly,0
1998-01-23,15.0,15.625,14.625,14.875,11.805877685546877,315100,no_news,0.0,Not Recession,no_anomaly,0
1998-01-22,15.375,16.125,15.25,15.25,12.103501319885254,302200,no_news,0.0,Not Recession,no_anomaly,0
1998-01-21,14.75,16.75,14.5,16.25,12.897175788879396,441600,no_news,0.0,Not Recession,no_anomaly,0
1998-01-20,14.375,15.0,13.6875,15.0,11.905085563659668,1021300,no_news,0.0,Not Recession,no_anomaly,0
1998-01-16,17.75,17.75,16.375,16.5,13.095593452453612,63400,no_news,0.0,Not Recession,no_anomaly,0
1998-01-15,16.75,17.875,16.75,17.5,13.889265060424805,55900,no_news,0.0,Not Recession,no_anomaly,0
1998-01-14,17.0,17.625,16.875,17.0,13.492429733276367,47700,no_news,0.0,Not Recession,no_anomaly,0
1998-01-13,16.75,17.25,16.125,16.75,13.294011116027832,45500,no_news,0.0,Not Recession,no_anomaly,0
1998-01-12,14.0,16.0,13.25,16.0,12.698758125305176,178000,no_news,0.0,Not Recession,no_anomaly,0
1998-01-09,16.5,16.625,14.625,14.8125,11.75627326965332,145500,no_news,0.0,Not Recession,no_anomaly,0
1998-01-08,16.5,16.75,16.4375,16.4375,13.045989990234377,40300,no_news,0.0,Not Recession,no_anomaly,0
1998-01-07,16.5,17.0,16.25,16.625,13.194805145263672,108300,no_news,0.0,Not Recession,no_anomaly,0
1998-01-06,18.375,18.375,16.625,16.75,13.294011116027832,106300,no_news,0.0,Not Recession,no_anomaly,0
1998-01-05,17.875,19.25,17.75,18.0,14.286105155944824,158100,no_news,0.0,Not Recession,no_anomaly,0
1998-01-02,18.25,18.25,17.875,17.9375,14.23650074005127,121100,no_news,0.0,Not Recession,no_anomaly,0
1997-12-31,17.0,18.5,16.875,18.375,14.583728790283203,180700,no_news,0.0,Not Recession,no_anomaly,0
1997-12-30,17.125,17.5,16.875,17.0625,13.542034149169922,95400,no_news,0.0,Not Recession,no_anomaly,0
1997-12-29,17.25,17.5,16.75,17.125,13.591641426086426,94000,no_news,0.0,Not Recession,no_anomaly,0
1997-12-26,17.0,17.25,16.625,17.0,13.492429733276367,53100,no_news,0.0,Not Recession,no_anomaly,0
1997-12-24,16.5,16.875,16.5,16.75,13.294011116027832,27800,no_news,0.0,Not Recession,no_anomaly,0
1997-12-23,16.25,16.875,16.25,16.71875,13.269206047058104,108100,no_news,0.0,Not Recession,no_anomaly,0
1997-12-22,17.75,17.875,15.375,16.625,13.194805145263672,223500,no_news,0.0,Not Recession,no_anomaly,0
1997-12-19,15.375,17.75,15.0,17.25,13.690850257873535,143900,no_news,0.0,Not Recession,no_anomaly,0
1997-12-18,15.9375,16.0,15.4375,15.6875,12.450733184814451,172600,no_news,0.0,Not Recession,no_anomaly,0
1997-12-17,16.0,16.625,15.5,15.9375,12.649151802062988,376700,no_news,0.0,Not Recession,no_anomaly,0
1997-12-16,15.125,15.75,14.8125,15.375,12.202713012695312,242100,no_news,0.0,Not Recession,no_anomaly,0
1997-12-15,12.5,14.875,12.375,14.375,11.40904140472412,407300,no_news,0.0,Not Recession,no_anomaly,0
1997-12-12,15.0,15.0,12.5,12.875,10.218533515930176,907600,no_news,0.0,Not Recession,no_anomaly,0
1997-12-11,15.75,16.25,14.625,14.9375,11.855480194091797,574200,no_news,0.0,Not Recession,no_anomaly,0
1997-12-10,18.8125,18.8125,16.25,16.875,13.39321994781494,357800,no_news,0.0,Not Recession,no_anomaly,0
1997-12-09,19.5,19.5,18.75,18.8125,14.930963516235352,171900,no_news,0.0,Not Recession,no_anomaly,0
1997-12-08,19.125,19.5,19.0,19.1875,15.228583335876465,158100,no_news,0.0,Not Recession,no_anomaly,0
1997-12-05,19.375,19.375,18.75,19.125,15.17898654937744,128900,no_news,0.0,Not Recession,no_anomaly,0
1997-12-04,20.0,20.0,18.75,19.375,15.377401351928713,163300,no_news,0.0,Not Recession,no_anomaly,0
1997-12-03,20.625,20.625,18.75,19.75,15.675025939941406,307300,no_news,0.0,Not Recession,no_anomaly,0
1997-12-02,23.0,23.0,20.3125,20.5,16.270280838012695,131100,no_news,0.0,Not Recession,no_anomaly,0
1997-12-01,21.0,23.0,21.0,22.6875,18.006441116333008,126300,no_news,0.0,Not Recession,no_anomaly,0
1997-11-28,21.75,21.75,21.25,21.25,16.86553955078125,5600,no_news,0.0,Not Recession,no_anomaly,0
1997-11-26,21.625,21.625,21.125,21.25,16.86553955078125,75700,no_news,0.0,Not Recession,no_anomaly,0
1997-11-25,20.125,21.5,20.0,21.5,17.063961029052734,178800,no_news,0.0,Not Recession,no_anomaly,0
1997-11-24,21.375,21.9375,19.5,20.0,15.873455047607422,174700,no_news,0.0,Not Recession,no_anomaly,0
1997-11-21,21.625,22.25,21.625,21.625,17.163164138793945,472900,no_news,0.0,Not Recession,no_anomaly,0
1997-11-20,20.5,21.625,20.5,21.5,17.063961029052734,164700,no_news,0.0,Not Recession,no_anomaly,0
1997-11-19,22.0625,22.5,20.5,20.875,16.567907333374023,165600,no_news,0.0,Not Recession,no_anomaly,0
1997-11-18,23.5,23.5,22.375,22.375,17.7584171295166,105500,no_news,0.0,Not Recession,no_anomaly,0
1997-11-17,22.75,23.625,22.5,23.125,18.35367202758789,545500,no_news,0.0,Not Recession,no_anomaly,0
1997-11-14,21.0,21.875,20.0,21.875,17.36157989501953,1241100,no_news,0.0,Not Recession,no_anomaly,0
1997-11-13,22.5,22.75,19.0,19.125,15.17898654937744,556600,no_news,0.0,Not Recession,no_anomaly,0
1997-11-12,21.375,22.5,21.25,21.25,16.86553955078125,149000,no_news,0.0,Not Recession,no_anomaly,0
1997-11-11,22.75,23.875,22.0,22.5,17.857622146606445,125800,no_news,0.0,Not Recession,no_anomaly,0
1997-11-10,22.5,23.125,22.0,22.5,17.857622146606445,322700,no_news,0.0,Not Recession,no_anomaly,0
1997-11-07,23.0,23.5,22.0,22.5,17.857622146606445,114500,no_news,0.0,Not Recession,no_anomaly,0
1997-11-06,24.5,25.25,23.25,23.40625,18.57689094543457,92200,no_news,0.0,Not Recession,no_anomaly,0
1997-11-05,26.0,26.0,24.625,24.625,19.54418182373047,249500,no_news,0.0,Not Recession,no_anomaly,0
1997-11-04,24.125,25.25,23.125,25.25,20.040218353271484,314100,no_news,0.0,Not Recession,no_anomaly,0
1997-11-03,23.625,25.25,22.875,24.6875,19.593786239624023,174600,no_news,0.0,Not Recession,no_anomaly,0
1997-10-31,22.75,23.375,21.5,22.1875,17.60961151123047,290600,no_news,0.0,Not Recession,no_anomaly,0
1997-10-30,21.0,23.75,20.5,21.0,16.6671199798584,290500,no_news,0.0,Not Recession,no_anomaly,0
1997-10-29,27.375,27.75,22.5,23.375,18.55208778381348,390100,no_news,0.0,Not Recession,no_anomaly,0
1997-10-28,20.125,27.25,19.5,27.0,21.42915153503418,1027200,no_news,0.0,Not Recession,no_anomaly,0
1997-10-27,25.0,25.125,20.0,22.5,17.857622146606445,868300,no_news,0.0,Not Recession,no_anomaly,0
1997-10-24,32.125,32.75,25.875,25.9375,20.58587646484375,1086300,no_news,0.0,Not Recession,no_anomaly,0
1997-10-23,31.875,33.25,31.75,32.1875,25.546329498291016,113800,no_news,0.0,Not Recession,no_anomaly,0
1997-10-22,34.875,35.25,33.0,33.5,26.588022232055664,114300,no_news,0.0,Not Recession,no_anomaly,0
1997-10-21,33.0,35.3125,32.75,35.0,27.77853012084961,211400,no_news,0.0,Not Recession,no_anomaly,0
1997-10-20,34.75,34.75,31.25,32.4375,25.7447509765625,460000,no_news,0.0,Not Recession,no_anomaly,0
1997-10-17,37.375,37.5,31.625,32.875,26.09197998046875,747400,no_news,0.0,Not Recession,no_anomaly,0
1997-10-16,40.0,41.125,37.5,37.5625,29.812318801879883,505300,no_news,0.0,Not Recession,no_anomaly,0
1997-10-15,36.875,39.6875,36.75,39.6875,31.49887466430664,157000,no_news,0.0,Not Recession,no_anomaly,0
1997-10-14,39.375,39.75,37.5,37.8125,30.0107364654541,266300,no_news,0.0,Not Recession,no_anomaly,0
1997-10-13,38.125,39.875,38.125,39.6875,31.49887466430664,158300,no_news,0.0,Not Recession,no_anomaly,0
1997-10-10,37.875,38.875,37.875,38.4375,30.506786346435547,160300,no_news,0.0,Not Recession,no_anomaly,0
1997-10-09,36.25,38.625,36.0,38.375,30.45716667175293,276100,no_news,0.0,Not Recession,no_anomaly,0
1997-10-08,35.375,37.0625,35.25,36.125,28.6714096069336,148100,no_news,0.0,Not Recession,no_anomaly,0
1997-10-07,35.875,36.0,35.25,35.40625,28.100961685180664,214900,no_news,0.0,Not Recession,no_anomaly,0
1997-10-06,36.625,36.75,35.125,35.28125,28.001754760742188,111000,no_news,0.0,Not Recession,no_anomaly,0
1997-10-03,37.25,37.75,36.75,37.25,29.56430053710937,79300,no_news,0.0,Not Recession,no_anomaly,0
1997-10-02,37.375,37.375,36.5,37.1875,29.514694213867188,49500,no_news,0.0,Not Recession,no_anomaly,0
1997-10-01,38.5,38.75,37.5,37.5625,29.812318801879883,164500,no_news,0.0,Not Recession,no_anomaly,0
1997-09-30,37.875,39.5,37.875,38.375,30.45716667175293,227200,no_news,0.0,Not Recession,no_anomaly,0
1997-09-29,36.75,38.1875,36.625,38.1875,30.30835723876953,85200,no_news,0.0,Not Recession,no_anomaly,0
1997-09-26,35.5,37.125,35.5,37.125,29.46508979797364,80300,no_news,0.0,Not Recession,no_anomaly,0
1997-09-25,36.75,36.75,35.25,35.5,28.175371170043945,307000,no_news,0.0,Not Recession,no_anomaly,0
1997-09-24,37.0,37.375,36.25,36.5,28.96904563903809,370300,no_news,0.0,Not Recession,no_anomaly,0
1997-09-23,38.125,38.125,36.875,37.125,29.46508979797364,265700,no_news,0.0,Not Recession,no_anomaly,0
1997-09-22,38.25,38.625,37.75,37.875,30.06034469604492,324700,no_news,0.0,Not Recession,no_anomaly,0
1997-09-19,37.75,38.75,37.375,38.0,30.1595516204834,2437600,no_news,0.0,Not Recession,no_anomaly,0
1997-09-18,36.5,37.75,36.5,37.375,29.663503646850582,78500,no_news,0.0,Not Recession,no_anomaly,0
1997-09-17,34.75,37.375,34.5,36.6875,29.11785697937012,209900,no_news,0.0,Not Recession,no_anomaly,0
1997-09-16,33.5,34.375,33.25,34.3125,27.23288345336914,124100,no_news,0.0,Not Recession,no_anomaly,0
1997-09-15,34.875,34.875,33.0,33.5,26.588022232055664,69900,no_news,0.0,Not Recession,no_anomaly,0
1997-09-12,35.125,35.75,34.25,34.875,27.679323196411133,93700,no_news,0.0,Not Recession,no_anomaly,0
1997-09-11,32.875,35.5,32.5,34.8125,27.629722595214844,204600,no_news,0.0,Not Recession,no_anomaly,0
1997-09-10,32.875,33.0,32.5,32.75,25.99277114868164,70100,no_news,0.0,Not Recession,no_anomaly,0
1997-09-09,33.375,33.625,32.25,32.875,26.09197998046875,174900,no_news,0.0,Not Recession,no_anomaly,0
1997-09-08,35.375,36.0,33.125,33.625,26.687232971191406,115100,no_news,0.0,Not Recession,no_anomaly,0
1997-09-05,34.75,36.0,34.625,35.5,28.175371170043945,43800,no_news,0.0,Not Recession,no_anomaly,0
1997-09-04,34.5,35.5,34.375,34.75,27.58011054992676,45200,no_news,0.0,Not Recession,no_anomaly,0
1997-09-03,35.625,36.0,34.625,34.625,27.48090553283692,69900,no_news,0.0,Not Recession,no_anomaly,0
1997-09-02,34.875,37.0,34.875,36.25,28.770618438720703,83900,no_news,0.0,Not Recession,no_anomaly,0
1997-08-29,34.25,35.0,34.25,34.9375,27.728918075561523,26600,no_news,0.0,Not Recession,no_anomaly,0
1997-08-28,34.125,35.0,33.25,34.25,27.18328285217285,162400,no_news,0.0,Not Recession,no_anomaly,0
1997-08-27,37.875,38.5,35.375,35.75,28.37379264831543,290100,no_news,0.0,Not Recession,no_anomaly,0
1997-08-26,38.125,39.75,37.75,37.875,30.06034469604492,214500,no_news,0.0,Not Recession,no_anomaly,0
1997-08-25,36.5,39.0,35.25,38.6875,30.70520401000977,319900,no_news,0.0,Not Recession,no_anomaly,0
1997-08-22,35.0,37.5,34.875,36.5,28.96904563903809,392900,no_news,0.0,Not Recession,no_anomaly,0
1997-08-21,32.25,36.875,32.25,36.75,29.167457580566406,601600,no_news,0.0,Not Recession,no_anomaly,0
1997-08-20,29.625,32.5,29.5,32.5,25.79435157775879,214300,no_news,0.0,Not Recession,no_anomaly,0
1997-08-19,29.5,30.375,29.5,29.8125,23.66135597229004,122200,no_news,0.0,Not Recession,no_anomaly,0
1997-08-18,28.875,29.75,28.75,29.5,23.413333892822266,40300,no_news,0.0,Not Recession,no_anomaly,0
1997-08-15,30.0,30.25,28.75,28.875,22.91728782653809,64600,no_news,0.0,Not Recession,no_anomaly,0
1997-08-14,31.0,31.5,30.25,30.625,24.30621910095215,141700,no_news,0.0,Not Recession,no_anomaly,0
1997-08-13,30.125,31.5,29.875,31.125,24.70305061340332,257900,no_news,0.0,Not Recession,no_anomaly,0
1997-08-12,29.25,29.625,28.0,28.375,22.52045249938965,53200,no_news,0.0,Not Recession,no_anomaly,0
1997-08-11,29.25,29.5,28.75,29.25,23.214920043945312,78900,no_news,0.0,Not Recession,no_anomaly,0
1997-08-08,29.5,30.5,28.25,29.375,23.31412696838379,302800,no_news,0.0,Not Recession,no_anomaly,0
1997-08-07,29.75,31.0,29.5,30.875,24.5046329498291,262400,no_news,0.0,Not Recession,no_anomaly,0
1997-08-06,27.4375,29.75,27.375,29.5,23.413333892822266,438100,no_news,0.0,Not Recession,no_anomaly,0
1997-08-05,26.875,27.625,26.75,27.375,21.726781845092773,117300,no_news,0.0,Not Recession,no_anomaly,0
1997-08-04,27.25,27.375,25.75,27.0,21.42915153503418,124300,no_news,0.0,Not Recession,no_anomaly,0
1997-08-01,27.625,28.625,26.625,27.125,21.528366088867188,178200,no_news,0.0,Not Recession,no_anomaly,0
1997-07-31,25.0,28.125,24.875,27.5,21.82598876953125,256100,no_news,0.0,Not Recession,no_anomaly,0
1997-07-30,25.25,25.5,24.5,25.125,19.941022872924805,164100,no_news,0.0,Not Recession,no_anomaly,0
1997-07-29,26.75,26.75,24.875,25.5,20.238645553588867,260000,no_news,0.0,Not Recession,no_anomaly,0
1997-07-28,27.875,28.0,26.375,27.0,21.42915153503418,219700,no_news,0.0,Not Recession,no_anomaly,0
1997-07-25,27.375,29.5,27.125,27.875,22.12361717224121,581600,no_news,0.0,Not Recession,no_anomaly,0
1997-07-24,24.5,27.875,24.125,27.5,21.82598876953125,312200,no_news,0.0,Not Recession,no_anomaly,0
1997-07-23,23.5,24.5,22.375,24.375,19.34576797485352,201600,no_news,0.0,Not Recession,no_anomaly,0
1997-07-22,23.75,24.125,23.5,23.5,18.65130424499512,68400,no_news,0.0,Not Recession,no_anomaly,0
1997-07-21,23.125,24.875,23.0,23.75,18.849720001220703,185900,no_news,0.0,Not Recession,no_anomaly,0
1997-07-18,23.75,23.75,22.625,23.0,18.254470825195312,127400,no_news,0.0,Not Recession,no_anomaly,0
1997-07-17,24.0,24.375,23.75,23.75,18.849720001220703,89100,no_news,0.0,Not Recession,no_anomaly,0
1997-07-16,22.75,24.0,22.75,23.625,18.750513076782227,100100,no_news,0.0,Not Recession,no_anomaly,0
1997-07-15,23.125,23.25,22.625,22.75,18.056041717529297,124000,no_news,0.0,Not Recession,no_anomaly,0
1997-07-14,22.25,23.875,22.125,23.0,18.254470825195312,193300,no_news,0.0,Not Recession,no_anomaly,0
1997-07-11,20.625,23.5,20.375,22.25,17.65921401977539,320900,no_news,0.0,Not Recession,no_anomaly,0
1997-07-10,20.0,20.625,20.0,20.625,16.369491577148438,85500,no_news,0.0,Not Recession,no_anomaly,0
1997-07-09,20.25,20.25,19.75,20.25,16.07186508178711,91100,no_news,0.0,Not Recession,no_anomaly,0
1997-07-08,20.0,20.25,19.75,19.8125,15.724634170532228,61300,no_news,0.0,Not Recession,no_anomaly,0
1997-07-07,20.125,20.5,19.75,20.25,16.07186508178711,100400,no_news,0.0,Not Recession,no_anomaly,0
1997-07-03,19.75,20.5,19.75,20.25,16.07186508178711,168700,no_news,0.0,Not Recession,no_anomaly,0
1997-07-02,19.75,20.25,19.5,19.5,15.476609230041504,99900,no_news,0.0,Not Recession,no_anomaly,0
1997-07-01,19.375,20.375,19.0,20.0,15.873455047607422,196800,no_news,0.0,Not Recession,no_anomaly,0
1997-06-30,19.125,19.5,19.125,19.25,15.278191566467283,42600,no_news,0.0,Not Recession,no_anomaly,0
1997-06-27,18.9375,19.625,18.9375,19.5,15.476609230041504,46700,no_news,0.0,Not Recession,no_anomaly,0
1997-06-26,18.875,19.25,18.875,18.9375,15.03017234802246,69700,no_news,0.0,Not Recession,no_anomaly,0
1997-06-25,18.875,19.375,18.5,18.875,14.980561256408691,88100,no_news,0.0,Not Recession,no_anomaly,0
1997-06-24,18.5,19.0,18.5,18.75,14.881359100341797,46000,no_news,0.0,Not Recession,no_anomaly,0
1997-06-23,18.5,18.75,18.375,18.375,14.583728790283203,82600,no_news,0.0,Not Recession,no_anomaly,0
1997-06-20,17.75,18.625,17.75,18.25,14.484522819519045,82700,no_news,0.0,Not Recession,no_anomaly,0
1997-06-19,17.75,18.25,17.5,17.75,14.087685585021973,80300,no_news,0.0,Not Recession,no_anomaly,0
1997-06-18,17.25,17.875,17.25,17.25,13.690850257873535,39900,no_news,0.0,Not Recession,no_anomaly,0
1997-06-17,17.375,17.875,17.375,17.375,13.79005527496338,13400,no_news,0.0,Not Recession,no_anomaly,0
1997-06-16,17.625,17.75,17.5,17.5,13.889265060424805,27200,no_news,0.0,Not Recession,no_anomaly,0
1997-06-13,17.75,18.0,17.625,17.875,14.186896324157717,77000,no_news,0.0,Not Recession,no_anomaly,0
1997-06-12,17.625,18.0,17.375,17.75,14.087685585021973,39500,no_news,0.0,Not Recession,no_anomaly,0
1997-06-11,18.125,18.25,17.625,17.75,14.087685585021973,95000,no_news,0.0,Not Recession,no_anomaly,0
1997-06-10,18.375,18.625,18.125,18.375,14.583728790283203,116100,no_news,0.0,Not Recession,no_anomaly,0
1997-06-09,18.375,19.0,18.375,18.75,14.881359100341797,114600,no_news,0.0,Not Recession,no_anomaly,0
1997-06-06,17.5,18.75,17.5,18.625,14.782150268554688,178600,no_news,0.0,Not Recession,no_anomaly,0
1997-06-05,16.875,17.875,16.875,17.5,13.889265060424805,153300,no_news,0.0,Not Recession,no_anomaly,0
1997-06-04,17.0,17.375,16.875,16.875,13.39321994781494,15200,no_news,0.0,Not Recession,no_anomaly,0
1997-06-03,17.125,17.375,17.0,17.0625,13.542034149169922,20700,no_news,0.0,Not Recession,no_anomaly,0
1997-06-02,17.0,17.5,17.0,17.25,13.690850257873535,16400,no_news,0.0,Not Recession,no_anomaly,0
1997-05-30,16.75,17.25,16.75,17.25,13.690850257873535,176100,no_news,0.0,Not Recession,no_anomaly,0
1997-05-29,17.25,17.625,17.25,17.4375,13.839661598205566,134500,no_news,0.0,Not Recession,no_anomaly,0
1997-05-28,17.5,17.5,17.25,17.25,13.690850257873535,60700,no_news,0.0,Not Recession,no_anomaly,0
1997-05-27,17.125,17.75,17.125,17.5,13.889265060424805,48800,no_news,0.0,Not Recession,no_anomaly,0
1997-05-23,17.5,17.5,17.125,17.125,13.591641426086426,39400,no_news,0.0,Not Recession,no_anomaly,0
1997-05-22,17.375,17.625,17.125,17.1875,13.641246795654297,63800,no_news,0.0,Not Recession,no_anomaly,0
1997-05-21,17.25,17.625,17.25,17.625,13.988478660583496,35600,no_news,0.0,Not Recession,no_anomaly,0
1997-05-20,17.375,17.5,17.125,17.5,13.889265060424805,42000,no_news,0.0,Not Recession,no_anomaly,0
1997-05-19,17.125,17.75,17.125,17.5,13.889265060424805,62400,no_news,0.0,Not Recession,no_anomaly,0
1997-05-16,17.25,17.5,16.75,17.125,13.591641426086426,51700,no_news,0.0,Not Recession,no_anomaly,0
1997-05-15,16.25,17.625,16.25,17.125,13.591641426086426,86800,no_news,0.0,Not Recession,no_anomaly,0
1997-05-14,16.625,16.625,16.25,16.25,12.897175788879396,13400,no_news,0.0,Not Recession,no_anomaly,0
1997-05-13,16.75,16.75,16.0,16.25,12.897175788879396,100700,no_news,0.0,Not Recession,no_anomaly,0
1997-05-12,16.75,16.75,16.25,16.75,13.294011116027832,68000,no_news,0.0,Not Recession,no_anomaly,0
1997-05-09,16.25,16.75,16.125,16.25,12.897175788879396,84400,no_news,0.0,Not Recession,no_anomaly,0
1997-05-08,16.25,16.5,16.0,16.25,12.897175788879396,22700,no_news,0.0,Not Recession,no_anomaly,0
1997-05-07,16.25,16.75,15.75,16.0,12.698758125305176,178800,no_news,0.0,Not Recession,no_anomaly,0
1997-05-06,15.25,17.0,15.25,16.25,12.897175788879396,145300,no_news,0.0,Not Recession,no_anomaly,0
1997-05-05,14.75,15.75,14.75,15.5,12.301921844482422,196800,no_news,0.0,Not Recession,no_anomaly,0
1997-05-02,14.5,15.125,14.25,14.9375,11.855480194091797,88500,no_news,0.0,Not Recession,no_anomaly,0
1997-05-01,13.875,14.5,13.625,14.125,11.21062183380127,66500,no_news,0.0,Not Recession,no_anomaly,0
1997-04-30,13.125,14.0,12.5,13.625,10.813786506652832,95800,no_news,0.0,Not Recession,no_anomaly,0
1997-04-29,14.375,14.75,13.5,13.5,10.71457576751709,89600,no_news,0.0,Not Recession,no_anomaly,0
1997-04-28,14.0,14.125,13.625,14.0,11.111413955688477,50800,no_news,0.0,Not Recession,no_anomaly,0
1997-04-25,14.0,14.125,13.625,14.0,11.111413955688477,48900,no_news,0.0,Not Recession,no_anomaly,0
1997-04-24,12.5,14.625,12.5,14.0,11.111413955688477,194000,no_news,0.0,Not Recession,no_anomaly,0
1997-04-23,10.625,13.0,10.625,12.375,9.821694374084473,373400,no_news,0.0,Not Recession,no_anomaly,0
1997-04-22,13.25,13.375,12.75,12.75,10.119322776794434,75900,no_news,0.0,Not Recession,no_anomaly,0
1997-04-21,13.75,14.0,13.0,13.0,10.317741394042969,65000,no_news,0.0,Not Recession,no_anomaly,0
1997-04-18,14.125,14.375,13.875,13.875,11.01220703125,80300,no_news,0.0,Not Recession,no_anomaly,0
1997-04-17,14.125,14.5,13.875,14.375,11.40904140472412,40700,no_news,0.0,Not Recession,no_anomaly,0
1997-04-16,14.875,15.0,13.625,13.75,10.912994384765623,169600,no_news,0.0,Not Recession,no_anomaly,0
1997-04-15,15.5,15.625,14.875,14.875,11.805877685546877,74000,no_news,0.0,Not Recession,no_anomaly,0
1997-04-14,15.5,15.75,15.125,15.125,12.00429344177246,66000,no_news,0.0,Not Recession,no_anomaly,0
1997-04-11,15.375,15.875,14.875,15.75,12.50033950805664,80000,no_news,0.0,Not Recession,no_anomaly,0
1997-04-10,15.0,15.75,14.875,15.5,12.301921844482422,39800,no_news,0.0,Not Recession,no_anomaly,0
1997-04-09,16.125,16.25,14.875,15.0,11.905085563659668,156300,no_news,0.0,Not Recession,no_anomaly,0
1997-04-08,16.5,17.0,15.75,16.125,12.797966957092283,40900,no_news,0.0,Not Recession,no_anomaly,0
1997-04-07,15.625,16.5,15.375,16.5,13.095593452453612,110500,no_news,0.0,Not Recession,no_anomaly,0
1997-04-04,13.875,15.5,13.875,15.125,12.00429344177246,139200,no_news,0.0,Not Recession,no_anomaly,0
1997-04-03,13.875,14.25,13.875,14.0,11.111413955688477,58100,no_news,0.0,Not Recession,no_anomaly,0
1997-04-02,15.375,15.375,13.875,13.875,11.01220703125,148000,no_news,0.0,Not Recession,no_anomaly,0
1997-04-01,15.375,15.375,15.0,15.375,12.202713012695312,20300,no_news,0.0,Not Recession,no_anomaly,0
1997-03-31,16.375,16.375,14.875,14.875,11.805877685546877,104900,no_news,0.0,Not Recession,no_anomaly,0
1997-03-27,17.75,17.75,16.25,16.3125,12.94678020477295,75000,no_news,0.0,Not Recession,no_anomaly,0
1997-03-26,15.625,17.75,15.625,17.375,13.79005527496338,94300,no_news,0.0,Not Recession,no_anomaly,0
1997-03-25,15.625,16.125,15.375,15.75,12.50033950805664,44000,no_news,0.0,Not Recession,no_anomaly,0
1997-03-24,15.875,15.875,15.25,15.375,12.202713012695312,36900,no_news,0.0,Not Recession,no_anomaly,0
1997-03-21,15.875,15.875,15.375,15.625,12.401132583618164,50600,no_news,0.0,Not Recession,no_anomaly,0
1997-03-20,15.0,15.75,14.75,15.625,12.401132583618164,115200,no_news,0.0,Not Recession,no_anomaly,0
1997-03-19,15.125,15.125,14.75,14.75,11.706666946411133,115100,no_news,0.0,Not Recession,no_anomaly,0
1997-03-18,15.75,16.5,15.625,15.875,12.599547386169434,140400,no_news,0.0,Not Recession,no_anomaly,0
1997-03-17,16.625,16.625,15.25,15.5,12.301921844482422,147300,no_news,0.0,Not Recession,no_anomaly,0
1997-03-14,17.875,17.875,17.0,17.0,13.492429733276367,46700,no_news,0.0,Not Recession,no_anomaly,0
1997-03-13,18.25,18.625,17.75,17.75,14.087685585021973,52100,no_news,0.0,Not Recession,no_anomaly,0
1997-03-12,18.75,18.75,18.25,18.25,14.484522819519045,60000,no_news,0.0,Not Recession,no_anomaly,0
1997-03-11,19.125,19.125,18.375,18.375,14.583728790283203,51500,no_news,0.0,Not Recession,no_anomaly,0
1997-03-10,19.25,19.25,18.875,19.125,15.17898654937744,49400,no_news,0.0,Not Recession,no_anomaly,0
1997-03-07,19.75,19.75,19.25,19.25,15.278191566467283,41700,no_news,0.0,Not Recession,no_anomaly,0
1997-03-06,20.5,20.5,19.5,19.625,15.575818061828612,236300,no_news,0.0,Not Recession,no_anomaly,0
1997-03-05,19.25,20.125,19.0,19.75,15.675025939941406,251200,no_news,0.0,Not Recession,no_anomaly,0
1997-03-04,18.875,19.25,18.375,18.875,14.980561256408691,64900,no_news,0.0,Not Recession,no_anomaly,0
1997-03-03,18.25,19.0,18.25,18.5,14.682940483093262,105600,no_news,0.0,Not Recession,no_anomaly,0
1997-02-28,18.75,19.0,18.375,18.375,14.583728790283203,40400,no_news,0.0,Not Recession,no_anomaly,0
1997-02-27,19.25,19.25,18.5,19.0,15.0797758102417,92100,no_news,0.0,Not Recession,no_anomaly,0
1997-02-26,18.375,19.75,18.0,19.1875,15.228583335876465,280400,no_news,0.0,Not Recession,no_anomaly,0
1997-02-25,17.875,18.375,17.75,18.125,14.385309219360352,133800,no_news,0.0,Not Recession,no_anomaly,0
1997-02-24,17.75,17.875,17.625,17.75,14.087685585021973,29900,no_news,0.0,Not Recession,no_anomaly,0
1997-02-21,17.75,18.0,17.625,18.0,14.286105155944824,33700,no_news,0.0,Not Recession,no_anomaly,0
1997-02-20,18.0,18.125,17.75,17.75,14.087685585021973,42900,no_news,0.0,Not Recession,no_anomaly,0
1997-02-19,17.375,18.125,17.375,17.75,14.087685585021973,110900,no_news,0.0,Not Recession,no_anomaly,0
1997-02-18,18.375,18.625,17.25,17.375,13.79005527496338,91500,no_news,0.0,Not Recession,no_anomaly,0
1997-02-14,18.875,19.0,18.375,18.375,14.583728790283203,105200,no_news,0.0,Not Recession,no_anomaly,0
1997-02-13,17.125,19.0,16.875,18.875,14.980561256408691,203000,no_news,0.0,Not Recession,no_anomaly,0
1997-02-12,16.0,16.875,15.875,16.75,13.294011116027832,155000,no_news,0.0,Not Recession,no_anomaly,0
1997-02-11,16.625,17.0,15.75,15.75,12.50033950805664,111600,no_news,0.0,Not Recession,no_anomaly,0
1997-02-10,17.125,17.125,16.625,16.625,13.194805145263672,36000,no_news,0.0,Not Recession,no_anomaly,0
1997-02-07,17.0,17.125,16.75,17.125,13.591641426086426,34600,no_news,0.0,Not Recession,no_anomaly,0
1997-02-06,16.625,17.125,16.625,16.875,13.39321994781494,73800,no_news,0.0,Not Recession,no_anomaly,0
1997-02-05,17.375,17.375,16.625,16.875,13.39321994781494,73000,no_news,0.0,Not Recession,no_anomaly,0
1997-02-04,17.25,17.375,17.25,17.375,13.79005527496338,39100,no_news,0.0,Not Recession,no_anomaly,0
1997-02-03,17.375,17.375,17.25,17.3125,13.740452766418455,91000,no_news,0.0,Not Recession,no_anomaly,0
1997-01-31,17.0,17.375,16.875,17.375,13.79005527496338,185900,no_news,0.0,Not Recession,no_anomaly,0
1997-01-30,16.625,17.125,16.625,16.875,13.39321994781494,71000,no_news,0.0,Not Recession,no_anomaly,0
1997-01-29,17.0,17.25,16.625,16.625,13.194805145263672,115900,no_news,0.0,Not Recession,no_anomaly,0
1997-01-28,17.0,17.375,16.75,17.0,13.492429733276367,85200,no_news,0.0,Not Recession,no_anomaly,0
1997-01-27,17.75,17.875,16.625,16.6875,13.24440574645996,153600,no_news,0.0,Not Recession,no_anomaly,0
1997-01-24,18.5,18.625,17.875,18.0,14.286105155944824,404800,no_news,0.0,Not Recession,no_anomaly,0
1997-01-23,19.0,19.5,17.75,18.5,14.682940483093262,338300,no_news,0.0,Not Recession,no_anomaly,0
1997-01-22,19.75,20.0,18.5,19.0,15.0797758102417,212200,no_news,0.0,Not Recession,no_anomaly,0
1997-01-21,19.75,20.25,19.75,19.75,15.675025939941406,937300,no_news,0.0,Not Recession,no_anomaly,0
1997-01-20,18.875,20.0,18.625,19.75,15.675025939941406,186300,no_news,0.0,Not Recession,no_anomaly,0
1997-01-17,18.625,18.875,18.25,18.5,14.682940483093262,122800,no_news,0.0,Not Recession,no_anomaly,0
1997-01-16,18.625,18.625,18.25,18.625,14.782150268554688,82700,no_news,0.0,Not Recession,no_anomaly,0
1997-01-15,18.375,18.625,18.25,18.375,14.583728790283203,108300,no_news,0.0,Not Recession,no_anomaly,0
1997-01-14,18.5,18.75,17.5,18.0,14.286105155944824,92900,no_news,0.0,Not Recession,no_anomaly,0
1997-01-13,18.75,18.75,18.25,18.5,14.682940483093262,40200,no_news,0.0,Not Recession,no_anomaly,0
1997-01-10,18.25,18.75,17.875,18.5,14.682940483093262,106100,no_news,0.0,Not Recession,no_anomaly,0
1997-01-09,18.5,18.625,18.0,18.5,14.682940483093262,69400,no_news,0.0,Not Recession,no_anomaly,0
1997-01-08,18.015625,18.375,17.75,18.0,14.286105155944824,114800,no_news,0.0,Not Recession,no_anomaly,0
1997-01-07,17.5,17.875,17.25,17.875,14.186896324157717,45100,no_news,0.0,Not Recession,no_anomaly,0
1997-01-06,17.25,18.625,17.0,17.5,13.889265060424805,250300,no_news,0.0,Not Recession,no_anomaly,0
1997-01-03,16.125,17.0,16.0,17.0,13.492429733276367,77900,no_news,0.0,Not Recession,no_anomaly,0
1997-01-02,16.375,16.375,15.75,15.875,12.599547386169434,59000,no_news,0.0,Not Recession,no_anomaly,0
1996-12-31,16.375,16.75,16.0,16.375,12.99638557434082,103400,no_news,0.0,Not Recession,no_anomaly,0
1996-12-30,16.625,17.0,16.25,16.375,12.99638557434082,99600,no_news,0.0,Not Recession,no_anomaly,0
1996-12-27,17.625,17.75,16.75,16.75,13.294011116027832,72900,no_news,0.0,Not Recession,no_anomaly,0
1996-12-26,16.5,17.5,16.5,17.25,13.690850257873535,148700,no_news,0.0,Not Recession,no_anomaly,0
1996-12-24,16.125,16.875,16.125,16.625,13.194805145263672,166600,no_news,0.0,Not Recession,no_anomaly,0
1996-12-23,15.875,16.625,15.875,16.25,12.897175788879396,118500,no_news,0.0,Not Recession,no_anomaly,0
1996-12-20,16.0,16.75,15.25,16.375,12.99638557434082,314200,no_news,0.0,Not Recession,no_anomaly,0
1996-12-19,18.375,18.875,18.0,18.0,14.286105155944824,91900,no_news,0.0,Not Recession,no_anomaly,0
1996-12-18,16.5,18.5,16.25,18.125,14.385309219360352,155500,no_news,0.0,Not Recession,no_anomaly,0
1996-12-17,16.0,16.5,15.75,16.5,13.095593452453612,102600,no_news,0.0,Not Recession,no_anomaly,0
1996-12-16,16.75,17.125,16.75,16.75,13.294011116027832,47700,no_news,0.0,Not Recession,no_anomaly,0
1996-12-13,17.375,17.625,16.875,17.25,13.690850257873535,105000,no_news,0.0,Not Recession,no_anomaly,0
1996-12-12,18.5,18.625,17.875,17.875,14.186896324157717,68800,no_news,0.0,Not Recession,no_anomaly,0
1996-12-11,18.625,18.75,17.625,17.875,14.186896324157717,152300,no_news,0.0,Not Recession,no_anomaly,0
1996-12-10,20.25,20.5,19.125,19.125,15.17898654937744,245400,no_news,0.0,Not Recession,no_anomaly,0
1996-12-09,18.25,19.5,18.25,19.5,15.476609230041504,327000,no_news,0.0,Not Recession,no_anomaly,0
1996-12-06,16.0,17.875,15.625,17.875,14.186896324157717,277900,no_news,0.0,Not Recession,no_anomaly,0
1996-12-05,16.375,17.375,16.25,16.6875,13.24440574645996,468800,no_news,0.0,Not Recession,no_anomaly,0
1996-12-04,14.625,14.75,14.375,14.375,11.40904140472412,56100,no_news,0.0,Not Recession,no_anomaly,0
1996-12-03,14.625,15.25,14.375,14.75,11.706666946411133,77100,no_news,0.0,Not Recession,no_anomaly,0
1996-12-02,13.875,14.625,13.375,14.625,11.607460021972656,60400,no_news,0.0,Not Recession,no_anomaly,0
1996-11-29,13.5,13.5,13.125,13.5,10.71457576751709,13700,no_news,0.0,Not Recession,no_anomaly,0
1996-11-27,13.75,14.0,12.875,13.25,10.516161918640137,73500,no_news,0.0,Not Recession,no_anomaly,0
1996-11-26,14.875,15.25,14.25,14.25,11.309829711914062,96500,no_news,0.0,Not Recession,no_anomaly,0
1996-11-25,14.0,15.375,14.0,15.0,11.905085563659668,388900,no_news,0.0,Not Recession,no_anomaly,0
1996-11-22,13.125,14.375,13.125,14.125,11.21062183380127,200300,no_news,0.0,Not Recession,no_anomaly,0
1996-11-21,12.375,13.125,12.375,13.0,10.317741394042969,223600,no_news,0.0,Not Recession,no_anomaly,0
1996-11-20,14.0,14.0,11.875,12.0,9.524067878723145,450200,no_news,0.0,Not Recession,no_anomaly,0
1996-11-19,14.375,14.75,14.25,14.375,11.40904140472412,55100,no_news,0.0,Not Recession,no_anomaly,0
1996-11-18,14.25,14.625,14.25,14.5,11.50825023651123,42800,no_news,0.0,Not Recession,no_anomaly,0
1996-11-15,14.5,14.5,14.375,14.5,11.50825023651123,88100,no_news,0.0,Not Recession,no_anomaly,0
1996-11-14,14.875,14.875,14.375,14.5,11.50825023651123,152000,no_news,0.0,Not Recession,no_anomaly,0
1996-11-13,14.875,15.25,14.625,14.625,11.607460021972656,146000,no_news,0.0,Not Recession,no_anomaly,0
1996-11-12,14.25,15.125,13.875,15.0,11.905085563659668,141100,no_news,0.0,Not Recession,no_anomaly,0
1996-11-11,13.875,14.125,13.515625,14.0625,11.161017417907717,75000,no_news,0.0,Not Recession,no_anomaly,0
1996-11-08,14.25,14.5,13.5,13.875,11.01220703125,74100,no_news,0.0,Not Recession,no_anomaly,0
1996-11-07,13.125,14.75,13.125,14.375,11.40904140472412,272900,no_news,0.0,Not Recession,no_anomaly,0
1996-11-06,11.375,13.25,11.125,12.875,10.218533515930176,166200,no_news,0.0,Not Recession,no_anomaly,0
1996-11-05,10.875,11.375,10.625,11.25,8.928811073303223,158100,no_news,0.0,Not Recession,no_anomaly,0
1996-11-04,10.25,10.625,10.125,10.625,8.432769775390625,106600,no_news,0.0,Not Recession,no_anomaly,0
1996-11-01,10.25,10.25,9.875,10.25,8.135140419006348,100800,no_news,0.0,Not Recession,no_anomaly,0
1996-10-31,9.875,10.375,9.625,10.125,8.035932540893555,103300,no_news,0.0,Not Recession,no_anomaly,0
1996-10-30,10.0,10.0,9.5,9.5,7.53988790512085,104500,no_news,0.0,Not Recession,no_anomaly,0
1996-10-29,10.75,10.75,9.75,9.75,7.738304615020752,87400,no_news,0.0,Not Recession,no_anomaly,0
1996-10-28,11.0,11.0,10.375,10.5,8.3335599899292,19000,no_news,0.0,Not Recession,no_anomaly,0
1996-10-25,10.5,11.125,10.5,10.875,8.631185531616211,67000,no_news,0.0,Not Recession,no_anomaly,0
1996-10-24,11.25,11.375,10.5,10.625,8.432769775390625,32200,no_news,0.0,Not Recession,no_anomaly,0
1996-10-23,11.5,11.5,10.75,10.875,8.631185531616211,76100,no_news,0.0,Not Recession,no_anomaly,0
1996-10-22,12.25,12.5,11.625,11.875,9.424860000610352,27500,no_news,0.0,Not Recession,no_anomaly,0
1996-10-21,12.375,12.625,12.375,12.375,9.821694374084473,13600,no_news,0.0,Not Recession,no_anomaly,0
1996-10-18,12.75,13.0,12.375,12.625,10.020109176635742,27800,no_news,0.0,Not Recession,no_anomaly,0
1996-10-17,12.75,13.0,12.75,12.75,10.119322776794434,13800,no_news,0.0,Not Recession,no_anomaly,0
1996-10-16,13.125,13.125,12.75,12.875,10.218533515930176,18000,no_news,0.0,Not Recession,no_anomaly,0
1996-10-15,12.625,13.0,12.625,13.0,10.317741394042969,27000,no_news,0.0,Not Recession,no_anomaly,0
1996-10-14,12.9375,13.0,12.5,13.0,10.317741394042969,7600,no_news,0.0,Not Recession,no_anomaly,0
1996-10-11,13.125,13.125,12.625,12.625,10.020109176635742,17700,no_news,0.0,Not Recession,no_anomaly,0
1996-10-10,12.625,13.25,12.625,13.0,10.317741394042969,41300,no_news,0.0,Not Recession,no_anomaly,0
1996-10-09,12.375,13.0,12.375,13.0,10.317741394042969,33700,no_news,0.0,Not Recession,no_anomaly,0
1996-10-08,12.375,12.875,12.375,12.5,9.920907974243164,22400,no_news,0.0,Not Recession,no_anomaly,0
1996-10-07,12.375,12.875,12.375,12.375,9.821694374084473,9600,no_news,0.0,Not Recession,no_anomaly,0
1996-10-04,12.875,12.875,12.375,12.875,10.218533515930176,36300,no_news,0.0,Not Recession,no_anomaly,0
1996-10-03,12.5,12.5,12.0,12.375,9.821694374084473,32400,no_news,0.0,Not Recession,no_anomaly,0
1996-10-02,12.625,12.625,12.125,12.3125,9.772090911865234,13300,no_news,0.0,Not Recession,no_anomaly,0
1996-10-01,12.625,12.875,12.375,12.375,9.821694374084473,8600,no_news,0.0,Not Recession,no_anomaly,0
1996-09-30,13.0,13.0,12.625,12.625,10.020109176635742,4500,no_news,0.0,Not Recession,no_anomaly,0
1996-09-27,13.0,13.25,12.75,13.0,10.317741394042969,36300,no_news,0.0,Not Recession,no_anomaly,0
1996-09-26,12.875,13.875,12.75,13.3125,10.56576442718506,99200,no_news,0.0,Not Recession,no_anomaly,0
1996-09-25,11.75,12.75,11.75,12.25,9.72248363494873,104300,no_news,0.0,Not Recession,no_anomaly,0
1996-09-24,11.625,12.0,11.5,11.75,9.32565212249756,19000,no_news,0.0,Not Recession,no_anomaly,0
1996-09-23,11.5,12.0,11.5,11.5,9.127235412597656,52000,no_news,0.0,Not Recession,no_anomaly,0
1996-09-20,11.875,11.875,11.5,11.75,9.32565212249756,5500,no_news,0.0,Not Recession,no_anomaly,0
1996-09-19,12.25,12.25,11.5,11.75,9.32565212249756,64200,no_news,0.0,Not Recession,no_anomaly,0
1996-09-18,12.0,12.25,11.75,11.875,9.424860000610352,41000,no_news,0.0,Not Recession,no_anomaly,0
1996-09-17,12.0,12.25,11.515625,12.25,9.72248363494873,64400,no_news,0.0,Not Recession,no_anomaly,0
1996-09-16,12.25,12.25,11.5,11.5,9.127235412597656,25500,no_news,0.0,Not Recession,no_anomaly,0
1996-09-13,12.375,12.625,12.0,12.0,9.524067878723145,34000,no_news,0.0,Not Recession,no_anomaly,0
1996-09-12,12.5,12.5,12.25,12.25,9.72248363494873,20900,no_news,0.0,Not Recession,no_anomaly,0
1996-09-11,12.375,12.75,12.25,12.25,9.72248363494873,10100,no_news,0.0,Not Recession,no_anomaly,0
1996-09-10,12.375,12.75,12.375,12.5,9.920907974243164,21100,no_news,0.0,Not Recession,no_anomaly,0
1996-09-09,12.75,12.75,12.375,12.625,10.020109176635742,16400,no_news,0.0,Not Recession,no_anomaly,0
1996-09-06,12.5,12.875,12.25,12.5,9.920907974243164,47600,no_news,0.0,Not Recession,no_anomaly,0
1996-09-05,12.75,12.75,12.25,12.5,9.920907974243164,43500,no_news,0.0,Not Recession,no_anomaly,0
1996-09-04,12.25,12.75,12.25,12.75,10.119322776794434,47000,no_news,0.0,Not Recession,no_anomaly,0
1996-09-03,11.5,12.0,11.5,12.0,9.524067878723145,47200,no_news,0.0,Not Recession,no_anomaly,0
1996-08-30,11.75,12.25,11.75,12.25,9.72248363494873,46600,no_news,0.0,Not Recession,no_anomaly,0
1996-08-29,12.0,12.5,11.75,12.25,9.72248363494873,26100,no_news,0.0,Not Recession,no_anomaly,0
1996-08-28,13.375,13.375,11.5,12.5,9.920907974243164,139600,no_news,0.0,Not Recession,no_anomaly,0
1996-08-27,14.0,14.25,13.25,13.6875,10.863390922546388,60700,no_news,0.0,Not Recession,no_anomaly,0
1996-08-26,14.25,14.5,14.0,14.25,11.309829711914062,22000,no_news,0.0,Not Recession,no_anomaly,0
1996-08-23,13.75,14.375,13.75,14.375,11.40904140472412,66100,no_news,0.0,Not Recession,no_anomaly,0
1996-08-22,13.75,14.25,13.75,14.0,11.111413955688477,15200,no_news,0.0,Not Recession,no_anomaly,0
1996-08-21,13.75,14.25,13.75,13.8125,10.962600708007812,21900,no_news,0.0,Not Recession,no_anomaly,0
1996-08-20,13.5,14.25,13.25,14.25,11.309829711914062,43600,no_news,0.0,Not Recession,no_anomaly,0
1996-08-19,13.5,14.0,13.5,14.0,11.111413955688477,6700,no_news,0.0,Not Recession,no_anomaly,0
1996-08-16,13.5,14.0,13.5,14.0,11.111413955688477,12400,no_news,0.0,Not Recession,no_anomaly,0
1996-08-15,14.0,14.0,13.5,13.75,10.912994384765623,28800,no_news,0.0,Not Recession,no_anomaly,0
1996-08-14,13.5,14.25,13.5,14.0,11.111413955688477,29100,no_news,0.0,Not Recession,no_anomaly,0
1996-08-13,13.75,14.25,13.5,14.0,11.111413955688477,61200,no_news,0.0,Not Recession,no_anomaly,0
1996-08-12,13.25,14.25,13.25,14.25,11.309829711914062,46600,no_news,0.0,Not Recession,no_anomaly,0
1996-08-09,13.5,13.75,13.0,13.75,10.912994384765623,17300,no_news,0.0,Not Recession,no_anomaly,0
1996-08-08,14.5,14.5,13.5,13.875,11.01220703125,47600,no_news,0.0,Not Recession,no_anomaly,0
1996-08-07,13.875,14.625,13.5,14.625,11.607460021972656,38900,no_news,0.0,Not Recession,no_anomaly,0
1996-08-06,13.5,14.25,13.5,14.0,11.111413955688477,32600,no_news,0.0,Not Recession,no_anomaly,0
1996-08-05,14.5,14.5,13.625,14.0625,11.161017417907717,51700,no_news,0.0,Not Recession,no_anomaly,0
1996-08-02,14.25,14.75,13.75,14.25,11.309829711914062,55000,no_news,0.0,Not Recession,no_anomaly,0
1996-08-01,14.0,14.25,13.25,13.75,10.912994384765623,87200,no_news,0.0,Not Recession,no_anomaly,0
1996-07-31,12.625,14.25,12.625,14.25,11.309829711914062,117800,no_news,0.0,Not Recession,no_anomaly,0
1996-07-30,12.75,13.25,12.5,12.625,10.020109176635742,91000,no_news,0.0,Not Recession,no_anomaly,0
1996-07-29,11.25,12.5,10.75,12.5,9.920907974243164,96900,no_news,0.0,Not Recession,no_anomaly,0
1996-07-26,10.5,11.25,10.5,11.0,8.730396270751953,52500,no_news,0.0,Not Recession,no_anomaly,0
1996-07-25,9.625,11.0,9.25,11.0,8.730396270751953,86200,no_news,0.0,Not Recession,no_anomaly,0
1996-07-24,10.25,10.5,9.25,9.625,7.639095783233643,51300,no_news,0.0,Not Recession,no_anomaly,0
1996-07-23,10.25,10.875,10.25,10.75,8.531980514526367,29700,no_news,0.0,Not Recession,no_anomaly,0
1996-07-22,10.0,10.5,10.0,10.5,8.3335599899292,7300,no_news,0.0,Not Recession,no_anomaly,0
1996-07-19,10.25,10.5,9.75,10.25,8.135140419006348,47000,no_news,0.0,Not Recession,no_anomaly,0
1996-07-18,10.25,10.25,9.75,10.25,8.135140419006348,39200,no_news,0.0,Not Recession,no_anomaly,0
1996-07-17,10.0,10.25,9.75,10.0,7.936727523803711,48200,no_news,0.0,Not Recession,no_anomaly,0
1996-07-16,10.125,10.25,9.0,9.75,7.738304615020752,94200,no_news,0.0,Not Recession,no_anomaly,0
1996-07-15,11.125,11.125,10.25,10.5,8.3335599899292,33300,no_news,0.0,Not Recession,no_anomaly,0
1996-07-12,10.875,11.5,10.25,10.875,8.631185531616211,68600,no_news,0.0,Not Recession,no_anomaly,0
1996-07-11,12.375,12.375,10.875,10.875,8.631185531616211,46800,no_news,0.0,Not Recession,no_anomaly,0
1996-07-10,13.0,13.125,12.0,12.0,9.524067878723145,63100,no_news,0.0,Not Recession,no_anomaly,0
1996-07-09,13.5,13.5,13.0,13.0,10.317741394042969,57300,no_news,0.0,Not Recession,no_anomaly,0
1996-07-08,12.5,13.25,12.25,13.125,10.416951179504396,57100,no_news,0.0,Not Recession,no_anomaly,0
1996-07-05,12.75,12.75,12.0,12.75,10.119322776794434,23000,no_news,0.0,Not Recession,no_anomaly,0
1996-07-03,12.25,12.625,12.0,12.25,9.72248363494873,53600,no_news,0.0,Not Recession,no_anomaly,0
1996-07-02,12.25,12.75,12.0,12.375,9.821694374084473,90400,no_news,0.0,Not Recession,no_anomaly,0
1996-07-01,11.5,12.75,11.25,12.25,9.72248363494873,68400,no_news,0.0,Not Recession,no_anomaly,0
1996-06-28,11.125,11.5,10.875,11.5,9.127235412597656,144700,no_news,0.0,Not Recession,no_anomaly,0
1996-06-27,10.75,11.125,10.75,10.9375,8.680789947509766,36200,no_news,0.0,Not Recession,no_anomaly,0
1996-06-26,11.0,11.25,10.625,11.0,8.730396270751953,73900,no_news,0.0,Not Recession,no_anomaly,0
1996-06-25,11.25,11.25,10.6875,11.25,8.928811073303223,65300,no_news,0.0,Not Recession,no_anomaly,0
1996-06-24,11.5,12.0,10.625,11.25,8.928811073303223,84600,no_news,0.0,Not Recession,no_anomaly,0
1996-06-21,11.5,12.0,11.25,11.875,9.424860000610352,16700,no_news,0.0,Not Recession,no_anomaly,0
1996-06-20,11.0,11.5,11.0,11.375,9.028020858764648,33500,no_news,0.0,Not Recession,no_anomaly,0
1996-06-19,12.0,12.0,10.75,11.375,9.028020858764648,105000,no_news,0.0,Not Recession,no_anomaly,0
1996-06-18,12.5,13.0,11.75,12.0,9.524067878723145,61400,no_news,0.0,Not Recession,no_anomaly,0
1996-06-17,13.0,13.25,12.75,13.0,10.317741394042969,19400,no_news,0.0,Not Recession,no_anomaly,0
1996-06-14,13.5,13.5,13.0,13.25,10.516161918640137,30900,no_news,0.0,Not Recession,no_anomaly,0
1996-06-13,13.5,13.5,13.0,13.5,10.71457576751709,10000,no_news,0.0,Not Recession,no_anomaly,0
1996-06-12,13.5,13.5,13.0,13.0,10.317741394042969,20900,no_news,0.0,Not Recession,no_anomaly,0
1996-06-11,14.25,14.25,13.125,13.125,10.416951179504396,47800,no_news,0.0,Not Recession,no_anomaly,0
1996-06-10,14.25,14.25,13.5,13.75,10.912994384765623,113900,no_news,0.0,Not Recession,no_anomaly,0
1996-06-07,14.0,14.25,13.5,14.25,11.309829711914062,19300,no_news,0.0,Not Recession,no_anomaly,0
1996-06-06,15.0,15.0,14.25,14.5,11.50825023651123,30700,no_news,0.0,Not Recession,no_anomaly,0
1996-06-05,14.75,15.25,14.75,15.0,11.905085563659668,23300,no_news,0.0,Not Recession,no_anomaly,0
1996-06-04,14.75,15.25,14.75,15.125,12.00429344177246,32400,no_news,0.0,Not Recession,no_anomaly,0
1996-06-03,15.25,15.25,14.75,14.75,11.706666946411133,29800,no_news,0.0,Not Recession,no_anomaly,0
1996-05-31,14.75,15.25,14.25,15.25,12.103501319885254,44700,no_news,0.0,Not Recession,no_anomaly,0
1996-05-30,13.5,14.5,13.5,14.5,11.50825023651123,49700,no_news,0.0,Not Recession,no_anomaly,0
1996-05-29,14.375,14.875,13.625,14.125,11.21062183380127,32100,no_news,0.0,Not Recession,no_anomaly,0
1996-05-28,14.75,15.0,14.5,14.625,11.607460021972656,134000,no_news,0.0,Not Recession,no_anomaly,0
1996-05-24,15.625,15.625,14.625,14.875,11.805877685546877,95600,no_news,0.0,Not Recession,no_anomaly,0
1996-05-23,15.75,15.75,15.125,15.125,12.00429344177246,32800,no_news,0.0,Not Recession,no_anomaly,0
1996-05-22,15.125,15.875,14.875,15.5,12.301921844482422,391700,no_news,0.0,Not Recession,no_anomaly,0
1996-05-21,14.25,15.125,14.25,14.875,11.805877685546877,210800,no_news,0.0,Not Recession,no_anomaly,0
1996-05-20,13.875,14.75,13.625,14.25,11.309829711914062,165300,no_news,0.0,Not Recession,no_anomaly,0
1996-05-17,13.5,13.875,13.5,13.625,10.813786506652832,119300,no_news,0.0,Not Recession,no_anomaly,0
1996-05-16,13.5,14.0,13.5,13.625,10.813786506652832,78400,no_news,0.0,Not Recession,no_anomaly,0
1996-05-15,13.875,14.0,13.5,13.5,10.71457576751709,29200,no_news,0.0,Not Recession,no_anomaly,0
1996-05-14,13.625,14.0,13.5,13.5,10.71457576751709,165600,no_news,0.0,Not Recession,no_anomaly,0
1996-05-13,14.25,14.25,13.25,13.625,10.813786506652832,181600,no_news,0.0,Not Recession,no_anomaly,0
1996-05-10,13.75,14.5,13.75,14.0,11.111413955688477,60800,no_news,0.0,Not Recession,no_anomaly,0
1996-05-09,13.25,14.25,13.25,14.25,11.309829711914062,60700,no_news,0.0,Not Recession,no_anomaly,0
1996-05-08,14.25,14.25,13.0,13.5,10.71457576751709,48600,no_news,0.0,Not Recession,no_anomaly,0
1996-05-07,13.875,14.25,13.75,14.25,11.309829711914062,35800,no_news,0.0,Not Recession,no_anomaly,0
1996-05-06,14.625,14.625,13.75,14.25,11.309829711914062,32700,no_news,0.0,Not Recession,no_anomaly,0
1996-05-03,14.25,14.75,14.0,14.375,11.40904140472412,63000,no_news,0.0,Not Recession,no_anomaly,0
1996-05-02,15.0,15.125,14.25,14.25,11.309829711914062,69300,no_news,0.0,Not Recession,no_anomaly,0
1996-05-01,15.0,15.125,14.5,14.5,11.50825023651123,68700,no_news,0.0,Not Recession,no_anomaly,0
1996-04-30,14.75,15.125,14.25,15.0,11.905085563659668,46300,no_news,0.0,Not Recession,no_anomaly,0
1996-04-29,14.0,14.75,13.75,14.75,11.706666946411133,70200,no_news,0.0,Not Recession,no_anomaly,0
1996-04-26,15.0,15.0,13.75,13.875,11.01220703125,186800,no_news,0.0,Not Recession,no_anomaly,0
1996-04-25,13.25,15.0,13.25,15.0,11.905085563659668,240100,no_news,0.0,Not Recession,no_anomaly,0
1996-04-24,13.5,13.75,12.75,13.25,10.516161918640137,188700,no_news,0.0,Not Recession,no_anomaly,0
1996-04-23,13.5,13.5,12.75,13.0,10.317741394042969,236300,no_news,0.0,Not Recession,no_anomaly,0
1996-04-22,12.75,14.25,12.75,13.5,10.71457576751709,154200,no_news,0.0,Not Recession,no_anomaly,0
1996-04-19,11.75,12.5,11.75,12.25,9.72248363494873,28200,no_news,0.0,Not Recession,no_anomaly,0
1996-04-18,11.75,11.75,11.25,11.75,9.32565212249756,32200,no_news,0.0,Not Recession,no_anomaly,0
1996-04-17,11.75,11.75,11.25,11.5,9.127235412597656,31100,no_news,0.0,Not Recession,no_anomaly,0
1996-04-16,11.75,11.75,11.25,11.375,9.028020858764648,29700,no_news,0.0,Not Recession,no_anomaly,0
1996-04-15,11.25,11.5,10.75,11.5,9.127235412597656,20900,no_news,0.0,Not Recession,no_anomaly,0
1996-04-12,11.25,11.25,10.75,11.25,8.928811073303223,10500,no_news,0.0,Not Recession,no_anomaly,0
1996-04-11,11.0,11.25,10.75,10.75,8.531980514526367,13200,no_news,0.0,Not Recession,no_anomaly,0
1996-04-10,11.25,12.0,11.0,11.0,8.730396270751953,34700,no_news,0.0,Not Recession,no_anomaly,0
1996-04-09,11.25,11.75,11.125,11.5,9.127235412597656,80800,no_news,0.0,Not Recession,no_anomaly,0
1996-04-08,10.5,11.25,10.25,11.25,8.928811073303223,87200,no_news,0.0,Not Recession,no_anomaly,0
1996-04-04,11.125,11.5,11.0,11.125,8.829607009887695,84300,no_news,0.0,Not Recession,no_anomaly,0
1996-04-03,10.5,11.25,10.25,11.25,8.928811073303223,165500,no_news,0.0,Not Recession,no_anomaly,0
1996-04-02,12.0,12.0,9.75,10.25,8.135140419006348,412900,no_news,0.0,Not Recession,no_anomaly,0
1996-04-01,11.5,12.0,11.0,11.75,9.32565212249756,55200,no_news,0.0,Not Recession,no_anomaly,0
1996-03-29,11.0,11.5,11.0,11.25,8.928811073303223,32700,no_news,0.0,Not Recession,no_anomaly,0
1996-03-28,10.25,11.25,10.25,11.0,8.730396270751953,47400,no_news,0.0,Not Recession,no_anomaly,0
1996-03-27,11.25,11.25,10.5,11.0,8.730396270751953,22700,no_news,0.0,Not Recession,no_anomaly,0
1996-03-26,10.625,11.0,10.0,10.75,8.531980514526367,154300,no_news,0.0,Not Recession,no_anomaly,0
1996-03-25,12.25,12.25,10.75,10.75,8.531980514526367,118300,no_news,0.0,Not Recession,no_anomaly,0
1996-03-22,12.25,12.25,11.75,12.0,9.524067878723145,22800,no_news,0.0,Not Recession,no_anomaly,0
1996-03-21,12.75,12.75,12.25,12.3125,9.772090911865234,27600,no_news,0.0,Not Recession,no_anomaly,0
1996-03-20,12.5,12.75,12.25,12.75,10.119322776794434,56500,no_news,0.0,Not Recession,no_anomaly,0
1996-03-19,12.0,12.5,11.625,12.0,9.524067878723145,255800,no_news,0.0,Not Recession,no_anomaly,0
1996-03-18,11.75,12.0,11.25,12.0,9.524067878723145,111100,no_news,0.0,Not Recession,no_anomaly,0
1996-03-15,11.75,11.75,11.25,11.5,9.127235412597656,36700,no_news,0.0,Not Recession,no_anomaly,0
1996-03-14,11.5,11.625,11.0,11.625,9.226439476013184,29100,no_news,0.0,Not Recession,no_anomaly,0
1996-03-13,11.625,11.625,11.25,11.25,8.928811073303223,9000,no_news,0.0,Not Recession,no_anomaly,0
1996-03-12,12.25,12.25,11.25,11.625,9.226439476013184,51400,no_news,0.0,Not Recession,no_anomaly,0
1996-03-11,12.0,12.5,11.5,11.75,9.32565212249756,60500,no_news,0.0,Not Recession,no_anomaly,0
1996-03-08,11.25,12.25,10.75,12.0,9.524067878723145,94600,no_news,0.0,Not Recession,no_anomaly,0
1996-03-07,12.0,12.25,11.75,11.875,9.424860000610352,89500,no_news,0.0,Not Recession,no_anomaly,0
1996-03-06,13.25,13.25,12.0,12.5,9.920907974243164,83000,no_news,0.0,Not Recession,no_anomaly,0
1996-03-05,13.25,13.75,13.0,13.125,10.416951179504396,39600,no_news,0.0,Not Recession,no_anomaly,0
1996-03-04,13.75,13.75,13.25,13.25,10.516161918640137,5600,no_news,0.0,Not Recession,no_anomaly,0
1996-03-01,14.0,14.0,13.5,13.5,10.71457576751709,16700,no_news,0.0,Not Recession,no_anomaly,0
1996-02-29,14.875,14.875,14.0,14.25,11.309829711914062,33000,no_news,0.0,Not Recession,no_anomaly,0
1996-02-28,15.75,15.75,14.75,14.75,11.706666946411133,138600,no_news,0.0,Not Recession,no_anomaly,0
1996-02-27,14.5,16.0,14.5,15.75,12.50033950805664,145200,no_news,0.0,Not Recession,no_anomaly,0
1996-02-26,14.5,15.25,14.5,14.75,11.706666946411133,120200,no_news,0.0,Not Recession,no_anomaly,0
1996-02-23,14.5,15.0,14.25,15.0,11.905085563659668,46800,no_news,0.0,Not Recession,no_anomaly,0
1996-02-22,13.5,14.5,13.5,14.375,11.40904140472412,93800,no_news,0.0,Not Recession,no_anomaly,0
1996-02-21,12.75,14.0,12.75,14.0,11.111413955688477,55800,no_news,0.0,Not Recession,no_anomaly,0
1996-02-20,12.5,12.75,12.25,12.25,9.72248363494873,49500,no_news,0.0,Not Recession,no_anomaly,0
1996-02-16,12.5,13.0,12.375,12.75,10.119322776794434,27000,no_news,0.0,Not Recession,no_anomaly,0
1996-02-15,13.0,13.0,12.5,12.75,10.119322776794434,6400,no_news,0.0,Not Recession,no_anomaly,0
1996-02-14,13.5,13.5,12.5,12.5,9.920907974243164,32600,no_news,0.0,Not Recession,no_anomaly,0
1996-02-13,13.0,13.5,13.0,13.5,10.71457576751709,56800,no_news,0.0,Not Recession,no_anomaly,0
1996-02-12,13.75,14.25,13.75,14.0,11.111413955688477,27200,no_news,0.0,Not Recession,no_anomaly,0
1996-02-09,14.25,14.25,13.75,13.75,10.912994384765623,8900,no_news,0.0,Not Recession,no_anomaly,0
1996-02-08,14.25,14.75,13.75,13.75,10.912994384765623,48300,no_news,0.0,Not Recession,no_anomaly,0
1996-02-07,15.75,16.0,14.5,14.5,11.50825023651123,143900,no_news,0.0,Not Recession,no_anomaly,0
1996-02-06,14.0,15.25,13.5,15.25,12.103501319885254,113100,no_news,0.0,Not Recession,no_anomaly,0
1996-02-05,13.0,13.75,13.0,13.75,10.912994384765623,47200,no_news,0.0,Not Recession,no_anomaly,0
1996-02-02,13.5,13.5,13.0,13.125,10.416951179504396,130500,no_news,0.0,Not Recession,no_anomaly,0
1996-02-01,11.75,13.0,11.75,13.0,10.317741394042969,128500,no_news,0.0,Not Recession,no_anomaly,0
1996-01-31,11.5,12.0,11.5,11.75,9.32565212249756,53400,no_news,0.0,Not Recession,no_anomaly,0
1996-01-30,11.625,12.0,11.5,11.625,9.226439476013184,160700,no_news,0.0,Not Recession,no_anomaly,0
1996-01-29,11.75,12.25,11.75,11.75,9.32565212249756,119000,no_news,0.0,Not Recession,no_anomaly,0
1996-01-26,12.25,12.25,11.75,11.75,9.32565212249756,30200,no_news,0.0,Not Recession,no_anomaly,0
1996-01-25,12.5,12.5,12.0,12.0,9.524067878723145,144000,no_news,0.0,Not Recession,no_anomaly,0
1996-01-24,11.75,12.5,11.75,12.25,9.72248363494873,145900,no_news,0.0,Not Recession,no_anomaly,0
1996-01-23,12.5,12.5,11.75,11.75,9.32565212249756,74000,no_news,0.0,Not Recession,no_anomaly,0
1996-01-22,12.75,12.75,12.0,12.25,9.72248363494873,33000,no_news,0.0,Not Recession,no_anomaly,0
1996-01-19,12.25,12.75,12.125,12.75,10.119322776794434,37400,no_news,0.0,Not Recession,no_anomaly,0
1996-01-18,12.25,12.25,11.75,12.125,9.62327766418457,351000,no_news,0.0,Not Recession,no_anomaly,0
1996-01-17,11.75,12.25,11.75,12.0,9.524067878723145,114200,no_news,0.0,Not Recession,no_anomaly,0
1996-01-16,12.25,12.5,12.0,12.25,9.72248363494873,12400,no_news,0.0,Not Recession,no_anomaly,0
1996-01-15,12.25,12.75,12.25,12.375,9.821694374084473,37600,no_news,0.0,Not Recession,no_anomaly,0
1996-01-12,12.75,12.75,12.25,12.375,9.821694374084473,30200,no_news,0.0,Not Recession,no_anomaly,0
1996-01-11,12.5,12.75,12.25,12.25,9.72248363494873,26000,no_news,0.0,Not Recession,no_anomaly,0
1996-01-10,12.25,12.5,12.0,12.5,9.920907974243164,53500,no_news,0.0,Not Recession,no_anomaly,0
1996-01-09,12.5,12.5,12.0,12.25,9.72248363494873,25600,no_news,0.0,Not Recession,no_anomaly,0
1996-01-08,12.5,12.5,12.25,12.375,9.821694374084473,12900,no_news,0.0,Not Recession,no_anomaly,0
1996-01-05,12.25,12.25,11.75,12.25,9.72248363494873,94200,no_news,0.0,Not Recession,no_anomaly,0
1996-01-04,11.75,12.25,11.75,11.75,9.32565212249756,91600,no_news,0.0,Not Recession,no_anomaly,0
1996-01-03,13.25,13.25,11.625,11.8125,9.375256538391112,589000,no_news,0.0,Not Recession,no_anomaly,0
1996-01-02,13.75,14.0,13.75,14.0,11.111413955688477,22500,no_news,0.0,Not Recession,no_anomaly,0
1995-12-29,13.5,13.75,13.25,13.25,10.516161918640137,78800,no_news,0.0,Not Recession,no_anomaly,0
1995-12-28,13.25,13.5,13.25,13.5,10.71457576751709,22900,no_news,0.0,Not Recession,no_anomaly,0
1995-12-27,13.75,14.0,13.0,13.5,10.71457576751709,154300,no_news,0.0,Not Recession,no_anomaly,0
1995-12-26,13.25,13.75,13.25,13.625,10.813786506652832,211400,no_news,0.0,Not Recession,no_anomaly,0
1995-12-22,13.75,13.75,13.25,13.5,10.71457576751709,388700,no_news,0.0,Not Recession,no_anomaly,0
1995-12-21,13.5,13.75,13.25,13.75,10.912994384765623,34100,no_news,0.0,Not Recession,no_anomaly,0
1995-12-20,13.375,13.75,13.25,13.25,10.516161918640137,177100,no_news,0.0,Not Recession,no_anomaly,0
1995-12-19,13.75,13.75,13.25,13.3125,10.56576442718506,119000,no_news,0.0,Not Recession,no_anomaly,0
1995-12-18,14.5,14.625,13.0,13.5,10.71457576751709,139400,no_news,0.0,Not Recession,no_anomaly,0
1995-12-15,15.5,15.75,14.5,14.625,11.607460021972656,49200,no_news,0.0,Not Recession,no_anomaly,0
1995-12-14,15.5,16.0,15.25,15.75,12.50033950805664,132500,no_news,0.0,Not Recession,no_anomaly,0
1995-12-13,15.75,16.5,15.75,16.0,12.698758125305176,21600,no_news,0.0,Not Recession,no_anomaly,0
1995-12-12,17.25,17.25,15.75,15.75,12.50033950805664,36600,no_news,0.0,Not Recession,no_anomaly,0
1995-12-11,17.0,17.25,16.5,16.5,13.095593452453612,29900,no_news,0.0,Not Recession,no_anomaly,0
1995-12-08,16.75,17.25,16.75,17.0,13.492429733276367,50400,no_news,0.0,Not Recession,no_anomaly,0
1995-12-07,16.25,17.25,16.25,17.25,13.690850257873535,107400,no_news,0.0,Not Recession,no_anomaly,0
1995-12-06,17.25,17.25,16.25,16.75,13.294011116027832,22700,no_news,0.0,Not Recession,no_anomaly,0
1995-12-05,17.5,17.5,16.75,17.25,13.690850257873535,36700,no_news,0.0,Not Recession,no_anomaly,0
1995-12-04,17.25,17.5,17.0,17.0,13.492429733276367,57300,no_news,0.0,Not Recession,no_anomaly,0
1995-12-01,16.5,17.0,16.5,16.5,13.095593452453612,99900,no_news,0.0,Not Recession,no_anomaly,0
1995-11-30,17.25,17.25,16.5,17.0,13.492429733276367,101200,no_news,0.0,Not Recession,no_anomaly,0
1995-11-29,16.25,17.25,16.25,17.125,13.591641426086426,115200,no_news,0.0,Not Recession,no_anomaly,0
1995-11-28,16.5,16.5,15.75,16.0,12.698758125305176,149900,no_news,0.0,Not Recession,no_anomaly,0
1995-11-27,16.25,16.75,16.0,16.0,12.698758125305176,188000,no_news,0.0,Not Recession,no_anomaly,0
1995-11-24,16.75,16.75,16.25,16.25,12.897175788879396,13000,no_news,0.0,Not Recession,no_anomaly,0
1995-11-22,16.75,16.75,16.25,16.75,13.294011116027832,44000,no_news,0.0,Not Recession,no_anomaly,0
1995-11-21,16.75,17.0,16.25,16.75,13.294011116027832,162300,no_news,0.0,Not Recession,no_anomaly,0
1995-11-20,16.75,17.25,16.75,16.8125,13.343616485595703,54400,no_news,0.0,Not Recession,no_anomaly,0
1995-11-17,17.75,18.0,16.75,16.75,13.294011116027832,121500,no_news,0.0,Not Recession,no_anomaly,0
1995-11-16,17.5,17.75,17.0,17.625,13.988478660583496,67500,no_news,0.0,Not Recession,no_anomaly,0
1995-11-15,18.0,18.0,16.875,17.0,13.492429733276367,342200,no_news,0.0,Not Recession,no_anomaly,0
1995-11-14,17.5,17.5,16.5,17.0,13.492429733276367,117900,no_news,0.0,Not Recession,no_anomaly,0
1995-11-13,17.75,18.25,17.5,17.5,13.889265060424805,32600,no_news,0.0,Not Recession,no_anomaly,0
1995-11-10,17.5,18.25,17.5,17.5,13.889265060424805,38300,no_news,0.0,Not Recession,no_anomaly,0
1995-11-09,18.75,18.75,17.75,18.25,14.484522819519045,54200,no_news,0.0,Not Recession,no_anomaly,0
1995-11-08,18.5,19.25,17.75,18.125,14.385309219360352,35600,no_news,0.0,Not Recession,no_anomaly,0
1995-11-07,18.5,19.25,18.25,18.75,14.881359100341797,83900,no_news,0.0,Not Recession,no_anomaly,0
1995-11-06,18.0,19.75,18.0,19.3125,15.32779598236084,103200,no_news,0.0,Not Recession,no_anomaly,0
1995-11-03,18.25,18.5,18.0,18.5,14.682940483093262,32900,no_news,0.0,Not Recession,no_anomaly,0
1995-11-02,17.75,18.25,17.25,18.25,14.484522819519045,21000,no_news,0.0,Not Recession,no_anomaly,0
1995-11-01,18.5,18.5,17.25,17.375,13.79005527496338,58800,no_news,0.0,Not Recession,no_anomaly,0
1995-10-31,18.75,18.75,18.0,18.0,14.286105155944824,21400,no_news,0.0,Not Recession,no_anomaly,0
1995-10-30,18.25,18.75,18.25,18.25,14.484522819519045,105400,no_news,0.0,Not Recession,no_anomaly,0
1995-10-27,17.75,18.5,17.5,18.0,14.286105155944824,37700,no_news,0.0,Not Recession,no_anomaly,0
1995-10-26,18.75,18.75,16.75,17.75,14.087685585021973,120700,no_news,0.0,Not Recession,no_anomaly,0
1995-10-25,18.75,19.0,18.25,18.5,14.682940483093262,71000,no_news,0.0,Not Recession,no_anomaly,0
1995-10-24,19.25,19.25,18.75,18.75,14.881359100341797,4800,no_news,0.0,Not Recession,no_anomaly,0
1995-10-23,18.75,19.25,18.75,19.0,15.0797758102417,47200,no_news,0.0,Not Recession,no_anomaly,0
1995-10-20,18.75,19.25,18.75,19.25,15.278191566467283,42900,no_news,0.0,Not Recession,no_anomaly,0
1995-10-19,19.0,19.25,18.75,19.25,15.278191566467283,20600,no_news,0.0,Not Recession,no_anomaly,0
1995-10-18,19.75,19.75,19.0,19.0,15.0797758102417,49800,no_news,0.0,Not Recession,no_anomaly,0
1995-10-17,19.25,19.25,18.3125,18.75,14.881359100341797,33500,no_news,0.0,Not Recession,no_anomaly,0
1995-10-16,19.25,19.25,18.25,19.0,15.0797758102417,91100,no_news,0.0,Not Recession,no_anomaly,0
1995-10-13,18.75,19.25,18.25,19.0,15.0797758102417,137700,no_news,0.0,Not Recession,no_anomaly,0
1995-10-12,18.5,18.75,18.25,18.5,14.682940483093262,29400,no_news,0.0,Not Recession,no_anomaly,0
1995-10-11,18.5,18.5,17.75,18.0,14.286105155944824,76900,no_news,0.0,Not Recession,no_anomaly,0
1995-10-10,16.5,17.75,16.25,17.75,14.087685585021973,178000,no_news,0.0,Not Recession,no_anomaly,0
1995-10-09,19.0,19.0,17.5,17.625,13.988478660583496,70900,no_news,0.0,Not Recession,no_anomaly,0
1995-10-06,19.25,19.25,18.5,18.75,14.881359100341797,49800,no_news,0.0,Not Recession,no_anomaly,0
1995-10-05,18.125,18.5,17.5,18.25,14.484522819519045,89800,no_news,0.0,Not Recession,no_anomaly,0
1995-10-04,20.25,20.5,17.0,18.0,14.286105155944824,400400,no_news,0.0,Not Recession,no_anomaly,0
1995-10-03,21.75,22.25,20.75,20.875,16.567907333374023,222800,no_news,0.0,Not Recession,no_anomaly,0
1995-10-02,21.5,22.25,21.5,22.25,17.65921401977539,96900,no_news,0.0,Not Recession,no_anomaly,0
1995-09-29,21.75,22.5,21.5,21.5,17.063961029052734,54500,no_news,0.0,Not Recession,no_anomaly,0
1995-09-28,21.5,22.0,20.75,21.875,17.36157989501953,170100,no_news,0.0,Not Recession,no_anomaly,0
1995-09-27,21.25,21.75,20.5,20.75,16.468706130981445,114000,no_news,0.0,Not Recession,no_anomaly,0
1995-09-26,23.25,23.75,21.75,22.25,17.65921401977539,63600,no_news,0.0,Not Recession,no_anomaly,0
1995-09-25,23.75,24.25,23.0,23.5,18.65130424499512,39100,no_news,0.0,Not Recession,no_anomaly,0
1995-09-22,22.0,24.5,21.75,24.0,19.04813575744629,124800,no_news,0.0,Not Recession,no_anomaly,0
1995-09-21,22.75,23.25,22.0,23.25,18.452878952026367,145200,no_news,0.0,Not Recession,no_anomaly,0
1995-09-20,21.0,23.5,21.0,23.0,18.254470825195312,153200,no_news,0.0,Not Recession,no_anomaly,0
1995-09-19,21.5,21.5,20.75,21.5,17.063961029052734,73000,no_news,0.0,Not Recession,no_anomaly,0
1995-09-18,21.0,21.5,20.25,21.5,17.063961029052734,68800,no_news,0.0,Not Recession,no_anomaly,0
1995-09-15,22.0,22.25,20.625,21.25,16.86553955078125,202300,no_news,0.0,Not Recession,no_anomaly,0
1995-09-14,22.75,23.25,22.25,22.75,18.056041717529297,162100,no_news,0.0,Not Recession,no_anomaly,0
1995-09-13,20.75,23.625,20.75,23.0,18.254470825195312,398700,no_news,0.0,Not Recession,no_anomaly,0
1995-09-12,19.75,21.5,19.75,20.75,16.468706130981445,78600,no_news,0.0,Not Recession,no_anomaly,0
1995-09-11,20.5,20.5,19.75,20.0,15.873455047607422,51200,no_news,0.0,Not Recession,no_anomaly,0
1995-09-08,20.5,21.0,20.25,20.25,16.07186508178711,119800,no_news,0.0,Not Recession,no_anomaly,0
1995-09-07,20.0,21.5,20.0,20.75,16.468706130981445,252500,no_news,0.0,Not Recession,no_anomaly,0
1995-09-06,19.0,20.5,19.0,20.0,15.873455047607422,185900,no_news,0.0,Not Recession,no_anomaly,0
1995-09-05,19.0,19.5,18.5,19.5,15.476609230041504,78800,no_news,0.0,Not Recession,no_anomaly,0
1995-09-01,18.0,19.0,17.625,19.0,15.0797758102417,106500,no_news,0.0,Not Recession,no_anomaly,0
1995-08-31,18.0,18.5,17.5,18.0,14.286105155944824,19000,no_news,0.0,Not Recession,no_anomaly,0
1995-08-30,18.0,18.0,17.25,18.0,14.286105155944824,49500,no_news,0.0,Not Recession,no_anomaly,0
1995-08-29,18.0,18.0,16.75,17.0,13.492429733276367,187900,no_news,0.0,Not Recession,no_anomaly,0
1995-08-28,18.25,18.75,17.25,17.5,13.889265060424805,45800,no_news,0.0,Not Recession,no_anomaly,0
1995-08-25,19.0,19.5,18.25,18.5,14.682940483093262,59900,no_news,0.0,Not Recession,no_anomaly,0
1995-08-24,19.25,19.5,18.75,19.5,15.476609230041504,117400,no_news,0.0,Not Recession,no_anomaly,0
1995-08-23,17.75,19.5,17.5,19.0,15.0797758102417,425000,no_news,0.0,Not Recession,no_anomaly,0
1995-08-22,18.5,18.5,16.75,17.5,13.889265060424805,142200,no_news,0.0,Not Recession,no_anomaly,0
1995-08-21,19.25,19.25,18.0,18.0,14.286105155944824,44200,no_news,0.0,Not Recession,no_anomaly,0
1995-08-18,20.0,20.75,19.0,19.0,15.0797758102417,82100,no_news,0.0,Not Recession,no_anomaly,0
1995-08-17,19.75,20.5,19.75,20.125,15.97265911102295,190600,no_news,0.0,Not Recession,no_anomaly,0
1995-08-16,19.25,20.25,19.0,20.25,16.07186508178711,399300,no_news,0.0,Not Recession,no_anomaly,0
1995-08-15,18.75,18.75,18.5,18.75,14.881359100341797,21700,no_news,0.0,Not Recession,no_anomaly,0
1995-08-14,18.25,19.0,18.0,18.5,14.682940483093262,111400,no_news,0.0,Not Recession,no_anomaly,0
1995-08-11,18.5,18.75,18.25,18.5,14.682940483093262,32600,no_news,0.0,Not Recession,no_anomaly,0
1995-08-10,19.0,19.0,18.0,18.125,14.385309219360352,32300,no_news,0.0,Not Recession,no_anomaly,0
1995-08-09,19.25,19.75,18.0,19.0,15.0797758102417,126500,no_news,0.0,Not Recession,no_anomaly,0
1995-08-08,18.5,19.5,18.5,19.125,15.17898654937744,88700,no_news,0.0,Not Recession,no_anomaly,0
1995-08-07,18.75,19.25,18.5,19.0,15.0797758102417,66500,no_news,0.0,Not Recession,no_anomaly,0
1995-08-04,17.25,19.25,17.0,19.25,15.278191566467283,208700,no_news,0.0,Not Recession,no_anomaly,0
1995-08-03,16.75,17.75,16.75,17.0,13.492429733276367,138000,no_news,0.0,Not Recession,no_anomaly,0
1995-08-02,19.25,19.25,17.25,18.0,14.286105155944824,201800,no_news,0.0,Not Recession,no_anomaly,0
1995-08-01,19.25,19.5,19.0,19.5,15.476609230041504,81600,no_news,0.0,Not Recession,no_anomaly,0
1995-07-31,20.0,20.5,19.0,19.75,15.675025939941406,44900,no_news,0.0,Not Recession,no_anomaly,0
1995-07-28,21.0,21.0,20.0,20.5,16.270280838012695,13700,no_news,0.0,Not Recession,no_anomaly,0
1995-07-27,20.75,21.25,20.75,21.0,16.6671199798584,134500,no_news,0.0,Not Recession,no_anomaly,0
1995-07-26,21.25,21.25,20.75,20.75,16.468706130981445,62000,no_news,0.0,Not Recession,no_anomaly,0
1995-07-25,21.0,21.75,20.5,21.25,16.86553955078125,188200,no_news,0.0,Not Recession,no_anomaly,0
1995-07-24,19.0,21.0,18.5,21.0,16.6671199798584,138400,no_news,0.0,Not Recession,no_anomaly,0
1995-07-21,18.0,19.5,18.0,19.0,15.0797758102417,63400,no_news,0.0,Not Recession,no_anomaly,0
1995-07-20,19.0,19.25,18.0,18.75,14.881359100341797,111800,no_news,0.0,Not Recession,no_anomaly,0
1995-07-19,18.25,18.75,16.75,18.125,14.385309219360352,218000,no_news,0.0,Not Recession,no_anomaly,0
1995-07-18,20.0,20.5,19.5,20.0,15.873455047607422,90800,no_news,0.0,Not Recession,no_anomaly,0
1995-07-17,21.5,21.5,20.25,20.5,16.270280838012695,131200,no_news,0.0,Not Recession,no_anomaly,0
1995-07-14,21.25,21.25,20.25,21.0,16.6671199798584,113900,no_news,0.0,Not Recession,no_anomaly,0
1995-07-13,19.75,22.0,19.25,21.25,16.86553955078125,270200,no_news,0.0,Not Recession,no_anomaly,0
1995-07-12,19.25,19.75,19.25,19.75,15.675025939941406,119000,no_news,0.0,Not Recession,no_anomaly,0
1995-07-11,19.75,20.0,19.25,19.25,15.278191566467283,229300,no_news,0.0,Not Recession,no_anomaly,0
1995-07-10,20.0,20.75,19.5,20.0,15.873455047607422,250100,no_news,0.0,Not Recession,no_anomaly,0
1995-07-07,17.5,21.0,17.5,20.75,16.468706130981445,537900,no_news,0.0,Not Recession,no_anomaly,0
1995-07-06,18.25,18.25,17.5,18.25,14.484522819519045,72400,no_news,0.0,Not Recession,no_anomaly,0
1995-07-05,17.75,18.25,17.25,18.25,14.484522819519045,119700,no_news,0.0,Not Recession,no_anomaly,0
1995-07-03,18.0,18.0,17.0,17.75,14.087685585021973,53300,no_news,0.0,Not Recession,no_anomaly,0
1995-06-30,17.5,18.25,17.0,17.75,14.087685585021973,134200,no_news,0.0,Not Recession,no_anomaly,0
1995-06-29,17.0,17.5,16.5,17.5,13.889265060424805,260700,no_news,0.0,Not Recession,no_anomaly,0
1995-06-28,18.0,18.25,17.0,17.0,13.492429733276367,2075900,no_news,0.0,Not Recession,no_anomaly,0
1995-06-27,17.75,18.5,17.25,18.5,14.682940483093262,60100,no_news,0.0,Not Recession,no_anomaly,0
1995-06-26,19.5,19.5,18.0,18.0,14.286105155944824,28500,no_news,0.0,Not Recession,no_anomaly,0
1995-06-23,18.75,19.25,18.75,19.0,15.0797758102417,6600,no_news,0.0,Not Recession,no_anomaly,0
1995-06-22,19.5,19.5,18.75,18.75,14.881359100341797,23000,no_news,0.0,Not Recession,no_anomaly,0
1995-06-21,19.75,19.75,19.0,19.5,15.476609230041504,26700,no_news,0.0,Not Recession,no_anomaly,0
1995-06-20,18.5,19.75,18.0,19.75,15.675025939941406,82300,no_news,0.0,Not Recession,no_anomaly,0
1995-06-19,18.0,18.5,18.0,18.0,14.286105155944824,30100,no_news,0.0,Not Recession,no_anomaly,0
1995-06-16,18.5,19.25,17.75,18.5,14.682940483093262,25900,no_news,0.0,Not Recession,no_anomaly,0
1995-06-15,18.25,19.25,18.25,18.75,14.881359100341797,47900,no_news,0.0,Not Recession,no_anomaly,0
1995-06-14,18.5,18.5,17.5,18.0,14.286105155944824,41900,no_news,0.0,Not Recession,no_anomaly,0
1995-06-13,19.0,19.0,18.0,18.0,14.286105155944824,47900,no_news,0.0,Not Recession,no_anomaly,0
1995-06-12,19.0,19.25,18.5,18.75,14.881359100341797,70700,no_news,0.0,Not Recession,no_anomaly,0
1995-06-09,18.75,19.0,18.25,18.75,14.881359100341797,45000,no_news,0.0,Not Recession,no_anomaly,0
1995-06-08,18.75,18.75,18.25,18.25,14.484522819519045,20700,no_news,0.0,Not Recession,no_anomaly,0
1995-06-07,18.25,18.875,18.25,18.75,14.881359100341797,8900,no_news,0.0,Not Recession,no_anomaly,0
1995-06-06,18.5,18.75,17.75,18.75,14.881359100341797,37300,no_news,0.0,Not Recession,no_anomaly,0
1995-06-05,19.0,19.0,18.5,18.75,14.881359100341797,20000,no_news,0.0,Not Recession,no_anomaly,0
1995-06-02,18.5,19.0,18.5,18.5625,14.732544898986816,29400,no_news,0.0,Not Recession,no_anomaly,0
1995-06-01,19.0,19.5,18.25,18.5,14.682940483093262,49000,no_news,0.0,Not Recession,no_anomaly,0
1995-05-31,19.0,19.5,19.0,19.0,15.0797758102417,9900,no_news,0.0,Not Recession,no_anomaly,0
1995-05-30,20.25,20.25,19.25,19.25,15.278191566467283,48900,no_news,0.0,Not Recession,no_anomaly,0
1995-05-26,19.25,20.25,19.25,20.25,16.07186508178711,22500,no_news,0.0,Not Recession,no_anomaly,0
1995-05-25,19.75,20.25,19.0,19.25,15.278191566467283,107700,no_news,0.0,Not Recession,no_anomaly,0
1995-05-24,21.25,21.25,20.0,20.25,16.07186508178711,126900,no_news,0.0,Not Recession,no_anomaly,0
1995-05-23,21.5,21.5,20.75,21.0,16.6671199798584,197700,no_news,0.0,Not Recession,no_anomaly,0
1995-05-22,20.75,21.5,20.0,21.5,17.063961029052734,142200,no_news,0.0,Not Recession,no_anomaly,0
1995-05-19,18.25,20.75,17.75,20.25,16.07186508178711,264300,no_news,0.0,Not Recession,no_anomaly,0
1995-05-18,17.5,18.75,17.25,18.0,14.286105155944824,257800,no_news,0.0,Not Recession,no_anomaly,0
1995-05-17,16.5,17.5,16.25,17.5,13.889265060424805,232700,no_news,0.0,Not Recession,no_anomaly,0
1995-05-16,16.5,16.5,15.75,16.25,12.897175788879396,59500,no_news,0.0,Not Recession,no_anomaly,0
1995-05-15,15.25,16.5,15.25,16.5,13.095593452453612,134600,no_news,0.0,Not Recession,no_anomaly,0
1995-05-12,14.0,15.25,13.75,15.125,12.00429344177246,92800,no_news,0.0,Not Recession,no_anomaly,0
1995-05-11,13.0,14.0,13.0,13.5,10.71457576751709,45800,no_news,0.0,Not Recession,no_anomaly,0
1995-05-10,13.125,13.5,13.0,13.0,10.317741394042969,28100,no_news,0.0,Not Recession,no_anomaly,0
1995-05-09,13.5,13.5,13.0,13.5,10.71457576751709,19300,no_news,0.0,Not Recession,no_anomaly,0
1995-05-08,13.5,13.5,13.25,13.25,10.516161918640137,500,no_news,0.0,Not Recession,no_anomaly,0
1995-05-05,13.75,13.75,13.0,13.0,10.317741394042969,72500,no_news,0.0,Not Recession,no_anomaly,0
1995-05-04,14.0,14.0,13.25,13.375,10.615368843078612,26500,no_news,0.0,Not Recession,no_anomaly,0
1995-05-03,13.5,14.25,13.5,13.5,10.71457576751709,30000,no_news,0.0,Not Recession,no_anomaly,0
1995-05-02,13.75,14.25,13.5,13.5,10.71457576751709,53100,no_news,0.0,Not Recession,no_anomaly,0
1995-05-01,14.5,14.5,13.75,13.875,11.01220703125,79500,no_news,0.0,Not Recession,no_anomaly,0
1995-04-28,14.5,14.5,14.0,14.125,11.21062183380127,43600,no_news,0.0,Not Recession,no_anomaly,0
1995-04-27,13.75,14.5,13.75,14.25,11.309829711914062,34700,no_news,0.0,Not Recession,no_anomaly,0
1995-04-26,14.0,14.0,13.625,14.0,11.111413955688477,13300,no_news,0.0,Not Recession,no_anomaly,0
1995-04-25,14.25,14.5,13.75,13.75,10.912994384765623,32000,no_news,0.0,Not Recession,no_anomaly,0
1995-04-24,14.25,14.75,14.0,14.5,11.50825023651123,15700,no_news,0.0,Not Recession,no_anomaly,0
1995-04-21,14.5,14.75,14.25,14.25,11.309829711914062,28000,no_news,0.0,Not Recession,no_anomaly,0
1995-04-20,14.25,14.5,13.75,14.5,11.50825023651123,196400,no_news,0.0,Not Recession,no_anomaly,0
1995-04-19,14.25,14.25,13.75,14.0,11.111413955688477,83600,no_news,0.0,Not Recession,no_anomaly,0
1995-04-18,13.5,14.25,13.5,14.0,11.111413955688477,75600,no_news,0.0,Not Recession,no_anomaly,0
1995-04-17,13.75,14.0,13.5,14.0,11.111413955688477,31000,no_news,0.0,Not Recession,no_anomaly,0
1995-04-13,13.0,13.75,13.0,13.75,10.912994384765623,63500,no_news,0.0,Not Recession,no_anomaly,0
1995-04-12,12.75,13.25,12.75,13.25,10.516161918640137,4600,no_news,0.0,Not Recession,no_anomaly,0
1995-04-11,13.25,13.75,13.0,13.25,10.516161918640137,14800,no_news,0.0,Not Recession,no_anomaly,0
1995-04-10,13.25,13.75,13.25,13.75,10.912994384765623,4200,no_news,0.0,Not Recession,no_anomaly,0
1995-04-07,14.5,14.5,13.5,13.75,10.912994384765623,24200,no_news,0.0,Not Recession,no_anomaly,0
1995-04-06,13.5,14.5,13.0,14.0,11.111413955688477,70000,no_news,0.0,Not Recession,no_anomaly,0
1995-04-05,13.5,13.5,12.75,13.125,10.416951179504396,15800,no_news,0.0,Not Recession,no_anomaly,0
1995-04-04,13.0,13.5,13.0,13.125,10.416951179504396,28400,no_news,0.0,Not Recession,no_anomaly,0
1995-04-03,13.5,13.5,13.0,13.5,10.71457576751709,21500,no_news,0.0,Not Recession,no_anomaly,0
1995-03-31,13.25,13.5,13.0,13.0,10.317741394042969,76300,no_news,0.0,Not Recession,no_anomaly,0
1995-03-30,14.0,14.5,13.0,13.25,10.516161918640137,92700,no_news,0.0,Not Recession,no_anomaly,0
1995-03-29,14.0,14.5,14.0,14.0625,11.161017417907717,47000,no_news,0.0,Not Recession,no_anomaly,0
1995-03-28,14.75,14.75,14.0,14.25,11.309829711914062,37800,no_news,0.0,Not Recession,no_anomaly,0
1995-03-27,14.5,14.75,14.0,14.25,11.309829711914062,43300,no_news,0.0,Not Recession,no_anomaly,0
1995-03-24,14.25,14.5,14.0,14.0,11.111413955688477,102700,no_news,0.0,Not Recession,no_anomaly,0
1995-03-23,13.75,14.0,13.25,14.0,11.111413955688477,88500,no_news,0.0,Not Recession,no_anomaly,0
1995-03-22,12.5,13.75,12.5,13.5,10.71457576751709,88100,no_news,0.0,Not Recession,no_anomaly,0
1995-03-21,11.5,13.0,11.25,12.75,10.119322776794434,218300,no_news,0.0,Not Recession,no_anomaly,0
1995-03-20,11.25,11.5,11.0,11.5,9.127235412597656,35700,no_news,0.0,Not Recession,no_anomaly,0
1995-03-17,11.5,12.25,11.25,11.75,9.32565212249756,107100,no_news,0.0,Not Recession,no_anomaly,0
1995-03-16,11.75,12.25,11.75,11.75,9.32565212249756,33600,no_news,0.0,Not Recession,no_anomaly,0
1995-03-15,11.75,12.0625,11.75,12.0625,9.573671340942385,7000,no_news,0.0,Not Recession,no_anomaly,0
1995-03-14,12.25,12.25,11.75,12.25,9.72248363494873,8500,no_news,0.0,Not Recession,no_anomaly,0
1995-03-13,12.5,12.5,11.75,12.25,9.72248363494873,33400,no_news,0.0,Not Recession,no_anomaly,0
1995-03-10,11.75,12.25,11.75,11.75,9.32565212249756,10800,no_news,0.0,Not Recession,no_anomaly,0
1995-03-09,11.5,12.375,11.5,12.25,9.72248363494873,61500,no_news,0.0,Not Recession,no_anomaly,0
1995-03-08,11.5,12.0,11.5,11.75,9.32565212249756,2600,no_news,0.0,Not Recession,no_anomaly,0
1995-03-07,11.5,12.0,11.5,12.0,9.524067878723145,5000,no_news,0.0,Not Recession,no_anomaly,0
1995-03-06,12.0,12.25,11.5,12.0,9.524067878723145,39400,no_news,0.0,Not Recession,no_anomaly,0
1995-03-03,12.0,12.5,12.0,12.25,9.72248363494873,36500,no_news,0.0,Not Recession,no_anomaly,0
1995-03-02,12.25,12.5,11.75,12.0,9.524067878723145,82800,no_news,0.0,Not Recession,no_anomaly,0
1995-03-01,12.0,12.25,11.75,12.0,9.524067878723145,12800,no_news,0.0,Not Recession,no_anomaly,0
1995-02-28,11.25,12.0,11.25,12.0,9.524067878723145,12900,no_news,0.0,Not Recession,no_anomaly,0
1995-02-27,11.5,11.75,11.25,11.75,9.32565212249756,30000,no_news,0.0,Not Recession,no_anomaly,0
1995-02-24,11.75,11.75,11.25,11.4375,9.07762622833252,7400,no_news,0.0,Not Recession,no_anomaly,0
1995-02-23,11.0,11.75,11.0,11.3125,8.978421211242676,73800,no_news,0.0,Not Recession,no_anomaly,0
1995-02-22,11.0,11.5,11.0,11.5,9.127235412597656,61900,no_news,0.0,Not Recession,no_anomaly,0
1995-02-21,12.0,12.25,11.0625,11.375,9.028020858764648,252100,no_news,0.0,Not Recession,no_anomaly,0
1995-02-17,12.5,12.5,12.0,12.125,9.62327766418457,105800,no_news,0.0,Not Recession,no_anomaly,0
1995-02-16,12.0,12.5,12.0,12.25,9.72248363494873,51200,no_news,0.0,Not Recession,no_anomaly,0
1995-02-15,11.75,12.5,11.75,12.0,9.524067878723145,63000,no_news,0.0,Not Recession,no_anomaly,0
1995-02-14,12.5,12.5,11.75,12.25,9.72248363494873,66200,no_news,0.0,Not Recession,no_anomaly,0
1995-02-13,12.25,12.75,11.75,12.25,9.72248363494873,185000,no_news,0.0,Not Recession,no_anomaly,0
1995-02-10,11.75,12.25,11.25,12.25,9.72248363494873,100500,no_news,0.0,Not Recession,no_anomaly,0
1995-02-09,11.0,11.75,11.0,11.375,9.028020858764648,12400,no_news,0.0,Not Recession,no_anomaly,0
1995-02-08,11.75,11.75,11.0,11.0,8.730396270751953,120900,no_news,0.0,Not Recession,no_anomaly,0
1995-02-07,12.75,12.75,10.75,11.75,9.32565212249756,267400,no_news,0.0,Not Recession,no_anomaly,0
1995-02-06,11.25,13.0,11.25,12.75,10.119322776794434,369400,no_news,0.0,Not Recession,no_anomaly,0
1995-02-03,10.5,12.0,10.25,11.25,8.928811073303223,541500,no_news,0.0,Not Recession,no_anomaly,0
1995-02-02,9.5,10.5,9.0,10.0,7.936727523803711,1789900,no_news,0.0,Not Recession,no_anomaly,0
